<?xml version="1.0" encoding="utf-8"?><gpx creator="Garmin Desktop App" version="1.1" xsi:schemaLocation="http://www.topografix.com/GPX/1/1 http://www.topografix.com/GPX/1/1/gpx.xsd http://www.garmin.com/xmlschemas/WaypointExtension/v1 http://www8.garmin.com/xmlschemas/WaypointExtensionv1.xsd http://www.garmin.com/xmlschemas/TrackPointExtension/v1 http://www.garmin.com/xmlschemas/TrackPointExtensionv1.xsd http://www.garmin.com/xmlschemas/GpxExtensions/v3 http://www8.garmin.com/xmlschemas/GpxExtensionsv3.xsd http://www.garmin.com/xmlschemas/ActivityExtension/v1 http://www8.garmin.com/xmlschemas/ActivityExtensionv1.xsd http://www.garmin.com/xmlschemas/AdventuresExtensions/v1 http://www8.garmin.com/xmlschemas/AdventuresExtensionv1.xsd http://www.garmin.com/xmlschemas/PressureExtension/v1 http://www.garmin.com/xmlschemas/PressureExtensionv1.xsd http://www.garmin.com/xmlschemas/TripExtensions/v1 http://www.garmin.com/xmlschemas/TripExtensionsv1.xsd http://www.garmin.com/xmlschemas/TripMetaDataExtensions/v1 http://www.garmin.com/xmlschemas/TripMetaDataExtensionsv1.xsd http://www.garmin.com/xmlschemas/ViaPointTransportationModeExtensions/v1 http://www.garmin.com/xmlschemas/ViaPointTransportationModeExtensionsv1.xsd http://www.garmin.com/xmlschemas/CreationTimeExtension/v1 http://www.garmin.com/xmlschemas/CreationTimeExtensionsv1.xsd http://www.garmin.com/xmlschemas/AccelerationExtension/v1 http://www.garmin.com/xmlschemas/AccelerationExtensionv1.xsd http://www.garmin.com/xmlschemas/PowerExtension/v1 http://www.garmin.com/xmlschemas/PowerExtensionv1.xsd http://www.garmin.com/xmlschemas/VideoExtension/v1 http://www.garmin.com/xmlschemas/VideoExtensionv1.xsd" xmlns="http://www.topografix.com/GPX/1/1" xmlns:xsi="http://www.w3.org/2001/XMLSchema-instance" xmlns:wptx1="http://www.garmin.com/xmlschemas/WaypointExtension/v1" xmlns:gpxtrx="http://www.garmin.com/xmlschemas/GpxExtensions/v3" xmlns:gpxtpx="http://www.garmin.com/xmlschemas/TrackPointExtension/v1" xmlns:gpxx="http://www.garmin.com/xmlschemas/GpxExtensions/v3" xmlns:trp="http://www.garmin.com/xmlschemas/TripExtensions/v1" xmlns:adv="http://www.garmin.com/xmlschemas/AdventuresExtensions/v1" xmlns:prs="http://www.garmin.com/xmlschemas/PressureExtension/v1" xmlns:tmd="http://www.garmin.com/xmlschemas/TripMetaDataExtensions/v1" xmlns:vptm="http://www.garmin.com/xmlschemas/ViaPointTransportationModeExtensions/v1" xmlns:ctx="http://www.garmin.com/xmlschemas/CreationTimeExtension/v1" xmlns:gpxacc="http://www.garmin.com/xmlschemas/AccelerationExtension/v1" xmlns:gpxpx="http://www.garmin.com/xmlschemas/PowerExtension/v1" xmlns:vidx1="http://www.garmin.com/xmlschemas/VideoExtension/v1">

  <metadata>
    <link href="http://www.garmin.com">
      <text>Garmin International</text>
    </link>
    <time>2026-06-04T14:56:26Z</time>
    <bounds maxlat="-26.035190960392356" maxlon="27.749317986890674" minlat="-34.080632971599698" minlon="23.063396997749805" />
  </metadata>

  <trk>
    <name>Zengen2NiceNe</name>
    <desc>Statistics computed from imported data&lt;br&gt;&lt;br&gt;Monday, June 1, 2026, 2:43 PM SAST&lt;br&gt;Distance: 108.0 miles&lt;br&gt;Duration: -11 minutes and -13 seconds&lt;br&gt;Average Speed: -0.0 mph&lt;br&gt;Minimum Elevation: 4837 feet&lt;br&gt;Maximum Elevation: 5611 feet&lt;br&gt;Total climb: 968 feet&lt;br&gt;Total descent: 1155 feet</desc>
    <extensions>
      <gpxx:TrackExtension>
        <gpxx:DisplayColor>Red</gpxx:DisplayColor>
      </gpxx:TrackExtension>
    </extensions>
    <trkseg>
      <trkpt lat="-26.03530696593225" lon="27.738814037293196">
        <ele>1531.5863079999999</ele>
      </trkpt>
      <trkpt lat="-26.035190960392356" lon="27.738984022289515">
        <ele>1531.5863079999999</ele>
      </trkpt>
      <trkpt lat="-26.037534959614277" lon="27.74110296741128">
        <ele>1547.635372</ele>
      </trkpt>
      <trkpt lat="-26.038681017234921" lon="27.741821967065334">
        <ele>1556.57545</ele>
      </trkpt>
      <trkpt lat="-26.039831014350057" lon="27.742386991158128">
        <ele>1563.052236</ele>
      </trkpt>
      <trkpt lat="-26.042915973812342" lon="27.744665024802089">
        <ele>1583.563259</ele>
      </trkpt>
      <trkpt lat="-26.04405197314918" lon="27.746209977194667">
        <ele>1591.0286590000001</ele>
      </trkpt>
      <trkpt lat="-26.044853031635284" lon="27.749317986890674">
        <ele>1597.8230410000001</ele>
      </trkpt>
      <trkpt lat="-26.047006007283926" lon="27.749055968597531">
        <ele>1597.7906049999999</ele>
      </trkpt>
      <trkpt lat="-26.047541024163365" lon="27.747573964297771">
        <ele>1592.7244459999999</ele>
      </trkpt>
      <trkpt lat="-26.04635096155107" lon="27.74219797924161">
        <ele>1565.6238169999999</ele>
      </trkpt>
      <trkpt lat="-26.046554977074265" lon="27.740574991330504">
        <ele>1559.4467050000001</ele>
      </trkpt>
      <trkpt lat="-26.047430969774723" lon="27.736643962562084">
        <ele>1544.599005</ele>
      </trkpt>
      <trkpt lat="-26.048899982124567" lon="27.733376026153564">
        <ele>1532.6010490000001</ele>
      </trkpt>
      <trkpt lat="-26.050140000879765" lon="27.730461973696947">
        <ele>1518.3542540000001</ele>
      </trkpt>
      <trkpt lat="-26.051468029618263" lon="27.728704959154129">
        <ele>1507.918326</ele>
      </trkpt>
      <trkpt lat="-26.052285013720393" lon="27.727099992334843">
        <ele>1503.4512540000001</ele>
      </trkpt>
      <trkpt lat="-26.055453037843108" lon="27.724880967289209">
        <ele>1509.404704</ele>
      </trkpt>
      <trkpt lat="-26.056473031640053" lon="27.724746018648148">
        <ele>1513.3118340000001</ele>
      </trkpt>
      <trkpt lat="-26.05711399577558" lon="27.724082004278898">
        <ele>1515.5900329999999</ele>
      </trkpt>
      <trkpt lat="-26.058978969231248" lon="27.722492963075638">
        <ele>1519.4527</ele>
      </trkpt>
      <trkpt lat="-26.060539009049535" lon="27.72279404103756">
        <ele>1530.616522</ele>
      </trkpt>
      <trkpt lat="-26.061215009540319" lon="27.723516980186105">
        <ele>1537.0231879999999</ele>
      </trkpt>
      <trkpt lat="-26.061939960345626" lon="27.723872037604451">
        <ele>1542.622621</ele>
      </trkpt>
      <trkpt lat="-26.062391996383667" lon="27.724396996200085">
        <ele>1546.076924</ele>
      </trkpt>
      <trkpt lat="-26.062530968338251" lon="27.725588986650109">
        <ele>1551.267826</ele>
      </trkpt>
      <trkpt lat="-26.063906019553542" lon="27.726518958806992">
        <ele>1549.01404</ele>
      </trkpt>
      <trkpt lat="-26.064080027863383" lon="27.725486978888512">
        <ele>1543.945029</ele>
      </trkpt>
      <trkpt lat="-26.064560981467366" lon="27.724903011694551">
        <ele>1538.5161900000001</ele>
      </trkpt>
      <trkpt lat="-26.064840015023947" lon="27.72348303347826">
        <ele>1530.9224670000001</ele>
      </trkpt>
      <trkpt lat="-26.066357977688313" lon="27.720896964892745">
        <ele>1529.141703</ele>
      </trkpt>
      <trkpt lat="-26.076460015028715" lon="27.725794008001685">
        <ele>1600.1342649999999</ele>
      </trkpt>
      <trkpt lat="-26.076504020020366" lon="27.726405970752239">
        <ele>1603.8720269999999</ele>
      </trkpt>
      <trkpt lat="-26.076939962804317" lon="27.729579024016857">
        <ele>1622.9556279999999</ele>
      </trkpt>
      <trkpt lat="-26.076699988916516" lon="27.730812001973391">
        <ele>1630.754889</ele>
      </trkpt>
      <trkpt lat="-26.07782400213182" lon="27.730156034231186">
        <ele>1641.9678249999999</ele>
      </trkpt>
      <trkpt lat="-26.077970014885068" lon="27.729634009301662">
        <ele>1646.840976</ele>
      </trkpt>
      <trkpt lat="-26.077992981299758" lon="27.729596961289644">
        <ele>1647.237306</ele>
      </trkpt>
      <trkpt lat="-26.078745005652308" lon="27.731685983017087">
        <ele>1662.863431</ele>
      </trkpt>
      <trkpt lat="-26.078687002882361" lon="27.732543032616377">
        <ele>1667.0136150000001</ele>
      </trkpt>
      <trkpt lat="-26.07954103499651" lon="27.731639966368675">
        <ele>1673.077671</ele>
      </trkpt>
      <trkpt lat="-26.080237990245223" lon="27.731801988556981">
        <ele>1675.905131</ele>
      </trkpt>
      <trkpt lat="-26.081211967393756" lon="27.73248796351254">
        <ele>1679.968856</ele>
      </trkpt>
      <trkpt lat="-26.081721000373363" lon="27.731624040752649">
        <ele>1682.522101</ele>
      </trkpt>
      <trkpt lat="-26.082033980637789" lon="27.731624040752649">
        <ele>1683.4816290000001</ele>
      </trkpt>
      <trkpt lat="-26.083823014050722" lon="27.732913009822369">
        <ele>1687.3118420000001</ele>
      </trkpt>
      <trkpt lat="-26.08504300005734" lon="27.733364962041378">
        <ele>1687.8549009999999</ele>
      </trkpt>
      <trkpt lat="-26.089436039328575" lon="27.732008015736938">
        <ele>1685.3802700000001</ele>
      </trkpt>
      <trkpt lat="-26.090275989845395" lon="27.732298029586673">
        <ele>1687.52566</ele>
      </trkpt>
      <trkpt lat="-26.09101502224803" lon="27.733250968158245">
        <ele>1692.2157130000001</ele>
      </trkpt>
      <trkpt lat="-26.091885985806584" lon="27.732813013717532">
        <ele>1696.8748639999999</ele>
      </trkpt>
      <trkpt lat="-26.092976974323392" lon="27.732443958520889">
        <ele>1701.163339</ele>
      </trkpt>
      <trkpt lat="-26.095220977440476" lon="27.732450999319553">
        <ele>1706.76908</ele>
      </trkpt>
      <trkpt lat="-26.098827039822936" lon="27.733320035040379">
        <ele>1710.6986770000001</ele>
      </trkpt>
      <trkpt lat="-26.098776999861002" lon="27.734990967437625">
        <ele>1709.5493959999999</ele>
      </trkpt>
      <trkpt lat="-26.099498011171818" lon="27.736556958407164">
        <ele>1708.803224</ele>
      </trkpt>
      <trkpt lat="-26.101944018155336" lon="27.738008033484221">
        <ele>1708.6212820000001</ele>
      </trkpt>
      <trkpt lat="-26.101972013711929" lon="27.73796402849257">
        <ele>1708.6212820000001</ele>
      </trkpt>
      <trkpt lat="-26.101485025137663" lon="27.745567001402378">
        <ele>1695.294339</ele>
      </trkpt>
      <trkpt lat="-26.103222006931901" lon="27.746143005788326">
        <ele>1701.0887680000001</ele>
      </trkpt>
      <trkpt lat="-26.107906987890601" lon="27.746050972491503">
        <ele>1726.2749240000001</ele>
      </trkpt>
      <trkpt lat="-26.110372021794319" lon="27.745353011414409">
        <ele>1739.429985</ele>
      </trkpt>
      <trkpt lat="-26.110409991815686" lon="27.744883960112929">
        <ele>1739.9776690000001</ele>
      </trkpt>
      <trkpt lat="-26.11058902926743" lon="27.743788026273251">
        <ele>1740.0826039999999</ele>
      </trkpt>
      <trkpt lat="-26.11151497811079" lon="27.739686006680131">
        <ele>1732.9076279999999</ele>
      </trkpt>
      <trkpt lat="-26.112955994904041" lon="27.737126005813479">
        <ele>1720.1965439999999</ele>
      </trkpt>
      <trkpt lat="-26.113531999289989" lon="27.735094986855984">
        <ele>1710.5461740000001</ele>
      </trkpt>
      <trkpt lat="-26.114654000848532" lon="27.732797004282475">
        <ele>1706.9405429999999</ele>
      </trkpt>
      <trkpt lat="-26.117017026990652" lon="27.731144009158015">
        <ele>1708.452565</ele>
      </trkpt>
      <trkpt lat="-26.118006007745862" lon="27.729334020987153">
        <ele>1705.8283060000001</ele>
      </trkpt>
      <trkpt lat="-26.121724974364042" lon="27.727132011204958">
        <ele>1701.0713989999999</ele>
      </trkpt>
      <trkpt lat="-26.123477965593338" lon="27.725093029439449">
        <ele>1700.8921680000001</ele>
      </trkpt>
      <trkpt lat="-26.124531989917159" lon="27.725200988352299">
        <ele>1703.2007739999999</ele>
      </trkpt>
      <trkpt lat="-26.12468303181231" lon="27.725237030535936">
        <ele>1703.520317</ele>
      </trkpt>
      <trkpt lat="-26.125600012019277" lon="27.72479597479105">
        <ele>1706.114051</ele>
      </trkpt>
      <trkpt lat="-26.127382004633546" lon="27.724532028660178">
        <ele>1711.056274</ele>
      </trkpt>
      <trkpt lat="-26.127684004604816" lon="27.725529978051782">
        <ele>1713.757838</ele>
      </trkpt>
      <trkpt lat="-26.128019029274583" lon="27.72565403021872">
        <ele>1713.9228700000001</ele>
      </trkpt>
      <trkpt lat="-26.129352003335953" lon="27.724884990602732">
        <ele>1713.9116919999999</ele>
      </trkpt>
      <trkpt lat="-26.130597973242402" lon="27.724216030910611">
        <ele>1711.4629279999999</ele>
      </trkpt>
      <trkpt lat="-26.131138019263744" lon="27.72320500575006">
        <ele>1711.233013</ele>
      </trkpt>
      <trkpt lat="-26.13334396854043" lon="27.720920015126467">
        <ele>1716.781663</ele>
      </trkpt>
      <trkpt lat="-26.134267989546061" lon="27.720378041267395">
        <ele>1716.120062</ele>
      </trkpt>
      <trkpt lat="-26.134149972349405" lon="27.719523003324866">
        <ele>1715.4850080000001</ele>
      </trkpt>
      <trkpt lat="-26.137363007292151" lon="27.717209011316299">
        <ele>1712.778779</ele>
      </trkpt>
      <trkpt lat="-26.142364991828799" lon="27.715803030878305">
        <ele>1716.8884579999999</ele>
      </trkpt>
      <trkpt lat="-26.143685979768634" lon="27.715652994811535">
        <ele>1717.41084</ele>
      </trkpt>
      <trkpt lat="-26.148008024320006" lon="27.717028968036175">
        <ele>1722.189764</ele>
      </trkpt>
      <trkpt lat="-26.149613996967673" lon="27.716873986646533">
        <ele>1723.8720040000001</ele>
      </trkpt>
      <trkpt lat="-26.151556000113487" lon="27.716712970286608">
        <ele>1725.226713</ele>
      </trkpt>
      <trkpt lat="-26.154343988746405" lon="27.717198031023145">
        <ele>1727.622484</ele>
      </trkpt>
      <trkpt lat="-26.1553889606148" lon="27.717125024646521">
        <ele>1727.0557940000001</ele>
      </trkpt>
      <trkpt lat="-26.158742979168892" lon="27.71302099339664">
        <ele>1724.8871059999999</ele>
      </trkpt>
      <trkpt lat="-26.159933963790536" lon="27.712103007361293">
        <ele>1724.987903</ele>
      </trkpt>
      <trkpt lat="-26.161418985575438" lon="27.711491966620088">
        <ele>1724.3512479999999</ele>
      </trkpt>
      <trkpt lat="-26.163068041205406" lon="27.709914995357394">
        <ele>1722.2223469999999</ele>
      </trkpt>
      <trkpt lat="-26.168429022654891" lon="27.703706016764045">
        <ele>1716.1080380000001</ele>
      </trkpt>
      <trkpt lat="-26.173840966075659" lon="27.695366023108363">
        <ele>1695.7737520000001</ele>
      </trkpt>
      <trkpt lat="-26.175335962325335" lon="27.693924000486732">
        <ele>1692.6382530000001</ele>
      </trkpt>
      <trkpt lat="-26.176802963018417" lon="27.693325029686093">
        <ele>1691.94382</ele>
      </trkpt>
      <trkpt lat="-26.17706498131156" lon="27.692873999476433">
        <ele>1691.7714989999999</ele>
      </trkpt>
      <trkpt lat="-26.17678502574563" lon="27.692027008160949">
        <ele>1691.5431530000001</ele>
      </trkpt>
      <trkpt lat="-26.178273987025023" lon="27.691393001005054">
        <ele>1691.541393</ele>
      </trkpt>
      <trkpt lat="-26.180544979870319" lon="27.687536990270019">
        <ele>1694.6216810000001</ele>
      </trkpt>
      <trkpt lat="-26.183678973466158" lon="27.686239974573255">
        <ele>1697.7275930000001</ele>
      </trkpt>
      <trkpt lat="-26.183527009561658" lon="27.685192991048098">
        <ele>1698.1005600000001</ele>
      </trkpt>
      <trkpt lat="-26.18447701446712" lon="27.684269975870848">
        <ele>1698.9207939999999</ele>
      </trkpt>
      <trkpt lat="-26.187193002551794" lon="27.679894035682082">
        <ele>1708.39778</ele>
      </trkpt>
      <trkpt lat="-26.187968999147415" lon="27.678649993613362">
        <ele>1710.574895</ele>
      </trkpt>
      <trkpt lat="-26.192078981548548" lon="27.672038013115525">
        <ele>1713.0811759999999</ele>
      </trkpt>
      <trkpt lat="-26.197026986628771" lon="27.664094986394048">
        <ele>1703.149026</ele>
      </trkpt>
      <trkpt lat="-26.198874022811651" lon="27.662603007629514">
        <ele>1697.2826930000001</ele>
      </trkpt>
      <trkpt lat="-26.20166502892971" lon="27.660900978371501">
        <ele>1687.334924</ele>
      </trkpt>
      <trkpt lat="-26.204840010032058" lon="27.660043006762862">
        <ele>1691.1092100000001</ele>
      </trkpt>
      <trkpt lat="-26.205857992172241" lon="27.658299989998341">
        <ele>1696.7106960000001</ele>
      </trkpt>
      <trkpt lat="-26.207583993673325" lon="27.656146008521318">
        <ele>1700.748462</ele>
      </trkpt>
      <trkpt lat="-26.209218967705965" lon="27.654055980965495">
        <ele>1701.7930899999999</ele>
      </trkpt>
      <trkpt lat="-26.209285017102957" lon="27.65350503847003">
        <ele>1702.0317480000001</ele>
      </trkpt>
      <trkpt lat="-26.207606960088015" lon="27.652008030563593">
        <ele>1704.931558</ele>
      </trkpt>
      <trkpt lat="-26.207603020593524" lon="27.65105701982975">
        <ele>1706.146892</ele>
      </trkpt>
      <trkpt lat="-26.207538982853293" lon="27.647651033475995">
        <ele>1708.282346</ele>
      </trkpt>
      <trkpt lat="-26.208558976650238" lon="27.647425979375839">
        <ele>1708.1069930000001</ele>
      </trkpt>
      <trkpt lat="-26.212095972150564" lon="27.642804030328989">
        <ele>1709.45812</ele>
      </trkpt>
      <trkpt lat="-26.21571796014905" lon="27.638233965262771">
        <ele>1708.443888</ele>
      </trkpt>
      <trkpt lat="-26.215273970738053" lon="27.636131029576063">
        <ele>1709.2322280000001</ele>
      </trkpt>
      <trkpt lat="-26.215190989896655" lon="27.635870017111301">
        <ele>1709.144845</ele>
      </trkpt>
      <trkpt lat="-26.218304028734565" lon="27.631128039211035">
        <ele>1706.6781209999999</ele>
      </trkpt>
      <trkpt lat="-26.236046003177762" lon="27.604088019579649">
        <ele>1672.769534</ele>
      </trkpt>
      <trkpt lat="-26.239682994782925" lon="27.604225985705853">
        <ele>1668.3677459999999</ele>
      </trkpt>
      <trkpt lat="-26.239897990599275" lon="27.604535026475787">
        <ele>1667.370858</ele>
      </trkpt>
      <trkpt lat="-26.253007035702467" lon="27.589690005406737">
        <ele>1601.1637450000001</ele>
      </trkpt>
      <trkpt lat="-26.255996022373438" lon="27.587607018649578">
        <ele>1603.43064</ele>
      </trkpt>
      <trkpt lat="-26.257292032241821" lon="27.589831994846463">
        <ele>1600.6381759999999</ele>
      </trkpt>
      <trkpt lat="-26.263103960081935" lon="27.59162899106741">
        <ele>1597.1696609999999</ele>
      </trkpt>
      <trkpt lat="-26.265801005065441" lon="27.590846037492156">
        <ele>1596.0898549999999</ele>
      </trkpt>
      <trkpt lat="-26.266977991908789" lon="27.590696001425385">
        <ele>1594.740945</ele>
      </trkpt>
      <trkpt lat="-26.26848497428" lon="27.592410016804934">
        <ele>1592.0129079999999</ele>
      </trkpt>
      <trkpt lat="-26.288521997630596" lon="27.586221992969513">
        <ele>1579.2167939999999</ele>
      </trkpt>
      <trkpt lat="-26.290146997198462" lon="27.585155982524157">
        <ele>1580.6209269999999</ele>
      </trkpt>
      <trkpt lat="-26.290948977693915" lon="27.583781015127897">
        <ele>1581.946314</ele>
      </trkpt>
      <trkpt lat="-26.291363965719938" lon="27.582050990313292">
        <ele>1581.223692</ele>
      </trkpt>
      <trkpt lat="-26.291979029774666" lon="27.572435019537807">
        <ele>1567.8393550000001</ele>
      </trkpt>
      <trkpt lat="-26.293845009058714" lon="27.562441024929285">
        <ele>1557.1032809999999</ele>
      </trkpt>
      <trkpt lat="-26.294572977349162" lon="27.560545038431883">
        <ele>1555.4317820000001</ele>
      </trkpt>
      <trkpt lat="-26.299714017659426" lon="27.552579967305064">
        <ele>1544.8062199999999</ele>
      </trkpt>
      <trkpt lat="-26.300307037308812" lon="27.548491023480892">
        <ele>1541.0193099999999</ele>
      </trkpt>
      <trkpt lat="-26.300520021468401" lon="27.545570014044642">
        <ele>1537.4660839999999</ele>
      </trkpt>
      <trkpt lat="-26.300385994836688" lon="27.545203976333141">
        <ele>1537.014934</ele>
      </trkpt>
      <trkpt lat="-26.303195022046566" lon="27.540763998404145">
        <ele>1533.9069219999999</ele>
      </trkpt>
      <trkpt lat="-26.30410797894001" lon="27.539095999673009">
        <ele>1532.2220830000001</ele>
      </trkpt>
      <trkpt lat="-26.304163970053196" lon="27.538178013637662">
        <ele>1531.4823329999999</ele>
      </trkpt>
      <trkpt lat="-26.304704016074538" lon="27.537075961008668">
        <ele>1530.9206879999999</ele>
      </trkpt>
      <trkpt lat="-26.304760007187724" lon="27.535393964499235">
        <ele>1530.606493</ele>
      </trkpt>
      <trkpt lat="-26.304208980873227" lon="27.535692024976015">
        <ele>1530.5541270000001</ele>
      </trkpt>
      <trkpt lat="-26.303646974265575" lon="27.53598396666348">
        <ele>1530.506153</ele>
      </trkpt>
      <trkpt lat="-26.303373975679278" lon="27.535791015252471">
        <ele>1530.388379</ele>
      </trkpt>
      <trkpt lat="-26.304886993020773" lon="27.534655015915632">
        <ele>1529.8734159999999</ele>
      </trkpt>
      <trkpt lat="-26.305077010765672" lon="27.53187800757587">
        <ele>1530.95382</ele>
      </trkpt>
      <trkpt lat="-26.305164014920592" lon="27.530029965564609">
        <ele>1530.632314</ele>
      </trkpt>
      <trkpt lat="-26.305532986298203" lon="27.525206012651324">
        <ele>1521.7206759999999</ele>
      </trkpt>
      <trkpt lat="-26.313149034976959" lon="27.508154958486557">
        <ele>1524.006392</ele>
      </trkpt>
      <trkpt lat="-26.313237966969609" lon="27.507057012990117">
        <ele>1523.8603579999999</ele>
      </trkpt>
      <trkpt lat="-26.313425973057747" lon="27.506673960015178">
        <ele>1523.770559</ele>
      </trkpt>
      <trkpt lat="-26.313960989937186" lon="27.506463993340731">
        <ele>1523.634902</ele>
      </trkpt>
      <trkpt lat="-26.314249997958541" lon="27.50585999339819">
        <ele>1523.49082</ele>
      </trkpt>
      <trkpt lat="-26.315349033102393" lon="27.503424966707826">
        <ele>1522.799681</ele>
      </trkpt>
      <trkpt lat="-26.324679013341665" lon="27.482342971488833">
        <ele>1522.8103369999999</ele>
      </trkpt>
      <trkpt lat="-26.324898032471538" lon="27.481636963784695">
        <ele>1522.663616</ele>
      </trkpt>
      <trkpt lat="-26.325149992480874" lon="27.479895958676934">
        <ele>1522.15534</ele>
      </trkpt>
      <trkpt lat="-26.324928961694241" lon="27.473386991769075">
        <ele>1519.735385</ele>
      </trkpt>
      <trkpt lat="-26.325449980795383" lon="27.469440959393978">
        <ele>1519.1702540000001</ele>
      </trkpt>
      <trkpt lat="-26.325702024623752" lon="27.465284960344434">
        <ele>1517.4700849999999</ele>
      </trkpt>
      <trkpt lat="-26.325882989913225" lon="27.45219100266695">
        <ele>1511.402501</ele>
      </trkpt>
      <trkpt lat="-26.326524037867785" lon="27.449838034808636">
        <ele>1510.3885009999999</ele>
      </trkpt>
      <trkpt lat="-26.328323967754841" lon="27.445806004106998">
        <ele>1508.9896940000001</ele>
      </trkpt>
      <trkpt lat="-26.329102981835604" lon="27.443012986332178">
        <ele>1509.750333</ele>
      </trkpt>
      <trkpt lat="-26.337079033255577" lon="27.410489022731781">
        <ele>1502.5331530000001</ele>
      </trkpt>
      <trkpt lat="-26.339047020301223" lon="27.406773995608091">
        <ele>1503.4839999999999</ele>
      </trkpt>
      <trkpt lat="-26.339861992746592" lon="27.405298026278615">
        <ele>1502.829242</ele>
      </trkpt>
      <trkpt lat="-26.340271029621363" lon="27.405186966061592">
        <ele>1502.8552</ele>
      </trkpt>
      <trkpt lat="-26.341086002066731" lon="27.401561038568616">
        <ele>1504.894783</ele>
      </trkpt>
      <trkpt lat="-26.342724999412894" lon="27.397249974310398">
        <ele>1509.665706</ele>
      </trkpt>
      <trkpt lat="-26.343254987150431" lon="27.395966034382582">
        <ele>1509.3159680000001</ele>
      </trkpt>
      <trkpt lat="-26.345927976071835" lon="27.383597027510405">
        <ele>1504.967662</ele>
      </trkpt>
      <trkpt lat="-26.345105040818453" lon="27.383474987000227">
        <ele>1504.3536610000001</ele>
      </trkpt>
      <trkpt lat="-26.347420960664749" lon="27.372455969452858">
        <ele>1500.2498000000001</ele>
      </trkpt>
      <trkpt lat="-26.347165983170271" lon="27.372357985004783">
        <ele>1500.297204</ele>
      </trkpt>
      <trkpt lat="-26.352946981787682" lon="27.346338964998722">
        <ele>1500.347741</ele>
      </trkpt>
      <trkpt lat="-26.3687779661268" lon="27.308299960568547">
        <ele>1488.4191699999999</ele>
      </trkpt>
      <trkpt lat="-26.369084995239973" lon="27.306575970724225">
        <ele>1486.466469</ele>
      </trkpt>
      <trkpt lat="-26.369809024035931" lon="27.304257033392787">
        <ele>1484.4558750000001</ele>
      </trkpt>
      <trkpt lat="-26.370485024526715" lon="27.303539039567113">
        <ele>1484.1755720000001</ele>
      </trkpt>
      <trkpt lat="-26.370732961222529" lon="27.302903020754457">
        <ele>1483.9915530000001</ele>
      </trkpt>
      <trkpt lat="-26.371158007532358" lon="27.302218973636627">
        <ele>1483.6618350000001</ele>
      </trkpt>
      <trkpt lat="-26.371959988027811" lon="27.301746988669038">
        <ele>1483.1820789999999</ele>
      </trkpt>
      <trkpt lat="-26.375301014631987" lon="27.293706983327866">
        <ele>1479.9172980000001</ele>
      </trkpt>
      <trkpt lat="-26.376026971265674" lon="27.291603041812778">
        <ele>1478.52216</ele>
      </trkpt>
      <trkpt lat="-26.376178013160825" lon="27.289903024211526">
        <ele>1477.518253</ele>
      </trkpt>
      <trkpt lat="-26.376775978133082" lon="27.290242994204164">
        <ele>1477.59149</ele>
      </trkpt>
      <trkpt lat="-26.377357011660933" lon="27.290012994781137">
        <ele>1477.659251</ele>
      </trkpt>
      <trkpt lat="-26.377635961398482" lon="27.289613010361791">
        <ele>1477.6221519999999</ele>
      </trkpt>
      <trkpt lat="-26.383178997784853" lon="27.276860028505325">
        <ele>1476.901713</ele>
      </trkpt>
      <trkpt lat="-26.3825480081141" lon="27.276431964710355">
        <ele>1476.889441</ele>
      </trkpt>
      <trkpt lat="-26.382767027243972" lon="27.275853026658297">
        <ele>1476.852306</ele>
      </trkpt>
      <trkpt lat="-26.385204987600446" lon="27.270236983895302">
        <ele>1471.88246</ele>
      </trkpt>
      <trkpt lat="-26.38676100410521" lon="27.265387969091535">
        <ele>1473.2494589999999</ele>
      </trkpt>
      <trkpt lat="-26.394866975024343" lon="27.242628000676632">
        <ele>1471.8278849999999</ele>
      </trkpt>
      <trkpt lat="-26.395211974158883" lon="27.241878993809223">
        <ele>1471.428056</ele>
      </trkpt>
      <trkpt lat="-26.399301001802087" lon="27.235986012965441">
        <ele>1467.442569</ele>
      </trkpt>
      <trkpt lat="-26.400125026702881" lon="27.234434019774199">
        <ele>1466.219912</ele>
      </trkpt>
      <trkpt lat="-26.410572985187173" lon="27.219509035348892">
        <ele>1467.6251830000001</ele>
      </trkpt>
      <trkpt lat="-26.411214033141732" lon="27.218140019103885">
        <ele>1468.698273</ele>
      </trkpt>
      <trkpt lat="-26.412440976127982" lon="27.213151026517153">
        <ele>1473.3926120000001</ele>
      </trkpt>
      <trkpt lat="-26.413254020735621" lon="27.211429970338941">
        <ele>1474.2230810000001</ele>
      </trkpt>
      <trkpt lat="-26.42231703735888" lon="27.195339985191822">
        <ele>1480.315879</ele>
      </trkpt>
      <trkpt lat="-26.423613969236612" lon="27.193607026711106">
        <ele>1481.672041</ele>
      </trkpt>
      <trkpt lat="-26.424077991396189" lon="27.193115008994937">
        <ele>1481.7383460000001</ele>
      </trkpt>
      <trkpt lat="-26.43772398121655" lon="27.183157978579402">
        <ele>1475.7667160000001</ele>
      </trkpt>
      <trkpt lat="-26.438803989440203" lon="27.182792024686933">
        <ele>1475.1571120000001</ele>
      </trkpt>
      <trkpt lat="-26.44384796731174" lon="27.179360976442695">
        <ele>1472.1176869999999</ele>
      </trkpt>
      <trkpt lat="-26.446538977324963" lon="27.189197978004813">
        <ele>1486.7767220000001</ele>
      </trkpt>
      <trkpt lat="-26.468179961666465" lon="27.169274026528001">
        <ele>1456.612787</ele>
      </trkpt>
      <trkpt lat="-26.469062995165586" lon="27.168054040521383">
        <ele>1455.164258</ele>
      </trkpt>
      <trkpt lat="-26.469899006187916" lon="27.16613600961864">
        <ele>1452.726064</ele>
      </trkpt>
      <trkpt lat="-26.4707269705832" lon="27.164670014753938">
        <ele>1450.2144719999999</ele>
      </trkpt>
      <trkpt lat="-26.471511013805866" lon="27.163860993459821">
        <ele>1447.6834469999999</ele>
      </trkpt>
      <trkpt lat="-26.484528025612235" lon="27.156680971384048">
        <ele>1435.6558150000001</ele>
      </trkpt>
      <trkpt lat="-26.485020965337753" lon="27.156856991350651">
        <ele>1435.5091809999999</ele>
      </trkpt>
      <trkpt lat="-26.493921037763357" lon="27.154129017144442">
        <ele>1432.022442</ele>
      </trkpt>
      <trkpt lat="-26.494477009400725" lon="27.153876973316073">
        <ele>1431.627467</ele>
      </trkpt>
      <trkpt lat="-26.505877990275621" lon="27.147045973688364">
        <ele>1420.517272</ele>
      </trkpt>
      <trkpt lat="-26.512270029634237" lon="27.142379013821483">
        <ele>1421.29178</ele>
      </trkpt>
      <trkpt lat="-26.512416964396834" lon="27.142673972994089">
        <ele>1421.524711</ele>
      </trkpt>
      <trkpt lat="-26.512908982113004" lon="27.142729964107275">
        <ele>1421.9098289999999</ele>
      </trkpt>
      <trkpt lat="-26.518605994060636" lon="27.139695966616273">
        <ele>1426.782874</ele>
      </trkpt>
      <trkpt lat="-26.521402029320598" lon="27.138460977002978">
        <ele>1422.5430409999999</ele>
      </trkpt>
      <trkpt lat="-26.528075030073524" lon="27.134743016213179">
        <ele>1413.364384</ele>
      </trkpt>
      <trkpt lat="-26.530914986506104" lon="27.133855037391186">
        <ele>1410.3604660000001</ele>
      </trkpt>
      <trkpt lat="-26.533860974013805" lon="27.133837016299367">
        <ele>1407.714461</ele>
      </trkpt>
      <trkpt lat="-26.539557985961437" lon="27.135148029774427">
        <ele>1400.4229359999999</ele>
      </trkpt>
      <trkpt lat="-26.541912965476513" lon="27.135527981445193">
        <ele>1403.1244939999999</ele>
      </trkpt>
      <trkpt lat="-26.544071976095438" lon="27.1353480219841">
        <ele>1406.748006</ele>
      </trkpt>
      <trkpt lat="-26.556927971541882" lon="27.131079034879804">
        <ele>1398.760012</ele>
      </trkpt>
      <trkpt lat="-26.557447984814644" lon="27.130826991051435">
        <ele>1399.0903189999999</ele>
      </trkpt>
      <trkpt lat="-26.557391993701458" lon="27.130615012720227">
        <ele>1399.2134779999999</ele>
      </trkpt>
      <trkpt lat="-26.557403979822993" lon="27.130534965544939">
        <ele>1399.2556509999999</ele>
      </trkpt>
      <trkpt lat="-26.55748100951314" lon="27.130500013008714">
        <ele>1399.303964</ele>
      </trkpt>
      <trkpt lat="-26.557985013350844" lon="27.130720037966967">
        <ele>1399.9326100000001</ele>
      </trkpt>
      <trkpt lat="-26.561412960290909" lon="27.129705995321274">
        <ele>1403.4650610000001</ele>
      </trkpt>
      <trkpt lat="-26.562675023451447" lon="27.129268040880561">
        <ele>1404.578469</ele>
      </trkpt>
      <trkpt lat="-26.567583968862891" lon="27.1276980265975">
        <ele>1404.0148489999999</ele>
      </trkpt>
      <trkpt lat="-26.567869037389755" lon="27.127487976104021">
        <ele>1403.947533</ele>
      </trkpt>
      <trkpt lat="-26.581267006695271" lon="27.125311028212309">
        <ele>1404.066118</ele>
      </trkpt>
      <trkpt lat="-26.588063975796103" lon="27.121395003050566">
        <ele>1409.555267</ele>
      </trkpt>
      <trkpt lat="-26.589618986472487" lon="27.120635015890002">
        <ele>1409.072259</ele>
      </trkpt>
      <trkpt lat="-26.615687040612102" lon="27.113495981320739">
        <ele>1381.7176420000001</ele>
      </trkpt>
      <trkpt lat="-26.617035018280149" lon="27.112828027456999">
        <ele>1383.3512370000001</ele>
      </trkpt>
      <trkpt lat="-26.620522979646921" lon="27.110048001632094">
        <ele>1386.580627</ele>
      </trkpt>
      <trkpt lat="-26.624962035566568" lon="27.106476975604892">
        <ele>1382.838047</ele>
      </trkpt>
      <trkpt lat="-26.628175992518663" lon="27.104869997128844">
        <ele>1380.9272100000001</ele>
      </trkpt>
      <trkpt lat="-26.638859985396266" lon="27.103201998397708">
        <ele>1370.022453</ele>
      </trkpt>
      <trkpt lat="-26.640296978875995" lon="27.102543013170362">
        <ele>1369.8655960000001</ele>
      </trkpt>
      <trkpt lat="-26.641718968749046" lon="27.10144498385489">
        <ele>1369.4132239999999</ele>
      </trkpt>
      <trkpt lat="-26.645441958680749" lon="27.097530970349908">
        <ele>1367.4043180000001</ele>
      </trkpt>
      <trkpt lat="-26.64569903165102" lon="27.097761975601315">
        <ele>1367.3571240000001</ele>
      </trkpt>
      <trkpt lat="-26.646018968895078" lon="27.097548991441727">
        <ele>1367.426379</ele>
      </trkpt>
      <trkpt lat="-26.647138958796859" lon="27.104358030483127">
        <ele>1372.7362989999999</ele>
      </trkpt>
      <trkpt lat="-26.649642968550324" lon="27.104458026587963">
        <ele>1372.545282</ele>
      </trkpt>
      <trkpt lat="-26.665758015587926" lon="27.105331001803279">
        <ele>1363.1654920000001</ele>
      </trkpt>
      <trkpt lat="-26.666590003296733" lon="27.105438960716128">
        <ele>1361.9041870000001</ele>
      </trkpt>
      <trkpt lat="-26.673150015994906" lon="27.105984035879374">
        <ele>1351.4316200000001</ele>
      </trkpt>
      <trkpt lat="-26.681270990520716" lon="27.102863034233451">
        <ele>1343.6922340000001</ele>
      </trkpt>
      <trkpt lat="-26.683691013604403" lon="27.101569036021829">
        <ele>1341.041491</ele>
      </trkpt>
      <trkpt lat="-26.685489015653729" lon="27.100002039223909">
        <ele>1340.468525</ele>
      </trkpt>
      <trkpt lat="-26.691475035622716" lon="27.097774967551231">
        <ele>1341.36034</ele>
      </trkpt>
      <trkpt lat="-26.690684035420418" lon="27.086631981655955">
        <ele>1349.667011</ele>
      </trkpt>
      <trkpt lat="-26.6916140075773" lon="27.086549000814557">
        <ele>1350.016003</ele>
      </trkpt>
      <trkpt lat="-26.695112027227879" lon="27.083443002775311">
        <ele>1350.330604</ele>
      </trkpt>
      <trkpt lat="-26.696691010147333" lon="27.082140035927296">
        <ele>1349.996584</ele>
      </trkpt>
      <trkpt lat="-26.701768012717366" lon="27.08155196160078">
        <ele>1347.606037</ele>
      </trkpt>
      <trkpt lat="-26.701572965830564" lon="27.078807977959514">
        <ele>1348.05495</ele>
      </trkpt>
      <trkpt lat="-26.707338038831949" lon="27.077822014689445">
        <ele>1345.649964</ele>
      </trkpt>
      <trkpt lat="-26.708865975961089" lon="27.077583968639374">
        <ele>1347.0928289999999</ele>
      </trkpt>
      <trkpt lat="-26.706840991973877" lon="27.072185017168522">
        <ele>1351.0052250000001</ele>
      </trkpt>
      <trkpt lat="-26.707094963639975" lon="27.07142997533083">
        <ele>1351.3005009999999</ele>
      </trkpt>
      <trkpt lat="-26.70916797593236" lon="27.070094989612699">
        <ele>1352.4192619999999</ele>
      </trkpt>
      <trkpt lat="-26.710688034072518" lon="27.069688970223069">
        <ele>1353.0270419999999</ele>
      </trkpt>
      <trkpt lat="-26.710218982771039" lon="27.064482970163226">
        <ele>1356.0155150000001</ele>
      </trkpt>
      <trkpt lat="-26.712237009778619" lon="27.064320025965571">
        <ele>1357.948482</ele>
      </trkpt>
      <trkpt lat="-26.712210020050406" lon="27.063616029918194">
        <ele>1358.554852</ele>
      </trkpt>
      <trkpt lat="-26.712331976741552" lon="27.063650982454419">
        <ele>1358.6759790000001</ele>
      </trkpt>
      <trkpt lat="-26.713881036266685" lon="27.06350396387279">
        <ele>1359.9548</ele>
      </trkpt>
      <trkpt lat="-26.714713023975492" lon="27.063408996909857">
        <ele>1360.3865310000001</ele>
      </trkpt>
      <trkpt lat="-26.719851968809962" lon="27.062947992235422">
        <ele>1360.6746499999999</ele>
      </trkpt>
      <trkpt lat="-26.723709991201758" lon="27.060910016298294">
        <ele>1361.7848320000001</ele>
      </trkpt>
      <trkpt lat="-26.727736992761493" lon="27.058757040649652">
        <ele>1361.2683259999999</ele>
      </trkpt>
      <trkpt lat="-26.728285001590848" lon="27.058076011016965">
        <ele>1361.669731</ele>
      </trkpt>
      <trkpt lat="-26.728727985173464" lon="27.058353032916784">
        <ele>1361.9402279999999</ele>
      </trkpt>
      <trkpt lat="-26.731181032955647" lon="27.054075999185443">
        <ele>1364.5961580000001</ele>
      </trkpt>
      <trkpt lat="-26.731219002977014" lon="27.053723037242889">
        <ele>1364.39057</ele>
      </trkpt>
      <trkpt lat="-26.731816967949271" lon="27.053518015891314">
        <ele>1364.023148</ele>
      </trkpt>
      <trkpt lat="-26.733536012470722" lon="27.053940966725349">
        <ele>1361.8726919999999</ele>
      </trkpt>
      <trkpt lat="-26.734309997409582" lon="27.052272967994213">
        <ele>1360.5931929999999</ele>
      </trkpt>
      <trkpt lat="-26.735376007854939" lon="27.052194010466337">
        <ele>1359.910187</ele>
      </trkpt>
      <trkpt lat="-26.735965004190803" lon="27.052636994048953">
        <ele>1359.439089</ele>
      </trkpt>
      <trkpt lat="-26.735882023349404" lon="27.052786024287343">
        <ele>1359.3349599999999</ele>
      </trkpt>
      <trkpt lat="-26.73660596832633" lon="27.053050976246595">
        <ele>1359.1215709999999</ele>
      </trkpt>
      <trkpt lat="-26.739652035757899" lon="27.047468964010477">
        <ele>1359.2645849999999</ele>
      </trkpt>
      <trkpt lat="-26.743278969079256" lon="27.038672994822264">
        <ele>1354.7288490000001</ele>
      </trkpt>
      <trkpt lat="-26.745668984949589" lon="27.03415397554636">
        <ele>1351.7691970000001</ele>
      </trkpt>
      <trkpt lat="-26.746009038761258" lon="27.033495996147394">
        <ele>1352.141429</ele>
      </trkpt>
      <trkpt lat="-26.745535964146256" lon="27.03314202837646">
        <ele>1352.5563790000001</ele>
      </trkpt>
      <trkpt lat="-26.747580980882049" lon="27.029565973207355">
        <ele>1357.815024</ele>
      </trkpt>
      <trkpt lat="-26.74970998428762" lon="27.026033001020551">
        <ele>1368.7460149999999</ele>
      </trkpt>
      <trkpt lat="-26.750943968072534" lon="27.023868961259723">
        <ele>1370.420541</ele>
      </trkpt>
      <trkpt lat="-26.755068032070994" lon="27.01627898029983">
        <ele>1374.0579270000001</ele>
      </trkpt>
      <trkpt lat="-26.755827013403177" lon="27.013674974441528">
        <ele>1377.6230740000001</ele>
      </trkpt>
      <trkpt lat="-26.755948970094323" lon="27.012193975970149">
        <ele>1379.710761</ele>
      </trkpt>
      <trkpt lat="-26.755959028378129" lon="27.010564031079412">
        <ele>1381.609303</ele>
      </trkpt>
      <trkpt lat="-26.755799017846584" lon="27.002710020169616">
        <ele>1388.273095</ele>
      </trkpt>
      <trkpt lat="-26.756105963140726" lon="26.999159026890993">
        <ele>1392.2355700000001</ele>
      </trkpt>
      <trkpt lat="-26.756495973095298" lon="26.997567974030972">
        <ele>1393.6644349999999</ele>
      </trkpt>
      <trkpt lat="-26.757130986079574" lon="26.995723033323884">
        <ele>1394.7361390000001</ele>
      </trkpt>
      <trkpt lat="-26.76148496568203" lon="26.981357038021088">
        <ele>1384.8020650000001</ele>
      </trkpt>
      <trkpt lat="-26.763328984379768" lon="26.978664016351104">
        <ele>1379.0673569999999</ele>
      </trkpt>
      <trkpt lat="-26.770517975091934" lon="26.970840012654662">
        <ele>1365.8779010000001</ele>
      </trkpt>
      <trkpt lat="-26.771131027489901" lon="26.969844996929169">
        <ele>1364.0536970000001</ele>
      </trkpt>
      <trkpt lat="-26.772582018747926" lon="26.964569007977843">
        <ele>1357.7003010000001</ele>
      </trkpt>
      <trkpt lat="-26.773131033405662" lon="26.963421022519469">
        <ele>1357.2830280000001</ele>
      </trkpt>
      <trkpt lat="-26.781842010095716" lon="26.949358033016324">
        <ele>1362.0146299999999</ele>
      </trkpt>
      <trkpt lat="-26.782799977809191" lon="26.947061978280544">
        <ele>1361.1621299999999</ele>
      </trkpt>
      <trkpt lat="-26.791469966992736" lon="26.926372004672885">
        <ele>1339.723819</ele>
      </trkpt>
      <trkpt lat="-26.793139977380633" lon="26.921758018434048">
        <ele>1340.489139</ele>
      </trkpt>
      <trkpt lat="-26.793650016188622" lon="26.921296007931232">
        <ele>1340.0086940000001</ele>
      </trkpt>
      <trkpt lat="-26.796872019767761" lon="26.914298962801695">
        <ele>1343.1637049999999</ele>
      </trkpt>
      <trkpt lat="-26.801829999312758" lon="26.907349023967981">
        <ele>1352.8944429999999</ele>
      </trkpt>
      <trkpt lat="-26.8029710277915" lon="26.906140018254519">
        <ele>1354.894417</ele>
      </trkpt>
      <trkpt lat="-26.806122036650777" lon="26.904012020677328">
        <ele>1359.730898</ele>
      </trkpt>
      <trkpt lat="-26.807262981310487" lon="26.903134016320109">
        <ele>1361.0973200000001</ele>
      </trkpt>
      <trkpt lat="-26.808340977877378" lon="26.901977984234691">
        <ele>1362.131541</ele>
      </trkpt>
      <trkpt lat="-26.810961998999119" lon="26.897905971854925">
        <ele>1365.837951</ele>
      </trkpt>
      <trkpt lat="-26.807695990428329" lon="26.897432981058955">
        <ele>1369.850899</ele>
      </trkpt>
      <trkpt lat="-26.807578979060054" lon="26.897230977192521">
        <ele>1369.746566</ele>
      </trkpt>
      <trkpt lat="-26.814348036423326" lon="26.89748696051538">
        <ele>1364.224369</ele>
      </trkpt>
      <trkpt lat="-26.812841976061463" lon="26.897265007719398">
        <ele>1365.3294639999999</ele>
      </trkpt>
      <trkpt lat="-26.812589010223746" lon="26.896197991445661">
        <ele>1365.9173089999999</ele>
      </trkpt>
      <trkpt lat="-26.812310982495546" lon="26.896050972864032">
        <ele>1366.0723069999999</ele>
      </trkpt>
      <trkpt lat="-26.81257501244545" lon="26.895588040351868">
        <ele>1366.3158820000001</ele>
      </trkpt>
      <trkpt lat="-26.812923029065132" lon="26.894903993234038">
        <ele>1366.5184609999999</ele>
      </trkpt>
      <trkpt lat="-26.813426027074456" lon="26.893611000850797">
        <ele>1366.6811600000001</ele>
      </trkpt>
      <trkpt lat="-26.816423982381821" lon="26.881874995306134">
        <ele>1362.0153909999999</ele>
      </trkpt>
      <trkpt lat="-26.816208986565471" lon="26.881603002548218">
        <ele>1362.0887560000001</ele>
      </trkpt>
      <trkpt lat="-26.815997008234262" lon="26.876000035554171">
        <ele>1360.8587399999999</ele>
      </trkpt>
      <trkpt lat="-26.815620996057987" lon="26.871771030128002">
        <ele>1356.8767310000001</ele>
      </trkpt>
      <trkpt lat="-26.816391041502357" lon="26.870039999485016">
        <ele>1354.6813059999999</ele>
      </trkpt>
      <trkpt lat="-26.816811980679631" lon="26.86987797729671">
        <ele>1354.34978</ele>
      </trkpt>
      <trkpt lat="-26.817028988152742" lon="26.870228005573153">
        <ele>1354.057249</ele>
      </trkpt>
      <trkpt lat="-26.817400977015495" lon="26.870389021933079">
        <ele>1353.729306</ele>
      </trkpt>
      <trkpt lat="-26.817923001945019" lon="26.869843024760485">
        <ele>1352.9298080000001</ele>
      </trkpt>
      <trkpt lat="-26.818072032183409" lon="26.869128970429301">
        <ele>1352.0536870000001</ele>
      </trkpt>
      <trkpt lat="-26.819674987345934" lon="26.867858022451401">
        <ele>1349.9789249999999</ele>
      </trkpt>
      <trkpt lat="-26.82157700881362" lon="26.866716993972659">
        <ele>1348.5407479999999</ele>
      </trkpt>
      <trkpt lat="-26.823418010026217" lon="26.865304978564382">
        <ele>1345.057415</ele>
      </trkpt>
      <trkpt lat="-26.823969958350062" lon="26.864406019449234">
        <ele>1342.7536709999999</ele>
      </trkpt>
      <trkpt lat="-26.823714980855584" lon="26.863557016476989">
        <ele>1340.8815039999999</ele>
      </trkpt>
      <trkpt lat="-26.824723994359374" lon="26.862463010475039">
        <ele>1337.5724600000001</ele>
      </trkpt>
      <trkpt lat="-26.826053028926253" lon="26.85767401009798">
        <ele>1332.102177</ele>
      </trkpt>
      <trkpt lat="-26.82662702165544" lon="26.856853002682328">
        <ele>1331.940112</ele>
      </trkpt>
      <trkpt lat="-26.828340031206608" lon="26.848427010700107">
        <ele>1333.5814459999999</ele>
      </trkpt>
      <trkpt lat="-26.834110971540213" lon="26.827031029388309">
        <ele>1325.506515</ele>
      </trkpt>
      <trkpt lat="-26.834246004000306" lon="26.825738037005067">
        <ele>1325.712571</ele>
      </trkpt>
      <trkpt lat="-26.834717988967896" lon="26.825071005150676">
        <ele>1326.024844</ele>
      </trkpt>
      <trkpt lat="-26.835473030805588" lon="26.822928003966808">
        <ele>1326.9481949999999</ele>
      </trkpt>
      <trkpt lat="-26.836190018802881" lon="26.821802984923124">
        <ele>1328.0758579999999</ele>
      </trkpt>
      <trkpt lat="-26.837070034816861" lon="26.821022965013981">
        <ele>1329.5255400000001</ele>
      </trkpt>
      <trkpt lat="-26.839460972696543" lon="26.819121027365327">
        <ele>1334.12203</ele>
      </trkpt>
      <trkpt lat="-26.84140901081264" lon="26.816462958231568">
        <ele>1336.4518760000001</ele>
      </trkpt>
      <trkpt lat="-26.842721030116081" lon="26.813246989622712">
        <ele>1335.714774</ele>
      </trkpt>
      <trkpt lat="-26.843224028125405" lon="26.811482012271881">
        <ele>1335.7052570000001</ele>
      </trkpt>
      <trkpt lat="-26.843040967360139" lon="26.810144009068608">
        <ele>1335.5733929999999</ele>
      </trkpt>
      <trkpt lat="-26.845787968486547" lon="26.799273015931249">
        <ele>1334.575961</ele>
      </trkpt>
      <trkpt lat="-26.847213981673121" lon="26.794686019420624">
        <ele>1337.4707920000001</ele>
      </trkpt>
      <trkpt lat="-26.846531024202704" lon="26.792696993798018">
        <ele>1338.4036980000001</ele>
      </trkpt>
      <trkpt lat="-26.849245000630617" lon="26.793591007590294">
        <ele>1338.712563</ele>
      </trkpt>
      <trkpt lat="-26.848156023770571" lon="26.792877959087491">
        <ele>1338.639688</ele>
      </trkpt>
      <trkpt lat="-26.850291984155774" lon="26.784499995410442">
        <ele>1340.788354</ele>
      </trkpt>
      <trkpt lat="-26.850950969383121" lon="26.773541998118162">
        <ele>1352.546924</ele>
      </trkpt>
      <trkpt lat="-26.851309966295958" lon="26.773281991481781">
        <ele>1352.8141900000001</ele>
      </trkpt>
      <trkpt lat="-26.852267012000084" lon="26.773319039493799">
        <ele>1353.3630390000001</ele>
      </trkpt>
      <trkpt lat="-26.851772982627153" lon="26.7730219848454">
        <ele>1353.5847470000001</ele>
      </trkpt>
      <trkpt lat="-26.851031016558409" lon="26.772468024864793">
        <ele>1353.747934</ele>
      </trkpt>
      <trkpt lat="-26.85152898542583" lon="26.764088971540332">
        <ele>1357.1803849999999</ele>
      </trkpt>
      <trkpt lat="-26.851822016760707" lon="26.759395021945238">
        <ele>1358.511023</ele>
      </trkpt>
      <trkpt lat="-26.857204036787152" lon="26.717012012377381">
        <ele>1340.548974</ele>
      </trkpt>
      <trkpt lat="-26.857434958219528" lon="26.711477022618055">
        <ele>1340.385411</ele>
      </trkpt>
      <trkpt lat="-26.857883976772428" lon="26.708130966871977">
        <ele>1340.8233729999999</ele>
      </trkpt>
      <trkpt lat="-26.86048798263073" lon="26.70139099471271">
        <ele>1332.548542</ele>
      </trkpt>
      <trkpt lat="-26.861268002539873" lon="26.696658991277218">
        <ele>1328.7538219999999</ele>
      </trkpt>
      <trkpt lat="-26.862246003001928" lon="26.690640030428767">
        <ele>1319.216461</ele>
      </trkpt>
      <trkpt lat="-26.864006035029888" lon="26.681435024365783">
        <ele>1317.0565160000001</ele>
      </trkpt>
      <trkpt lat="-26.864901976659894" lon="26.681191027164459">
        <ele>1319.247439</ele>
      </trkpt>
      <trkpt lat="-26.864823019132018" lon="26.680645029991865">
        <ele>1320.262305</ele>
      </trkpt>
      <trkpt lat="-26.864855038002133" lon="26.680402038618922">
        <ele>1320.709654</ele>
      </trkpt>
      <trkpt lat="-26.865124013274908" lon="26.679007960483432">
        <ele>1322.227067</ele>
      </trkpt>
      <trkpt lat="-26.866036970168352" lon="26.675037033855915">
        <ele>1321.181853</ele>
      </trkpt>
      <trkpt lat="-26.86487297527492" lon="26.675137029960752">
        <ele>1319.9016710000001</ele>
      </trkpt>
      <trkpt lat="-26.864067977294326" lon="26.670032031834126">
        <ele>1312.4137519999999</ele>
      </trkpt>
      <trkpt lat="-26.864612968638539" lon="26.66995600797236">
        <ele>1312.195817</ele>
      </trkpt>
      <trkpt lat="-26.864323960617185" lon="26.665350990369916">
        <ele>1308.8005290000001</ele>
      </trkpt>
      <trkpt lat="-26.861577965319157" lon="26.665393989533186">
        <ele>1306.8808730000001</ele>
      </trkpt>
      <trkpt lat="-26.862559989094734" lon="26.665585013106465">
        <ele>1306.8808730000001</ele>
      </trkpt>
      <trkpt lat="-26.862559989094734" lon="26.665585013106465">
        <ele>1307.6581309999999</ele>
      </trkpt>
      <trkpt lat="-26.862845979630947" lon="26.665725996717811">
        <ele>1307.6581309999999</ele>
      </trkpt>
      <trkpt lat="-26.863056030124426" lon="26.666076024994254">
        <ele>1307.6581309999999</ele>
      </trkpt>
      <trkpt lat="-26.863358030095696" lon="26.666300995275378">
        <ele>1307.7571270000001</ele>
      </trkpt>
      <trkpt lat="-26.864375006407499" lon="26.666253972798586">
        <ele>1308.399073</ele>
      </trkpt>
      <trkpt lat="-26.864323960617185" lon="26.665350990369916">
        <ele>1308.686573</ele>
      </trkpt>
      <trkpt lat="-26.864219019189477" lon="26.663605039939284">
        <ele>1307.8106170000001</ele>
      </trkpt>
      <trkpt lat="-26.865274971351027" lon="26.66353102773428">
        <ele>1307.7924419999999</ele>
      </trkpt>
      <trkpt lat="-26.872872998937964" lon="26.662956029176712">
        <ele>1309.0213100000001</ele>
      </trkpt>
      <trkpt lat="-26.873770030215383" lon="26.662891991436481">
        <ele>1308.7598829999999</ele>
      </trkpt>
      <trkpt lat="-26.87372300773859" lon="26.662064027041197">
        <ele>1308.3860030000001</ele>
      </trkpt>
      <trkpt lat="-26.874020984396338" lon="26.661969982087612">
        <ele>1308.229609</ele>
      </trkpt>
      <trkpt lat="-26.876576039940119" lon="26.661820029839873">
        <ele>1306.43815</ele>
      </trkpt>
      <trkpt lat="-26.876448970288038" lon="26.660038037225604">
        <ele>1304.8907730000001</ele>
      </trkpt>
      <trkpt lat="-26.87913604080677" lon="26.657939041033387">
        <ele>1304.601064</ele>
      </trkpt>
      <trkpt lat="-26.880217976868153" lon="26.657337974756956">
        <ele>1303.616158</ele>
      </trkpt>
      <trkpt lat="-26.884241960942745" lon="26.656069960445166">
        <ele>1302.490213</ele>
      </trkpt>
      <trkpt lat="-26.885610977187753" lon="26.655442994087934">
        <ele>1301.4034549999999</ele>
      </trkpt>
      <trkpt lat="-26.888360995799303" lon="26.654170034453273">
        <ele>1299.0039059999999</ele>
      </trkpt>
      <trkpt lat="-26.889248974621296" lon="26.653142999857664">
        <ele>1298.4376139999999</ele>
      </trkpt>
      <trkpt lat="-26.889599002897739" lon="26.649621007964015">
        <ele>1300.3490730000001</ele>
      </trkpt>
      <trkpt lat="-26.891421983018517" lon="26.649827035143971">
        <ele>1301.2203979999999</ele>
      </trkpt>
      <trkpt lat="-26.894630994647741" lon="26.649877997115254">
        <ele>1299.719947</ele>
      </trkpt>
      <trkpt lat="-26.896191034466028" lon="26.649407017976046">
        <ele>1298.9082490000001</ele>
      </trkpt>
      <trkpt lat="-26.89709703437984" lon="26.648916006088257">
        <ele>1298.322218</ele>
      </trkpt>
      <trkpt lat="-26.897969003766775" lon="26.648130035027862">
        <ele>1297.4258110000001</ele>
      </trkpt>
      <trkpt lat="-26.89866797067225" lon="26.647469038143754">
        <ele>1297.4917640000001</ele>
      </trkpt>
      <trkpt lat="-26.900246031582355" lon="26.645341040566564">
        <ele>1299.1162179999999</ele>
      </trkpt>
      <trkpt lat="-26.900124996900558" lon="26.645028982311487">
        <ele>1299.364538</ele>
      </trkpt>
      <trkpt lat="-26.900560017675161" lon="26.644550040364265">
        <ele>1299.893421</ele>
      </trkpt>
      <trkpt lat="-26.914258981123567" lon="26.61450401879847">
        <ele>1341.838949</ele>
      </trkpt>
      <trkpt lat="-26.915817009285092" lon="26.611083028838038">
        <ele>1345.6340540000001</ele>
      </trkpt>
      <trkpt lat="-26.916272984817624" lon="26.609940994530916">
        <ele>1346.1558439999999</ele>
      </trkpt>
      <trkpt lat="-26.916911015287042" lon="26.608803989365697">
        <ele>1346.532504</ele>
      </trkpt>
      <trkpt lat="-26.917533036321402" lon="26.607930008322001">
        <ele>1346.672352</ele>
      </trkpt>
      <trkpt lat="-26.918009966611862" lon="26.607352998107672">
        <ele>1346.6673699999999</ele>
      </trkpt>
      <trkpt lat="-26.918746987357736" lon="26.606829967349768">
        <ele>1346.27397</ele>
      </trkpt>
      <trkpt lat="-26.930650966241956" lon="26.599466968327761">
        <ele>1336.534541</ele>
      </trkpt>
      <trkpt lat="-26.950865015387535" lon="26.588944997638464">
        <ele>1310.0474850000001</ele>
      </trkpt>
      <trkpt lat="-26.955529963597655" lon="26.586438976228237">
        <ele>1300.936107</ele>
      </trkpt>
      <trkpt lat="-26.957125961780548" lon="26.584847001358867">
        <ele>1300.8685290000001</ele>
      </trkpt>
      <trkpt lat="-26.957959039136767" lon="26.583882998675108">
        <ele>1301.938103</ele>
      </trkpt>
      <trkpt lat="-26.959158992394805" lon="26.58221198245883">
        <ele>1304.7215189999999</ele>
      </trkpt>
      <trkpt lat="-26.960162976756692" lon="26.581071959808469">
        <ele>1306.5840049999999</ele>
      </trkpt>
      <trkpt lat="-26.966682001948357" lon="26.574584031477571">
        <ele>1313.1960770000001</ele>
      </trkpt>
      <trkpt lat="-26.96724995970726" lon="26.573648024350405">
        <ele>1314.8139289999999</ele>
      </trkpt>
      <trkpt lat="-26.975165996700525" lon="26.553493989631534">
        <ele>1348.7596699999999</ele>
      </trkpt>
      <trkpt lat="-26.977850971743464" lon="26.54663197696209">
        <ele>1353.1019329999999</ele>
      </trkpt>
      <trkpt lat="-26.982422964647412" lon="26.534755993634462">
        <ele>1356.5342599999999</ele>
      </trkpt>
      <trkpt lat="-26.984312999993563" lon="26.525805965065956">
        <ele>1357.061412</ele>
      </trkpt>
      <trkpt lat="-26.984622040763497" lon="26.52471698820591">
        <ele>1356.9444120000001</ele>
      </trkpt>
      <trkpt lat="-26.986646018922329" lon="26.521401023492217">
        <ele>1355.741575</ele>
      </trkpt>
      <trkpt lat="-26.990077989175916" lon="26.514579998329282">
        <ele>1350.800569</ele>
      </trkpt>
      <trkpt lat="-26.993830986320972" lon="26.507094036787748">
        <ele>1344.0753709999999</ele>
      </trkpt>
      <trkpt lat="-26.996992975473404" lon="26.490010963752866">
        <ele>1332.7297020000001</ele>
      </trkpt>
      <trkpt lat="-26.997898975387216" lon="26.487700995057821">
        <ele>1332.475479</ele>
      </trkpt>
      <trkpt lat="-26.998587967827916" lon="26.486257966607809">
        <ele>1334.103149</ele>
      </trkpt>
      <trkpt lat="-27.001072028651834" lon="26.48286203853786">
        <ele>1341.3617609999999</ele>
      </trkpt>
      <trkpt lat="-27.006265036761761" lon="26.476194988936186">
        <ele>1351.9164619999999</ele>
      </trkpt>
      <trkpt lat="-27.012638971209526" lon="26.468008970841765">
        <ele>1361.370602</ele>
      </trkpt>
      <trkpt lat="-27.016308987513185" lon="26.463105976581573">
        <ele>1367.427385</ele>
      </trkpt>
      <trkpt lat="-27.019377015531063" lon="26.457660002633929">
        <ele>1370.849056</ele>
      </trkpt>
      <trkpt lat="-27.028398038819432" lon="26.445448994636536">
        <ele>1375.766977</ele>
      </trkpt>
      <trkpt lat="-27.033686013892293" lon="26.438354970887303">
        <ele>1372.1154819999999</ele>
      </trkpt>
      <trkpt lat="-27.046388033777475" lon="26.42104902304709">
        <ele>1352.5623000000001</ele>
      </trkpt>
      <trkpt lat="-27.054239027202129" lon="26.411893973127007">
        <ele>1339.7381640000001</ele>
      </trkpt>
      <trkpt lat="-27.054741019383073" lon="26.411145972087979">
        <ele>1338.9374379999999</ele>
      </trkpt>
      <trkpt lat="-27.055048970505595" lon="26.410381039604545">
        <ele>1338.136305</ele>
      </trkpt>
      <trkpt lat="-27.055360022932291" lon="26.40831096097827">
        <ele>1336.669337</ele>
      </trkpt>
      <trkpt lat="-27.055522967129946" lon="26.407825984060764">
        <ele>1336.4049110000001</ele>
      </trkpt>
      <trkpt lat="-27.055901996791363" lon="26.407281998544931">
        <ele>1336.2877860000001</ele>
      </trkpt>
      <trkpt lat="-27.058386979624629" lon="26.406135018914938">
        <ele>1336.0235009999999</ele>
      </trkpt>
      <trkpt lat="-27.072243019938469" lon="26.400352008640766">
        <ele>1328.037716</ele>
      </trkpt>
      <trkpt lat="-27.073468035086989" lon="26.39960995875299">
        <ele>1326.908788</ele>
      </trkpt>
      <trkpt lat="-27.074437988922" lon="26.398659031838179">
        <ele>1325.6432709999999</ele>
      </trkpt>
      <trkpt lat="-27.077106032520533" lon="26.395554039627314">
        <ele>1321.2454929999999</ele>
      </trkpt>
      <trkpt lat="-27.088997019454837" lon="26.381888017058372">
        <ele>1315.2106229999999</ele>
      </trkpt>
      <trkpt lat="-27.094546006992459" lon="26.37552497908473">
        <ele>1330.885466</ele>
      </trkpt>
      <trkpt lat="-27.096114009618759" lon="26.375726982951164">
        <ele>1331.448476</ele>
      </trkpt>
      <trkpt lat="-27.099559977650642" lon="26.376092014834285">
        <ele>1330.466823</ele>
      </trkpt>
      <trkpt lat="-27.100721960887313" lon="26.376257976517081">
        <ele>1329.802635</ele>
      </trkpt>
      <trkpt lat="-27.104192990809679" lon="26.377349970862269">
        <ele>1327.515519</ele>
      </trkpt>
      <trkpt lat="-27.108984002843499" lon="26.378685962408781">
        <ele>1322.8077579999999</ele>
      </trkpt>
      <trkpt lat="-27.111769979819655" lon="26.379269007593393">
        <ele>1320.1522640000001</ele>
      </trkpt>
      <trkpt lat="-27.113101026043296" lon="26.379301026463509">
        <ele>1318.998263</ele>
      </trkpt>
      <trkpt lat="-27.115160962566733" lon="26.378779001533985">
        <ele>1316.320017</ele>
      </trkpt>
      <trkpt lat="-27.119501028209925" lon="26.378227975219488">
        <ele>1309.659915</ele>
      </trkpt>
      <trkpt lat="-27.120203012600541" lon="26.378321014344692">
        <ele>1308.5868459999999</ele>
      </trkpt>
      <trkpt lat="-27.120598973706365" lon="26.3785329926759">
        <ele>1308.11995</ele>
      </trkpt>
      <trkpt lat="-27.133509032428265" lon="26.389162000268698">
        <ele>1294.234097</ele>
      </trkpt>
      <trkpt lat="-27.140488978475332" lon="26.39477301388979">
        <ele>1287.8868070000001</ele>
      </trkpt>
      <trkpt lat="-27.14121401309967" lon="26.395149026066065">
        <ele>1287.227768</ele>
      </trkpt>
      <trkpt lat="-27.144747991114855" lon="26.396304974332452">
        <ele>1283.9459830000001</ele>
      </trkpt>
      <trkpt lat="-27.145264986902475" lon="26.396185029298067">
        <ele>1283.5947180000001</ele>
      </trkpt>
      <trkpt lat="-27.146688988432288" lon="26.394477970898151">
        <ele>1282.2833909999999</ele>
      </trkpt>
      <trkpt lat="-27.146856039762497" lon="26.394379986450076">
        <ele>1282.167657</ele>
      </trkpt>
      <trkpt lat="-27.147017978131771" lon="26.394333969801664">
        <ele>1282.065012</ele>
      </trkpt>
      <trkpt lat="-27.14744696393609" lon="26.394423991441727">
        <ele>1281.5953059999999</ele>
      </trkpt>
      <trkpt lat="-27.14849503710866" lon="26.395314987748861">
        <ele>1280.1799590000001</ele>
      </trkpt>
      <trkpt lat="-27.161120027303696" lon="26.371165970340371">
        <ele>1302.9042300000001</ele>
      </trkpt>
      <trkpt lat="-27.173480987548828" lon="26.347689013928175">
        <ele>1319.4602010000001</ele>
      </trkpt>
      <trkpt lat="-27.177983997389674" lon="26.339195966720581">
        <ele>1316.3201409999999</ele>
      </trkpt>
      <trkpt lat="-27.178777009248734" lon="26.337943961843848">
        <ele>1315.6439539999999</ele>
      </trkpt>
      <trkpt lat="-27.179728019982576" lon="26.336726993322372">
        <ele>1314.9359919999999</ele>
      </trkpt>
      <trkpt lat="-27.186035988852382" lon="26.329375980421901">
        <ele>1309.4407020000001</ele>
      </trkpt>
      <trkpt lat="-27.185699036344886" lon="26.329012038186193">
        <ele>1309.260845</ele>
      </trkpt>
      <trkpt lat="-27.185145998373628" lon="26.32733297534287">
        <ele>1309.1240749999999</ele>
      </trkpt>
      <trkpt lat="-27.18498095870018" lon="26.327128959819674">
        <ele>1309.145143</ele>
      </trkpt>
      <trkpt lat="-27.182903001084924" lon="26.32544201798737">
        <ele>1309.5951150000001</ele>
      </trkpt>
      <trkpt lat="-27.178605012595654" lon="26.322514973580837">
        <ele>1311.262442</ele>
      </trkpt>
      <trkpt lat="-27.176116006448865" lon="26.320834988728166">
        <ele>1311.9838830000001</ele>
      </trkpt>
      <trkpt lat="-27.175617031753063" lon="26.320475991815329">
        <ele>1311.9610190000001</ele>
      </trkpt>
      <trkpt lat="-27.175901010632515" lon="26.319264974445105">
        <ele>1311.86187</ele>
      </trkpt>
      <trkpt lat="-27.175945015624166" lon="26.317616002634168">
        <ele>1311.424898</ele>
      </trkpt>
      <trkpt lat="-27.175515023991466" lon="26.315560005605221">
        <ele>1310.8479520000001</ele>
      </trkpt>
      <trkpt lat="-27.175561962649226" lon="26.310168011114001">
        <ele>1312.330794</ele>
      </trkpt>
      <trkpt lat="-27.182244015857577" lon="26.286009019240737">
        <ele>1327.1514990000001</ele>
      </trkpt>
      <trkpt lat="-27.18272396363318" lon="26.285906005650759">
        <ele>1327.5289949999999</ele>
      </trkpt>
      <trkpt lat="-27.185403993353248" lon="26.283516995608807">
        <ele>1329.8009730000001</ele>
      </trkpt>
      <trkpt lat="-27.188303964212537" lon="26.278823968023062">
        <ele>1332.9395440000001</ele>
      </trkpt>
      <trkpt lat="-27.192035000771284" lon="26.272998964414001">
        <ele>1334.7526909999999</ele>
      </trkpt>
      <trkpt lat="-27.20218800008297" lon="26.253718994557858">
        <ele>1328.0607849999999</ele>
      </trkpt>
      <trkpt lat="-27.204065965488553" lon="26.250448962673545">
        <ele>1326.864239</ele>
      </trkpt>
      <trkpt lat="-27.205185033380985" lon="26.248097000643611">
        <ele>1325.762336</ele>
      </trkpt>
      <trkpt lat="-27.206992004066706" lon="26.24637502245605">
        <ele>1323.8336360000001</ele>
      </trkpt>
      <trkpt lat="-27.207653000950813" lon="26.246222974732518">
        <ele>1323.601134</ele>
      </trkpt>
      <trkpt lat="-27.207865985110402" lon="26.245231982320547">
        <ele>1323.3682209999999</ele>
      </trkpt>
      <trkpt lat="-27.207920970395207" lon="26.243549985811114">
        <ele>1323.6302880000001</ele>
      </trkpt>
      <trkpt lat="-27.208219030871987" lon="26.243000971153378">
        <ele>1323.7299559999999</ele>
      </trkpt>
      <trkpt lat="-27.208476020023227" lon="26.242828974500299">
        <ele>1323.7813309999999</ele>
      </trkpt>
      <trkpt lat="-27.208599988371134" lon="26.242581959813833">
        <ele>1323.8265490000001</ele>
      </trkpt>
      <trkpt lat="-27.208810038864613" lon="26.240715980529785">
        <ele>1324.6503459999999</ele>
      </trkpt>
      <trkpt lat="-27.208667965605855" lon="26.23907002620399">
        <ele>1325.7802529999999</ele>
      </trkpt>
      <trkpt lat="-27.212493969127536" lon="26.238139970228076">
        <ele>1328.080794</ele>
      </trkpt>
      <trkpt lat="-27.213283041492105" lon="26.238096971064806">
        <ele>1328.490174</ele>
      </trkpt>
      <trkpt lat="-27.213815962895751" lon="26.237779967486858">
        <ele>1328.5973289999999</ele>
      </trkpt>
      <trkpt lat="-27.214525993913412" lon="26.237724982202053">
        <ele>1328.6357439999999</ele>
      </trkpt>
      <trkpt lat="-27.214807039126754" lon="26.238300986588001">
        <ele>1328.667338</ele>
      </trkpt>
      <trkpt lat="-27.217798037454486" lon="26.241403967142105">
        <ele>1327.3758660000001</ele>
      </trkpt>
      <trkpt lat="-27.222935976460576" lon="26.240827040746808">
        <ele>1327.7524659999999</ele>
      </trkpt>
      <trkpt lat="-27.22799202427268" lon="26.240452034398913">
        <ele>1326.163092</ele>
      </trkpt>
      <trkpt lat="-27.230211971327662" lon="26.240176018327475">
        <ele>1325.200562</ele>
      </trkpt>
      <trkpt lat="-27.230566022917628" lon="26.239949958398938">
        <ele>1325.154464</ele>
      </trkpt>
      <trkpt lat="-27.230984028428793" lon="26.239451989531517">
        <ele>1325.0853649999999</ele>
      </trkpt>
      <trkpt lat="-27.235800018534064" lon="26.22802896425128">
        <ele>1324.8636739999999</ele>
      </trkpt>
      <trkpt lat="-27.235975032672286" lon="26.227655969560146">
        <ele>1324.620093</ele>
      </trkpt>
      <trkpt lat="-27.236856976523995" lon="26.226298017427325">
        <ele>1323.591083</ele>
      </trkpt>
      <trkpt lat="-27.237884011119604" lon="26.225324962288141">
        <ele>1322.4705899999999</ele>
      </trkpt>
      <trkpt lat="-27.240719022229314" lon="26.223676996305585">
        <ele>1320.2479040000001</ele>
      </trkpt>
      <trkpt lat="-27.241824008524418" lon="26.222586007788777">
        <ele>1319.9060239999999</ele>
      </trkpt>
      <trkpt lat="-27.242536973208189" lon="26.221382031217217">
        <ele>1319.9695380000001</ele>
      </trkpt>
      <trkpt lat="-27.243084982037544" lon="26.219427036121488">
        <ele>1320.0378969999999</ele>
      </trkpt>
      <trkpt lat="-27.247463017702103" lon="26.178040970116854">
        <ele>1329.9689820000001</ele>
      </trkpt>
      <trkpt lat="-27.247430998831987" lon="26.175988996401429">
        <ele>1330.5778130000001</ele>
      </trkpt>
      <trkpt lat="-27.247932991012931" lon="26.175997965037823">
        <ele>1330.745897</ele>
      </trkpt>
      <trkpt lat="-27.248422997072339" lon="26.171969035640359">
        <ele>1330.9303219999999</ele>
      </trkpt>
      <trkpt lat="-27.24913596175611" lon="26.168988011777401">
        <ele>1329.8703169999999</ele>
      </trkpt>
      <trkpt lat="-27.250571027398109" lon="26.165708005428314">
        <ele>1328.785259</ele>
      </trkpt>
      <trkpt lat="-27.254571039229631" lon="26.158901983872056">
        <ele>1333.901167</ele>
      </trkpt>
      <trkpt lat="-27.258958965539932" lon="26.151271015405655">
        <ele>1337.5062740000001</ele>
      </trkpt>
      <trkpt lat="-27.259246967732906" lon="26.150709008798003">
        <ele>1337.7249389999999</ele>
      </trkpt>
      <trkpt lat="-27.265647975727916" lon="26.139577003195882">
        <ele>1341.0270330000001</ele>
      </trkpt>
      <trkpt lat="-27.274549975991249" lon="26.124022034928203">
        <ele>1344.8061210000001</ele>
      </trkpt>
      <trkpt lat="-27.275443989783525" lon="26.122340960428119">
        <ele>1344.6985259999999</ele>
      </trkpt>
      <trkpt lat="-27.282728031277657" lon="26.106748022139072">
        <ele>1335.083566</ele>
      </trkpt>
      <trkpt lat="-27.285647029057145" lon="26.100572990253568">
        <ele>1332.1298509999999</ele>
      </trkpt>
      <trkpt lat="-27.288297973573208" lon="26.094863992184401">
        <ele>1331.4199960000001</ele>
      </trkpt>
      <trkpt lat="-27.289762040600181" lon="26.091737961396575">
        <ele>1331.450578</ele>
      </trkpt>
      <trkpt lat="-27.291191993281245" lon="26.088323006406426">
        <ele>1331.146144</ele>
      </trkpt>
      <trkpt lat="-27.291904035955667" lon="26.087189018726349">
        <ele>1330.609199</ele>
      </trkpt>
      <trkpt lat="-27.292999969795346" lon="26.084747035056353">
        <ele>1329.196987</ele>
      </trkpt>
      <trkpt lat="-27.29446898214519" lon="26.081703985109925">
        <ele>1328.4525839999999</ele>
      </trkpt>
      <trkpt lat="-27.299434002488852" lon="26.065335972234607">
        <ele>1322.225608</ele>
      </trkpt>
      <trkpt lat="-27.301275003701448" lon="26.058894982561469">
        <ele>1327.8172959999999</ele>
      </trkpt>
      <trkpt lat="-27.30381497181952" lon="26.050374023616314">
        <ele>1330.3003759999999</ele>
      </trkpt>
      <trkpt lat="-27.304972009733319" lon="26.046341992914677">
        <ele>1330.0471190000001</ele>
      </trkpt>
      <trkpt lat="-27.315428014844656" lon="26.022060960531235">
        <ele>1314.8178760000001</ele>
      </trkpt>
      <trkpt lat="-27.316241981461644" lon="26.01914900355041">
        <ele>1313.5659840000001</ele>
      </trkpt>
      <trkpt lat="-27.316339965909719" lon="26.015704963356256">
        <ele>1311.390754</ele>
      </trkpt>
      <trkpt lat="-27.316594021394849" lon="26.015628017485142">
        <ele>1311.0299070000001</ele>
      </trkpt>
      <trkpt lat="-27.317156028002501" lon="26.01474498398602">
        <ele>1309.3674349999999</ele>
      </trkpt>
      <trkpt lat="-27.318156994879246" lon="26.012674989178777">
        <ele>1305.015318</ele>
      </trkpt>
      <trkpt lat="-27.319190986454487" lon="26.01184400729835">
        <ele>1302.533719</ele>
      </trkpt>
      <trkpt lat="-27.32119501568377" lon="26.010869024321437">
        <ele>1298.931697</ele>
      </trkpt>
      <trkpt lat="-27.322103027254343" lon="26.010108031332493">
        <ele>1297.418234</ele>
      </trkpt>
      <trkpt lat="-27.322240993380547" lon="26.008905982598662">
        <ele>1297.7707419999999</ele>
      </trkpt>
      <trkpt lat="-27.322148960083723" lon="26.008091010153294">
        <ele>1298.066579</ele>
      </trkpt>
      <trkpt lat="-27.321226028725505" lon="26.005993019789457">
        <ele>1302.7161120000001</ele>
      </trkpt>
      <trkpt lat="-27.320917993783951" lon="26.004613023251295">
        <ele>1305.4405750000001</ele>
      </trkpt>
      <trkpt lat="-27.321132989600301" lon="26.00393601693213">
        <ele>1306.070972</ele>
      </trkpt>
      <trkpt lat="-27.321427026763558" lon="26.003711968660355">
        <ele>1306.127999</ele>
      </trkpt>
      <trkpt lat="-27.322781961411238" lon="26.004207003861666">
        <ele>1306.4891849999999</ele>
      </trkpt>
      <trkpt lat="-27.322897966951132" lon="26.004016986116767">
        <ele>1306.5918039999999</ele>
      </trkpt>
      <trkpt lat="-27.320359004661441" lon="26.00269197486341">
        <ele>1308.6093900000001</ele>
      </trkpt>
      <trkpt lat="-27.319557024165988" lon="26.002130974084139">
        <ele>1308.5919759999999</ele>
      </trkpt>
      <trkpt lat="-27.319142036139965" lon="26.001817993819714">
        <ele>1308.4873239999999</ele>
      </trkpt>
      <trkpt lat="-27.321996996179223" lon="25.994742996990681">
        <ele>1309.2889869999999</ele>
      </trkpt>
      <trkpt lat="-27.322379965335131" lon="25.993813024833798">
        <ele>1309.306394</ele>
      </trkpt>
      <trkpt lat="-27.323029981926084" lon="25.993604985997081">
        <ele>1309.2150690000001</ele>
      </trkpt>
      <trkpt lat="-27.324070008471608" lon="25.990933002904058">
        <ele>1309.462943</ele>
      </trkpt>
      <trkpt lat="-27.324512992054224" lon="25.990795036777854">
        <ele>1309.541669</ele>
      </trkpt>
      <trkpt lat="-27.325286976993084" lon="25.989487040787935">
        <ele>1309.7174580000001</ele>
      </trkpt>
      <trkpt lat="-27.33077603392303" lon="25.982239041477442">
        <ele>1311.1142990000001</ele>
      </trkpt>
      <trkpt lat="-27.335893018171191" lon="25.975399995222688">
        <ele>1311.7172760000001</ele>
      </trkpt>
      <trkpt lat="-27.345205983147025" lon="25.962996035814285">
        <ele>1310.993778</ele>
      </trkpt>
      <trkpt lat="-27.350776009261608" lon="25.955559024587274">
        <ele>1306.1788590000001</ele>
      </trkpt>
      <trkpt lat="-27.350980024784803" lon="25.955136995762587">
        <ele>1305.8850150000001</ele>
      </trkpt>
      <trkpt lat="-27.353540025651455" lon="25.951894037425518">
        <ele>1303.4834069999999</ele>
      </trkpt>
      <trkpt lat="-27.377220997586846" lon="25.920314965769649">
        <ele>1291.4345639999999</ele>
      </trkpt>
      <trkpt lat="-27.377577982842922" lon="25.919796964153647">
        <ele>1291.2147600000001</ele>
      </trkpt>
      <trkpt lat="-27.402588995173573" lon="25.886345962062478">
        <ele>1268.9038419999999</ele>
      </trkpt>
      <trkpt lat="-27.408041004091501" lon="25.879135010764003">
        <ele>1269.500853</ele>
      </trkpt>
      <trkpt lat="-27.410095995292068" lon="25.876390021294355">
        <ele>1270.2747449999999</ele>
      </trkpt>
      <trkpt lat="-27.417865013703704" lon="25.865986989811063">
        <ele>1267.746316</ele>
      </trkpt>
      <trkpt lat="-27.422645967453718" lon="25.859682038426399">
        <ele>1270.4683600000001</ele>
      </trkpt>
      <trkpt lat="-27.432841965928674" lon="25.846050968393683">
        <ele>1278.0999509999999</ele>
      </trkpt>
      <trkpt lat="-27.435113964602351" lon="25.842999033629894">
        <ele>1278.072212</ele>
      </trkpt>
      <trkpt lat="-27.437905976548791" lon="25.839272020384669">
        <ele>1277.731409</ele>
      </trkpt>
      <trkpt lat="-27.441602982580662" lon="25.834277998656034">
        <ele>1277.4611399999999</ele>
      </trkpt>
      <trkpt lat="-27.444278988987207" lon="25.830770004540682">
        <ele>1277.213225</ele>
      </trkpt>
      <trkpt lat="-27.451059026643634" lon="25.821574972942472">
        <ele>1276.9447050000001</ele>
      </trkpt>
      <trkpt lat="-27.455450976267457" lon="25.815846025943756">
        <ele>1276.083359</ele>
      </trkpt>
      <trkpt lat="-27.458990989252925" lon="25.811014026403427">
        <ele>1274.2948710000001</ele>
      </trkpt>
      <trkpt lat="-27.460273001343012" lon="25.808919975534081">
        <ele>1273.3480119999999</ele>
      </trkpt>
      <trkpt lat="-27.466118037700653" lon="25.79755000770092">
        <ele>1267.2163720000001</ele>
      </trkpt>
      <trkpt lat="-27.467725016176701" lon="25.794480973854661">
        <ele>1265.5006450000001</ele>
      </trkpt>
      <trkpt lat="-27.473197979852557" lon="25.783599000424147">
        <ele>1258.438075</ele>
      </trkpt>
      <trkpt lat="-27.473775995895267" lon="25.782451014965773">
        <ele>1258.6615870000001</ele>
      </trkpt>
      <trkpt lat="-27.476245975121856" lon="25.777939958497882">
        <ele>1259.627144</ele>
      </trkpt>
      <trkpt lat="-27.476721983402967" lon="25.777304023504257">
        <ele>1259.669318</ele>
      </trkpt>
      <trkpt lat="-27.479579960927367" lon="25.774223003536463">
        <ele>1260.447222</ele>
      </trkpt>
      <trkpt lat="-27.479714993387461" lon="25.77387498691678">
        <ele>1260.5055870000001</ele>
      </trkpt>
      <trkpt lat="-27.479945998638868" lon="25.773557983338833">
        <ele>1260.4865629999999</ele>
      </trkpt>
      <trkpt lat="-27.48087203130126" lon="25.772785004228354">
        <ele>1260.384544</ele>
      </trkpt>
      <trkpt lat="-27.483784994110465" lon="25.7695999648422">
        <ele>1260.748077</ele>
      </trkpt>
      <trkpt lat="-27.491512019187212" lon="25.761211020871997">
        <ele>1261.887048</ele>
      </trkpt>
      <trkpt lat="-27.502073971554637" lon="25.749754970893264">
        <ele>1264.121048</ele>
      </trkpt>
      <trkpt lat="-27.506003994494677" lon="25.745509034022689">
        <ele>1266.794365</ele>
      </trkpt>
      <trkpt lat="-27.51052301377058" lon="25.740633029490709">
        <ele>1271.851899</ele>
      </trkpt>
      <trkpt lat="-27.515346966683865" lon="25.735427029430866">
        <ele>1273.1432319999999</ele>
      </trkpt>
      <trkpt lat="-27.547130975872278" lon="25.700887972488999">
        <ele>1257.813273</ele>
      </trkpt>
      <trkpt lat="-27.547508999705315" lon="25.700444988906384">
        <ele>1257.9133019999999</ele>
      </trkpt>
      <trkpt lat="-27.54724295809865" lon="25.700187999755144">
        <ele>1257.9847319999999</ele>
      </trkpt>
      <trkpt lat="-27.543725995346904" lon="25.698918979614973">
        <ele>1258.6978409999999</ele>
      </trkpt>
      <trkpt lat="-27.543634967878461" lon="25.698700966313481">
        <ele>1258.7244969999999</ele>
      </trkpt>
      <trkpt lat="-27.543859016150236" lon="25.698027983307838">
        <ele>1258.796814</ele>
      </trkpt>
      <trkpt lat="-27.54573698155582" lon="25.697637973353267">
        <ele>1258.8059679999999</ele>
      </trkpt>
      <trkpt lat="-27.550044022500515" lon="25.697661023586988">
        <ele>1258.734093</ele>
      </trkpt>
      <trkpt lat="-27.550412993878126" lon="25.697662029415369">
        <ele>1258.6666680000001</ele>
      </trkpt>
      <trkpt lat="-27.552866963669658" lon="25.697675021365285">
        <ele>1257.937011</ele>
      </trkpt>
      <trkpt lat="-27.554736966267228" lon="25.697318036109209">
        <ele>1257.6411189999999</ele>
      </trkpt>
      <trkpt lat="-27.555890986695886" lon="25.696828030049801">
        <ele>1257.656581</ele>
      </trkpt>
      <trkpt lat="-27.557530989870429" lon="25.695762019604445">
        <ele>1257.838182</ele>
      </trkpt>
      <trkpt lat="-27.558856001123786" lon="25.694272974506021">
        <ele>1257.7222139999999</ele>
      </trkpt>
      <trkpt lat="-27.559486990794539" lon="25.693249963223934">
        <ele>1257.6232829999999</ele>
      </trkpt>
      <trkpt lat="-27.560541015118361" lon="25.690872017294168">
        <ele>1257.9794400000001</ele>
      </trkpt>
      <trkpt lat="-27.560259969905019" lon="25.690652998164296">
        <ele>1258.0855790000001</ele>
      </trkpt>
      <trkpt lat="-27.559126988053322" lon="25.68958698771894">
        <ele>1258.506758</ele>
      </trkpt>
      <trkpt lat="-27.559171998873353" lon="25.689003020524979">
        <ele>1258.625873</ele>
      </trkpt>
      <trkpt lat="-27.558957003057003" lon="25.688488036394119">
        <ele>1258.6698610000001</ele>
      </trkpt>
      <trkpt lat="-27.559512974694371" lon="25.688026025891304">
        <ele>1258.727744</ele>
      </trkpt>
      <trkpt lat="-27.587668960914016" lon="25.659969029948115">
        <ele>1248.8932139999999</ele>
      </trkpt>
      <trkpt lat="-27.593668978661299" lon="25.653807995840907">
        <ele>1248.5390159999999</ele>
      </trkpt>
      <trkpt lat="-27.595695974305272" lon="25.65181695856154">
        <ele>1247.959128</ele>
      </trkpt>
      <trkpt lat="-27.59588398039341" lon="25.651768008247018">
        <ele>1247.9096320000001</ele>
      </trkpt>
      <trkpt lat="-27.597633032128215" lon="25.650058016180992">
        <ele>1247.253483</ele>
      </trkpt>
      <trkpt lat="-27.597904019057751" lon="25.649768002331257">
        <ele>1247.1280380000001</ele>
      </trkpt>
      <trkpt lat="-27.598736006766558" lon="25.648758988827467">
        <ele>1246.7161169999999</ele>
      </trkpt>
      <trkpt lat="-27.600079039111733" lon="25.647442024201155">
        <ele>1246.2685550000001</ele>
      </trkpt>
      <trkpt lat="-27.604884970933199" lon="25.642734998837113">
        <ele>1244.7917010000001</ele>
      </trkpt>
      <trkpt lat="-27.606448028236628" lon="25.641114022582769">
        <ele>1244.0162009999999</ele>
      </trkpt>
      <trkpt lat="-27.617981024086475" lon="25.629609022289515">
        <ele>1236.7388089999999</ele>
      </trkpt>
      <trkpt lat="-27.620026040822268" lon="25.62743098475039">
        <ele>1235.8233029999999</ele>
      </trkpt>
      <trkpt lat="-27.631555013358593" lon="25.615921039134264">
        <ele>1229.1244959999999</ele>
      </trkpt>
      <trkpt lat="-27.638695975765586" lon="25.608859034255147">
        <ele>1231.048841</ele>
      </trkpt>
      <trkpt lat="-27.639813032001257" lon="25.607393039390445">
        <ele>1231.1974110000001</ele>
      </trkpt>
      <trkpt lat="-27.640435975044966" lon="25.606458960101008">
        <ele>1231.266357</ele>
      </trkpt>
      <trkpt lat="-27.640527002513409" lon="25.605900976806879">
        <ele>1231.288243</ele>
      </trkpt>
      <trkpt lat="-27.640375038608909" lon="25.605488000437617">
        <ele>1231.3057819999999</ele>
      </trkpt>
      <trkpt lat="-27.640564972534776" lon="25.600685002282262">
        <ele>1232.354519</ele>
      </trkpt>
      <trkpt lat="-27.64201101846993" lon="25.600734958425164">
        <ele>1232.7132180000001</ele>
      </trkpt>
      <trkpt lat="-27.642384013161063" lon="25.600156020373106">
        <ele>1232.772821</ele>
      </trkpt>
      <trkpt lat="-27.642810987308621" lon="25.598840983584523">
        <ele>1232.773342</ele>
      </trkpt>
      <trkpt lat="-27.642650976777077" lon="25.59795300476253">
        <ele>1232.719967</ele>
      </trkpt>
      <trkpt lat="-27.642246969044209" lon="25.597486970946193">
        <ele>1232.672464</ele>
      </trkpt>
      <trkpt lat="-27.642328022047877" lon="25.595617974177003">
        <ele>1232.7326539999999</ele>
      </trkpt>
      <trkpt lat="-27.643156992271543" lon="25.595672037452459">
        <ele>1232.775208</ele>
      </trkpt>
      <trkpt lat="-27.645104024559259" lon="25.595785025507212">
        <ele>1232.166698</ele>
      </trkpt>
      <trkpt lat="-27.647134037688375" lon="25.595970014110208">
        <ele>1230.7464070000001</ele>
      </trkpt>
      <trkpt lat="-27.646728018298745" lon="25.606088982895017">
        <ele>1229.4406710000001</ele>
      </trkpt>
      <trkpt lat="-27.646133992820978" lon="25.606059981510043">
        <ele>1229.4406710000001</ele>
      </trkpt>
      <trkpt lat="-27.623539986088872" lon="25.624920018017292">
        <ele>1239.5999999999999</ele>
      </trkpt>
      <trkpt lat="-27.630420019850135" lon="25.619149999693036">
        <ele>1233</ele>
      </trkpt>
      <trkpt lat="-27.632420025765896" lon="25.61784996651113">
        <ele>1234.0999999999999</ele>
      </trkpt>
      <trkpt lat="-27.632940039038658" lon="25.617600018158555">
        <ele>1233.7</ele>
      </trkpt>
      <trkpt lat="-27.63462002389133" lon="25.616929968819022">
        <ele>1231.7</ele>
      </trkpt>
      <trkpt lat="-27.636959999799728" lon="25.616439962759614">
        <ele>1230.5</ele>
      </trkpt>
      <trkpt lat="-27.638809969648719" lon="25.616369973868132">
        <ele>1228.3</ele>
      </trkpt>
      <trkpt lat="-27.641420010477304" lon="25.616650013253093">
        <ele>1231.4000000000001</ele>
      </trkpt>
      <trkpt lat="-27.646210016682744" lon="25.617249989882112">
        <ele>1225.5</ele>
      </trkpt>
      <trkpt lat="-27.647650027647614" lon="25.617089979350567">
        <ele>1225.7</ele>
      </trkpt>
      <trkpt lat="-27.648860039189458" lon="25.616599973291159">
        <ele>1227</ele>
      </trkpt>
      <trkpt lat="-27.649090038612485" lon="25.616459995508194">
        <ele>1227</ele>
      </trkpt>
      <trkpt lat="-27.649390026926994" lon="25.616260003298521">
        <ele>1226.5999999999999</ele>
      </trkpt>
      <trkpt lat="-27.650589980185032" lon="25.615070024505258">
        <ele>1227</ele>
      </trkpt>
      <trkpt lat="-27.651149975135922" lon="25.614169975742698">
        <ele>1228.5999999999999</ele>
      </trkpt>
      <trkpt lat="-27.651599999517202" lon="25.613070018589497">
        <ele>1228.0999999999999</ele>
      </trkpt>
      <trkpt lat="-27.651860006153584" lon="25.611590025946498">
        <ele>1227.0999999999999</ele>
      </trkpt>
      <trkpt lat="-27.651999983936548" lon="25.608849981799722">
        <ele>1229.7</ele>
      </trkpt>
      <trkpt lat="-27.652250016108155" lon="25.603940030559897">
        <ele>1230.7</ele>
      </trkpt>
      <trkpt lat="-27.652480015531182" lon="25.595949981361628">
        <ele>1229.0999999999999</ele>
      </trkpt>
      <trkpt lat="-27.661449993029237" lon="25.593240028247237">
        <ele>1225.0999999999999</ele>
      </trkpt>
      <trkpt lat="-27.664709966629744" lon="25.59243000112474">
        <ele>1233.5</ele>
      </trkpt>
      <trkpt lat="-27.666520038619637" lon="25.591990035027266">
        <ele>1234.4000000000001</ele>
      </trkpt>
      <trkpt lat="-27.669380027800798" lon="25.59127002954483">
        <ele>1239.2</ele>
      </trkpt>
      <trkpt lat="-27.673420021310449" lon="25.59026001021266">
        <ele>1238.9000000000001</ele>
      </trkpt>
      <trkpt lat="-27.67320997081697" lon="25.587839987128973">
        <ele>1239.2</ele>
      </trkpt>
      <trkpt lat="-27.673079967498779" lon="25.586099987849593">
        <ele>1238.3</ele>
      </trkpt>
      <trkpt lat="-27.673079967498779" lon="25.584849994629622">
        <ele>1236.9000000000001</ele>
      </trkpt>
      <trkpt lat="-27.673610039055347" lon="25.583290038630366">
        <ele>1236.9000000000001</ele>
      </trkpt>
      <trkpt lat="-27.673880020156503" lon="25.582900028675795">
        <ele>1236.8</ele>
      </trkpt>
      <trkpt lat="-27.680740021169186" lon="25.574979968369007">
        <ele>1236.5999999999999</ele>
      </trkpt>
      <trkpt lat="-27.700040023773909" lon="25.55566999129951">
        <ele>1234</ele>
      </trkpt>
      <trkpt lat="-27.700969995930791" lon="25.554670030251145">
        <ele>1236.7</ele>
      </trkpt>
      <trkpt lat="-27.701669968664646" lon="25.553469993174076">
        <ele>1237.8</ele>
      </trkpt>
      <trkpt lat="-27.702089985832572" lon="25.551790008321404">
        <ele>1237.5999999999999</ele>
      </trkpt>
      <trkpt lat="-27.702050004154444" lon="25.55031999014318">
        <ele>1233</ele>
      </trkpt>
      <trkpt lat="-27.701680026948452" lon="25.546609992161393">
        <ele>1237.9000000000001</ele>
      </trkpt>
      <trkpt lat="-27.701450027525425" lon="25.544279990717769">
        <ele>1235.8</ele>
      </trkpt>
      <trkpt lat="-27.701179962605238" lon="25.5413599871099">
        <ele>1237.2</ele>
      </trkpt>
      <trkpt lat="-27.700790036469698" lon="25.534650022163987">
        <ele>1242.3</ele>
      </trkpt>
      <trkpt lat="-27.701499983668327" lon="25.523729994893074">
        <ele>1237.9000000000001</ele>
      </trkpt>
      <trkpt lat="-27.701550023630261" lon="25.522979982197285">
        <ele>1235.4000000000001</ele>
      </trkpt>
      <trkpt lat="-27.702909987419844" lon="25.517480028793216">
        <ele>1239.5</ele>
      </trkpt>
      <trkpt lat="-27.702990034595132" lon="25.516739990562201">
        <ele>1239.8</ele>
      </trkpt>
      <trkpt lat="-27.70333000458777" lon="25.51085002720356">
        <ele>1239</ele>
      </trkpt>
      <trkpt lat="-27.704470027238131" lon="25.49622000195086">
        <ele>1227.4000000000001</ele>
      </trkpt>
      <trkpt lat="-27.704970007762313" lon="25.494559966027737">
        <ele>1229.4000000000001</ele>
      </trkpt>
      <trkpt lat="-27.70913003012538" lon="25.481519987806678">
        <ele>1226.8</ele>
      </trkpt>
      <trkpt lat="-27.71231004036963" lon="25.472510028630495">
        <ele>1229.8</ele>
      </trkpt>
      <trkpt lat="-27.712480025365949" lon="25.471309991553426">
        <ele>1230.9000000000001</ele>
      </trkpt>
      <trkpt lat="-27.712150029838085" lon="25.464410008862615">
        <ele>1226.2</ele>
      </trkpt>
      <trkpt lat="-27.712260000407696" lon="25.462879976257682">
        <ele>1226.9000000000001</ele>
      </trkpt>
      <trkpt lat="-27.71287003532052" lon="25.461450023576617">
        <ele>1226.0999999999999</ele>
      </trkpt>
      <trkpt lat="-27.717199958860874" lon="25.453930031508207">
        <ele>1229.2</ele>
      </trkpt>
      <trkpt lat="-27.717749979346991" lon="25.452490020543337">
        <ele>1231.3</ele>
      </trkpt>
      <trkpt lat="-27.719040038064122" lon="25.446970034390688">
        <ele>1229.5999999999999</ele>
      </trkpt>
      <trkpt lat="-27.720650034025311" lon="25.440710010007024">
        <ele>1235.2</ele>
      </trkpt>
      <trkpt lat="-27.721329974010587" lon="25.438099969178438">
        <ele>1231.7</ele>
      </trkpt>
      <trkpt lat="-27.722179982811213" lon="25.434749973937869">
        <ele>1234.5</ele>
      </trkpt>
      <trkpt lat="-27.722829999402165" lon="25.432270020246506">
        <ele>1233.5999999999999</ele>
      </trkpt>
      <trkpt lat="-27.723299972712994" lon="25.430389959365129">
        <ele>1237.4000000000001</ele>
      </trkpt>
      <trkpt lat="-27.724779965355992" lon="25.424720020964742">
        <ele>1242.7</ele>
      </trkpt>
      <trkpt lat="-27.724879961460829" lon="25.42433001101017">
        <ele>1242.7</ele>
      </trkpt>
      <trkpt lat="-27.728649973869324" lon="25.409799981862307">
        <ele>1236</ele>
      </trkpt>
      <trkpt lat="-27.729759989306331" lon="25.405399985611439">
        <ele>1231</ele>
      </trkpt>
      <trkpt lat="-27.730099959298968" lon="25.404210006818175">
        <ele>1229.3</ele>
      </trkpt>
      <trkpt lat="-27.73091996088624" lon="25.402809977531433">
        <ele>1230</ele>
      </trkpt>
      <trkpt lat="-27.731399992480874" lon="25.402240008115768">
        <ele>1229.5</ele>
      </trkpt>
      <trkpt lat="-27.7411899715662" lon="25.391119988635182">
        <ele>1234.0999999999999</ele>
      </trkpt>
      <trkpt lat="-27.74193998426199" lon="25.390229998156428">
        <ele>1233.3</ele>
      </trkpt>
      <trkpt lat="-27.742529986426234" lon="25.389270018786192">
        <ele>1233.8</ele>
      </trkpt>
      <trkpt lat="-27.747150007635355" lon="25.377610037103295">
        <ele>1227.4000000000001</ele>
      </trkpt>
      <trkpt lat="-27.748769978061318" lon="25.373740028589964">
        <ele>1221.5</ele>
      </trkpt>
      <trkpt lat="-27.749840011820197" lon="25.372460028156638">
        <ele>1221.5999999999999</ele>
      </trkpt>
      <trkpt lat="-27.753900038078427" lon="25.368160028010607">
        <ele>1220.7</ele>
      </trkpt>
      <trkpt lat="-27.763590021058917" lon="25.359800001606345">
        <ele>1219.7</ele>
      </trkpt>
      <trkpt lat="-27.768269972875714" lon="25.355829996988177">
        <ele>1226.5</ele>
      </trkpt>
      <trkpt lat="-27.769219977781177" lon="25.35514997318387">
        <ele>1228.4000000000001</ele>
      </trkpt>
      <trkpt lat="-27.779989968985319" lon="25.349139980971813">
        <ele>1225.5999999999999</ele>
      </trkpt>
      <trkpt lat="-27.787480037659407" lon="25.344960009679198">
        <ele>1219</ele>
      </trkpt>
      <trkpt lat="-27.790180016309023" lon="25.343819987028837">
        <ele>1219.7</ele>
      </trkpt>
      <trkpt lat="-27.79356999322772" lon="25.343340039253235">
        <ele>1216</ele>
      </trkpt>
      <trkpt lat="-27.794359987601638" lon="25.343099981546402">
        <ele>1215.7</ele>
      </trkpt>
      <trkpt lat="-27.794619994238019" lon="25.342850033193827">
        <ele>1215.7</ele>
      </trkpt>
      <trkpt lat="-27.79474999755621" lon="25.342219965532422">
        <ele>1216.0999999999999</ele>
      </trkpt>
      <trkpt lat="-27.79472996480763" lon="25.340019967406988">
        <ele>1223</ele>
      </trkpt>
      <trkpt lat="-27.794889975339174" lon="25.335149997845292">
        <ele>1228.5999999999999</ele>
      </trkpt>
      <trkpt lat="-27.794970022514462" lon="25.333530027419329">
        <ele>1227.3</ele>
      </trkpt>
      <trkpt lat="-27.795749958604574" lon="25.324170039966702">
        <ele>1220.5999999999999</ele>
      </trkpt>
      <trkpt lat="-27.797440001741052" lon="25.317009966820478">
        <ele>1216.3</ele>
      </trkpt>
      <trkpt lat="-27.797509990632534" lon="25.315840020775795">
        <ele>1220</ele>
      </trkpt>
      <trkpt lat="-27.797709982842207" lon="25.31065003015101">
        <ele>1223.0999999999999</ele>
      </trkpt>
      <trkpt lat="-27.798190014436841" lon="25.299890013411641">
        <ele>1220.0999999999999</ele>
      </trkpt>
      <trkpt lat="-27.79833996668458" lon="25.294849975034595">
        <ele>1221.5999999999999</ele>
      </trkpt>
      <trkpt lat="-27.79846997000277" lon="25.29256003908813">
        <ele>1222.3</ele>
      </trkpt>
      <trkpt lat="-27.799930013716221" lon="25.286709973588586">
        <ele>1227.5999999999999</ele>
      </trkpt>
      <trkpt lat="-27.801080010831356" lon="25.2815199829638">
        <ele>1226.5999999999999</ele>
      </trkpt>
      <trkpt lat="-27.801870005205274" lon="25.278199994936585">
        <ele>1222.5999999999999</ele>
      </trkpt>
      <trkpt lat="-27.80325997620821" lon="25.274680014699697">
        <ele>1218.9000000000001</ele>
      </trkpt>
      <trkpt lat="-27.80368996784091" lon="25.274069979786873">
        <ele>1217.4000000000001</ele>
      </trkpt>
      <trkpt lat="-27.807150017470121" lon="25.272469958290458">
        <ele>1221.7</ele>
      </trkpt>
      <trkpt lat="-27.809970024973154" lon="25.271200016140938">
        <ele>1222.5</ele>
      </trkpt>
      <trkpt lat="-27.811640035361052" lon="25.270429970696568">
        <ele>1220.0999999999999</ele>
      </trkpt>
      <trkpt lat="-27.813410041853786" lon="25.26993996463716">
        <ele>1219</ele>
      </trkpt>
      <trkpt lat="-27.815069993957877" lon="25.269690016284585">
        <ele>1218.5999999999999</ele>
      </trkpt>
      <trkpt lat="-27.817790005356073" lon="25.269699990749359">
        <ele>1223</ele>
      </trkpt>
      <trkpt lat="-27.821699995547533" lon="25.269750030711293">
        <ele>1226.5</ele>
      </trkpt>
      <trkpt lat="-27.822280023247004" lon="25.269669983536005">
        <ele>1225.9000000000001</ele>
      </trkpt>
      <trkpt lat="-27.824069978669286" lon="25.268770018592477">
        <ele>1225.5999999999999</ele>
      </trkpt>
      <trkpt lat="-27.825200026854873" lon="25.267880028113723">
        <ele>1225.8</ele>
      </trkpt>
      <trkpt lat="-27.827200032770634" lon="25.266280006617308">
        <ele>1224.8</ele>
      </trkpt>
      <trkpt lat="-27.827860023826361" lon="25.265850014984608">
        <ele>1224.2</ele>
      </trkpt>
      <trkpt lat="-27.828550022095442" lon="25.265620015561581">
        <ele>1222.8</ele>
      </trkpt>
      <trkpt lat="-27.836750037968159" lon="25.265480037778616">
        <ele>1226.0999999999999</ele>
      </trkpt>
      <trkpt lat="-27.838019980117679" lon="25.265330001711845">
        <ele>1225.4000000000001</ele>
      </trkpt>
      <trkpt lat="-27.84640003927052" lon="25.263480031862855">
        <ele>1222.5</ele>
      </trkpt>
      <trkpt lat="-27.847530003637075" lon="25.263269981369376">
        <ele>1221.9000000000001</ele>
      </trkpt>
      <trkpt lat="-27.849929993972182" lon="25.26289002969861">
        <ele>1218.5</ele>
      </trkpt>
      <trkpt lat="-27.851140005514026" lon="25.262770000845194">
        <ele>1221</ele>
      </trkpt>
      <trkpt lat="-27.858780026435852" lon="25.262319976463914">
        <ele>1217.4000000000001</ele>
      </trkpt>
      <trkpt lat="-27.862049974501133" lon="25.262300027534366">
        <ele>1219.5</ele>
      </trkpt>
      <trkpt lat="-27.862939964979887" lon="25.261899959295988">
        <ele>1218.2</ele>
      </trkpt>
      <trkpt lat="-27.869180040434003" lon="25.257550003007054">
        <ele>1220.0999999999999</ele>
      </trkpt>
      <trkpt lat="-27.869999958202243" lon="25.25693996809423">
        <ele>1220</ele>
      </trkpt>
      <trkpt lat="-27.870530029758811" lon="25.256420038640499">
        <ele>1219.9000000000001</ele>
      </trkpt>
      <trkpt lat="-27.871039984747767" lon="25.255519989877939">
        <ele>1220.0999999999999</ele>
      </trkpt>
      <trkpt lat="-27.877300009131432" lon="25.243549961596727">
        <ele>1217.8</ele>
      </trkpt>
      <trkpt lat="-27.880050027742982" lon="25.239929985255003">
        <ele>1216.9000000000001</ele>
      </trkpt>
      <trkpt lat="-27.883519968017936" lon="25.234500020742416">
        <ele>1216.0999999999999</ele>
      </trkpt>
      <trkpt lat="-27.884710030630231" lon="25.231680013239384">
        <ele>1217</ele>
      </trkpt>
      <trkpt lat="-27.885300032794476" lon="25.22859999909997">
        <ele>1216.5999999999999</ele>
      </trkpt>
      <trkpt lat="-27.885770006105304" lon="25.227169962599874">
        <ele>1216.0999999999999</ele>
      </trkpt>
      <trkpt lat="-27.887019999325275" lon="25.224019959568977">
        <ele>1216.2</ele>
      </trkpt>
      <trkpt lat="-27.889840006828308" lon="25.218280032277107">
        <ele>1218.7</ele>
      </trkpt>
      <trkpt lat="-27.891800031065941" lon="25.212329970672727">
        <ele>1218.5999999999999</ele>
      </trkpt>
      <trkpt lat="-27.892690021544695" lon="25.209429999813437">
        <ele>1216.5</ele>
      </trkpt>
      <trkpt lat="-27.893150020390749" lon="25.208470020443201">
        <ele>1216.5999999999999</ele>
      </trkpt>
      <trkpt lat="-27.897780016064644" lon="25.202620038762689">
        <ele>1215.3</ele>
      </trkpt>
      <trkpt lat="-27.898479988798499" lon="25.20195996388793">
        <ele>1214.3</ele>
      </trkpt>
      <trkpt lat="-27.89994003251195" lon="25.200999984517694">
        <ele>1217.4000000000001</ele>
      </trkpt>
      <trkpt lat="-27.908870028331876" lon="25.195909989997745">
        <ele>1210</ele>
      </trkpt>
      <trkpt lat="-27.909639989957213" lon="25.195310013368726">
        <ele>1210.5999999999999</ele>
      </trkpt>
      <trkpt lat="-27.914429996162653" lon="25.186819983646274">
        <ele>1209.9000000000001</ele>
      </trkpt>
      <trkpt lat="-27.921489989385009" lon="25.17843003384769">
        <ele>1211.2</ele>
      </trkpt>
      <trkpt lat="-27.923750001937151" lon="25.175910014659166">
        <ele>1208.7</ele>
      </trkpt>
      <trkpt lat="-27.927750013768673" lon="25.172669989988208">
        <ele>1210.8</ele>
      </trkpt>
      <trkpt lat="-27.928630029782653" lon="25.171959958970547">
        <ele>1210</ele>
      </trkpt>
      <trkpt lat="-27.930830027908087" lon="25.172839974984527">
        <ele>1213.2</ele>
      </trkpt>
      <trkpt lat="-27.932189991697669" lon="25.173389995470643">
        <ele>1212.0999999999999</ele>
      </trkpt>
      <trkpt lat="-27.932350002229214" lon="25.173450009897351">
        <ele>1212.3</ele>
      </trkpt>
      <trkpt lat="-27.932359976693988" lon="25.173459984362125">
        <ele>1212.3</ele>
      </trkpt>
      <trkpt lat="-27.932800026610494" lon="25.173629969358444">
        <ele>1211.9000000000001</ele>
      </trkpt>
      <trkpt lat="-27.952690031379461" lon="25.182050010189414">
        <ele>1210.5999999999999</ele>
      </trkpt>
      <trkpt lat="-27.969739995896816" lon="25.195760037750006">
        <ele>1222.2</ele>
      </trkpt>
      <trkpt lat="-27.982869995757937" lon="25.206400025635958">
        <ele>1226.4000000000001</ele>
      </trkpt>
      <trkpt lat="-27.984259966760874" lon="25.20732999779284">
        <ele>1227.5999999999999</ele>
      </trkpt>
      <trkpt lat="-27.984579987823963" lon="25.207480033859611">
        <ele>1227</ele>
      </trkpt>
      <trkpt lat="-27.985599981620908" lon="25.207669967785478">
        <ele>1225.5</ele>
      </trkpt>
      <trkpt lat="-27.987729990854859" lon="25.207439968362451">
        <ele>1229.2</ele>
      </trkpt>
      <trkpt lat="-27.991000022739172" lon="25.207030009478331">
        <ele>1229.5999999999999</ele>
      </trkpt>
      <trkpt lat="-27.994810016825795" lon="25.206509996205568">
        <ele>1230.7</ele>
      </trkpt>
      <trkpt lat="-28.013230003416538" lon="25.202439995482564">
        <ele>1233.0999999999999</ele>
      </trkpt>
      <trkpt lat="-28.025449980050325" lon="25.201450008898973">
        <ele>1226.3</ele>
      </trkpt>
      <trkpt lat="-28.027430037036538" lon="25.201650001108646">
        <ele>1228.7</ele>
      </trkpt>
      <trkpt lat="-28.034449964761734" lon="25.202400013804436">
        <ele>1227.0999999999999</ele>
      </trkpt>
      <trkpt lat="-28.036809973418713" lon="25.202679969370365">
        <ele>1228.3</ele>
      </trkpt>
      <trkpt lat="-28.037889981642365" lon="25.202850038185716">
        <ele>1227.5</ele>
      </trkpt>
      <trkpt lat="-28.071750020608306" lon="25.208970000967383">
        <ele>1235.5</ele>
      </trkpt>
      <trkpt lat="-28.108029998838902" lon="25.211450038477778">
        <ele>1248.3</ele>
      </trkpt>
      <trkpt lat="-28.110480029135942" lon="25.211550034582615">
        <ele>1246.3</ele>
      </trkpt>
      <trkpt lat="-28.140769964084029" lon="25.207230001688004">
        <ele>1272.4000000000001</ele>
      </trkpt>
      <trkpt lat="-28.143380004912615" lon="25.207239976152778">
        <ele>1282</ele>
      </trkpt>
      <trkpt lat="-28.158120000734925" lon="25.207889992743731">
        <ele>1298.2</ele>
      </trkpt>
      <trkpt lat="-28.158870013430715" lon="25.207750014960766">
        <ele>1298.5999999999999</ele>
      </trkpt>
      <trkpt lat="-28.159620026126504" lon="25.207420019432902">
        <ele>1299.5</ele>
      </trkpt>
      <trkpt lat="-28.160289991647005" lon="25.206819958984852">
        <ele>1300.7</ele>
      </trkpt>
      <trkpt lat="-28.164099985733628" lon="25.200379975140095">
        <ele>1324.5</ele>
      </trkpt>
      <trkpt lat="-28.164329985156655" lon="25.199979990720749">
        <ele>1325.5999999999999</ele>
      </trkpt>
      <trkpt lat="-28.164759976789355" lon="25.199299966916442">
        <ele>1324.3</ele>
      </trkpt>
      <trkpt lat="-28.165670000016689" lon="25.19852003082633">
        <ele>1323.7</ele>
      </trkpt>
      <trkpt lat="-28.168610036373138" lon="25.19678003154695">
        <ele>1324.7</ele>
      </trkpt>
      <trkpt lat="-28.170320028439164" lon="25.195660041645169">
        <ele>1323.9000000000001</ele>
      </trkpt>
      <trkpt lat="-28.194499975070357" lon="25.178310004994273">
        <ele>1296.2</ele>
      </trkpt>
      <trkpt lat="-28.196320021525025" lon="25.177130000665784">
        <ele>1296.3</ele>
      </trkpt>
      <trkpt lat="-28.209450021386147" lon="25.171510018408298">
        <ele>1290.9000000000001</ele>
      </trkpt>
      <trkpt lat="-28.22931001894176" lon="25.163690038025379">
        <ele>1295.5</ele>
      </trkpt>
      <trkpt lat="-28.248770032078028" lon="25.154449995607138">
        <ele>1298.3</ele>
      </trkpt>
      <trkpt lat="-28.255630033090711" lon="25.151269985362887">
        <ele>1298.2</ele>
      </trkpt>
      <trkpt lat="-28.256669975817204" lon="25.151020037010312">
        <ele>1298.8</ele>
      </trkpt>
      <trkpt lat="-28.257949976250529" lon="25.151020037010312">
        <ele>1297.9000000000001</ele>
      </trkpt>
      <trkpt lat="-28.273469991981983" lon="25.152119994163513">
        <ele>1308.3</ele>
      </trkpt>
      <trkpt lat="-28.293910017237067" lon="25.153420027345419">
        <ele>1317.0999999999999</ele>
      </trkpt>
      <trkpt lat="-28.296059975400567" lon="25.153790004551411">
        <ele>1318</ele>
      </trkpt>
      <trkpt lat="-28.314820015802979" lon="25.160840023308992">
        <ele>1301</ele>
      </trkpt>
      <trkpt lat="-28.319410029798746" lon="25.162569964304566">
        <ele>1293.2</ele>
      </trkpt>
      <trkpt lat="-28.330350005999207" lon="25.16652999445796">
        <ele>1279.9000000000001</ele>
      </trkpt>
      <trkpt lat="-28.331509977579117" lon="25.166520019993186">
        <ele>1279.5</ele>
      </trkpt>
      <trkpt lat="-28.332659974694252" lon="25.166260013356805">
        <ele>1278.8</ele>
      </trkpt>
      <trkpt lat="-28.341649984940886" lon="25.1639099791646">
        <ele>1273.4000000000001</ele>
      </trkpt>
      <trkpt lat="-28.346620034426451" lon="25.162610029801726">
        <ele>1267.9000000000001</ele>
      </trkpt>
      <trkpt lat="-28.34775997325778" lon="25.162569964304566">
        <ele>1267.9000000000001</ele>
      </trkpt>
      <trkpt lat="-28.348890021443367" lon="25.163189973682165">
        <ele>1267.2</ele>
      </trkpt>
      <trkpt lat="-28.350730016827583" lon="25.164590002968907">
        <ele>1266.3</ele>
      </trkpt>
      <trkpt lat="-28.35933999158442" lon="25.171189997345209">
        <ele>1256.2</ele>
      </trkpt>
      <trkpt lat="-28.360599959269166" lon="25.17172995954752">
        <ele>1255.3</ele>
      </trkpt>
      <trkpt lat="-28.362250020727515" lon="25.171670028939843">
        <ele>1252.3</ele>
      </trkpt>
      <trkpt lat="-28.402660014107823" lon="25.166999967768788">
        <ele>1230.5</ele>
      </trkpt>
      <trkpt lat="-28.406419968232512" lon="25.167419984936714">
        <ele>1230.5</ele>
      </trkpt>
      <trkpt lat="-28.413969967514277" lon="25.168379964306951">
        <ele>1222.5</ele>
      </trkpt>
      <trkpt lat="-28.420629976317286" lon="25.170260025188327">
        <ele>1220.8</ele>
      </trkpt>
      <trkpt lat="-28.424940034747124" lon="25.171649996191263">
        <ele>1218.9000000000001</ele>
      </trkpt>
      <trkpt lat="-28.426290024071932" lon="25.17185996286571">
        <ele>1216.8</ele>
      </trkpt>
      <trkpt lat="-28.434270014986396" lon="25.172300012782216">
        <ele>1216.4000000000001</ele>
      </trkpt>
      <trkpt lat="-28.436639998108149" lon="25.172049980610609">
        <ele>1215.4000000000001</ele>
      </trkpt>
      <trkpt lat="-28.439149959012866" lon="25.171619988977909">
        <ele>1213.0999999999999</ele>
      </trkpt>
      <trkpt lat="-28.440879983827472" lon="25.17177002504468">
        <ele>1212.5999999999999</ele>
      </trkpt>
      <trkpt lat="-28.443009993061423" lon="25.172049980610609">
        <ele>1211.2</ele>
      </trkpt>
      <trkpt lat="-28.44409997574985" lon="25.172390034422278">
        <ele>1211.3</ele>
      </trkpt>
      <trkpt lat="-28.445009998977184" lon="25.172909963876009">
        <ele>1212.5</ele>
      </trkpt>
      <trkpt lat="-28.445890014991164" lon="25.173540031537414">
        <ele>1212.4000000000001</ele>
      </trkpt>
      <trkpt lat="-28.47593997605145" lon="25.195890041068196">
        <ele>1236.0999999999999</ele>
      </trkpt>
      <trkpt lat="-28.477360038086772" lon="25.196639969944954">
        <ele>1237.7</ele>
      </trkpt>
      <trkpt lat="-28.479170026257634" lon="25.196899976581335">
        <ele>1239.4000000000001</ele>
      </trkpt>
      <trkpt lat="-28.490010006353259" lon="25.197540018707514">
        <ele>1238.0999999999999</ele>
      </trkpt>
      <trkpt lat="-28.490609982982278" lon="25.197459971532226">
        <ele>1238.8</ele>
      </trkpt>
      <trkpt lat="-28.500229977071285" lon="25.193319981917739">
        <ele>1246</ele>
      </trkpt>
      <trkpt lat="-28.501709969714284" lon="25.192729979753494">
        <ele>1246.3</ele>
      </trkpt>
      <trkpt lat="-28.503079991787672" lon="25.192959979176521">
        <ele>1246.7</ele>
      </trkpt>
      <trkpt lat="-28.504210039973259" lon="25.193689959123731">
        <ele>1247</ele>
      </trkpt>
      <trkpt lat="-28.505990020930767" lon="25.195349995046854">
        <ele>1250.5</ele>
      </trkpt>
      <trkpt lat="-28.506740033626556" lon="25.196379963308573">
        <ele>1248.3</ele>
      </trkpt>
      <trkpt lat="-28.528089998289943" lon="25.230200020596385">
        <ele>1246.2</ele>
      </trkpt>
      <trkpt lat="-28.530480014160275" lon="25.232460033148527">
        <ele>1249.5</ele>
      </trkpt>
      <trkpt lat="-28.534559989348054" lon="25.236110016703606">
        <ele>1249.5</ele>
      </trkpt>
      <trkpt lat="-28.540000012144446" lon="25.239119958132505">
        <ele>1255.9000000000001</ele>
      </trkpt>
      <trkpt lat="-28.544830000028014" lon="25.227619986981153">
        <ele>1261.5999999999999</ele>
      </trkpt>
      <trkpt lat="-28.545550005510449" lon="25.225840006023645">
        <ele>1260.7</ele>
      </trkpt>
      <trkpt lat="-28.544880039989948" lon="25.224479958415031">
        <ele>1261.7</ele>
      </trkpt>
      <trkpt lat="-28.543859962373972" lon="25.221449984237552">
        <ele>1262.8</ele>
      </trkpt>
      <trkpt lat="-28.543499959632754" lon="25.219860021024942">
        <ele>1262.3</ele>
      </trkpt>
      <trkpt lat="-28.542560013011098" lon="25.202879961580038">
        <ele>1258.9000000000001</ele>
      </trkpt>
      <trkpt lat="-28.542320039123297" lon="25.193330040201545">
        <ele>1265</ele>
      </trkpt>
      <trkpt lat="-28.542290031909943" lon="25.192360002547503">
        <ele>1265</ele>
      </trkpt>
      <trkpt lat="-28.542079981416464" lon="25.190889984369278">
        <ele>1265.9000000000001</ele>
      </trkpt>
      <trkpt lat="-28.540939958766103" lon="25.185360023751855">
        <ele>1265.2</ele>
      </trkpt>
      <trkpt lat="-28.54075999930501" lon="25.18386997282505">
        <ele>1265.3</ele>
      </trkpt>
      <trkpt lat="-28.541010031476617" lon="25.181090030819178">
        <ele>1266.7</ele>
      </trkpt>
      <trkpt lat="-28.541029980406165" lon="25.180890038609505">
        <ele>1266.7</ele>
      </trkpt>
      <trkpt lat="-28.541370034217834" lon="25.177150033414364">
        <ele>1262.2</ele>
      </trkpt>
      <trkpt lat="-28.54129996150732" lon="25.175589993596077">
        <ele>1260.9000000000001</ele>
      </trkpt>
      <trkpt lat="-28.540339982137084" lon="25.172460023313761">
        <ele>1254.4000000000001</ele>
      </trkpt>
      <trkpt lat="-28.540009986609221" lon="25.170430010184646">
        <ele>1253.5999999999999</ele>
      </trkpt>
      <trkpt lat="-28.534569963812828" lon="25.135330036282539">
        <ele>1236.5</ele>
      </trkpt>
      <trkpt lat="-28.531579971313477" lon="25.113399960100651">
        <ele>1234.0999999999999</ele>
      </trkpt>
      <trkpt lat="-28.529079984873533" lon="25.103059960529208">
        <ele>1233.9000000000001</ele>
      </trkpt>
      <trkpt lat="-28.528329972177744" lon="25.099579961970448">
        <ele>1232.5</ele>
      </trkpt>
      <trkpt lat="-28.528519989922643" lon="25.098240030929446">
        <ele>1232.5999999999999</ele>
      </trkpt>
      <trkpt lat="-28.529960000887513" lon="25.091799963265657">
        <ele>1237.2</ele>
      </trkpt>
      <trkpt lat="-28.53008002974093" lon="25.090639991685748">
        <ele>1239.5</ele>
      </trkpt>
      <trkpt lat="-28.529119966551661" lon="25.077489959076047">
        <ele>1237.9000000000001</ele>
      </trkpt>
      <trkpt lat="-28.529089959338307" lon="25.075000030919909">
        <ele>1240.9000000000001</ele>
      </trkpt>
      <trkpt lat="-28.529599998146296" lon="25.062809977680445">
        <ele>1232.7</ele>
      </trkpt>
      <trkpt lat="-28.531939974054694" lon="25.049089975655079">
        <ele>1232.2</ele>
      </trkpt>
      <trkpt lat="-28.533909972757101" lon="25.042549995705485">
        <ele>1231.0999999999999</ele>
      </trkpt>
      <trkpt lat="-28.536000000312924" lon="25.029859961941838">
        <ele>1224.5</ele>
      </trkpt>
      <trkpt lat="-28.536060014739633" lon="25.028469990938902">
        <ele>1225</ele>
      </trkpt>
      <trkpt lat="-28.535869996994734" lon="25.027150008827448">
        <ele>1224</ele>
      </trkpt>
      <trkpt lat="-28.533349977806211" lon="25.013850023970008">
        <ele>1217.5999999999999</ele>
      </trkpt>
      <trkpt lat="-28.532629972323775" lon="25.009999964386225">
        <ele>1214.2</ele>
      </trkpt>
      <trkpt lat="-28.532640030607581" lon="25.008770003914833">
        <ele>1214.7</ele>
      </trkpt>
      <trkpt lat="-28.532900037243962" lon="25.007209964096546">
        <ele>1216.7</ele>
      </trkpt>
      <trkpt lat="-28.533059963956475" lon="25.006820037961006">
        <ele>1216.9000000000001</ele>
      </trkpt>
      <trkpt lat="-28.53861004114151" lon="25.001729959622025">
        <ele>1220.4000000000001</ele>
      </trkpt>
      <trkpt lat="-28.541900021955371" lon="24.998999973759055">
        <ele>1221.2</ele>
      </trkpt>
      <trkpt lat="-28.545870026573539" lon="24.99511999078095">
        <ele>1223.5999999999999</ele>
      </trkpt>
      <trkpt lat="-28.547629974782467" lon="24.993249988183379">
        <ele>1220.3</ele>
      </trkpt>
      <trkpt lat="-28.548800004646182" lon="24.991260040551424">
        <ele>1221.8</ele>
      </trkpt>
      <trkpt lat="-28.555869972333312" lon="24.977090014144778">
        <ele>1222</ele>
      </trkpt>
      <trkpt lat="-28.556099971756339" lon="24.976769993081689">
        <ele>1221.9000000000001</ele>
      </trkpt>
      <trkpt lat="-28.556619985029101" lon="24.976279987022281">
        <ele>1222</ele>
      </trkpt>
      <trkpt lat="-28.560199979692698" lon="24.973830040544271">
        <ele>1223.8</ele>
      </trkpt>
      <trkpt lat="-28.560970025137067" lon="24.973299968987703">
        <ele>1223.3</ele>
      </trkpt>
      <trkpt lat="-28.56390000320971" lon="24.970590015873313">
        <ele>1225</ele>
      </trkpt>
      <trkpt lat="-28.565719965845346" lon="24.969140030443668">
        <ele>1223.8</ele>
      </trkpt>
      <trkpt lat="-28.57184998691082" lon="24.965310003608465">
        <ele>1221.5</ele>
      </trkpt>
      <trkpt lat="-28.573009958490729" lon="24.964359998703003">
        <ele>1222.5</ele>
      </trkpt>
      <trkpt lat="-28.573900032788515" lon="24.963449975475669">
        <ele>1221.3</ele>
      </trkpt>
      <trkpt lat="-28.576349979266524" lon="24.960510022938251">
        <ele>1221.8</ele>
      </trkpt>
      <trkpt lat="-28.576869992539287" lon="24.9596699886024">
        <ele>1221.2</ele>
      </trkpt>
      <trkpt lat="-28.57762997969985" lon="24.957650033757091">
        <ele>1222.7</ele>
      </trkpt>
      <trkpt lat="-28.577759983018041" lon="24.957279972732067">
        <ele>1222.7</ele>
      </trkpt>
      <trkpt lat="-28.578279996290803" lon="24.955839961767197">
        <ele>1221</ele>
      </trkpt>
      <trkpt lat="-28.579559996724129" lon="24.95388999581337">
        <ele>1223.8</ele>
      </trkpt>
      <trkpt lat="-28.581699980422854" lon="24.951130002737045">
        <ele>1225.5</ele>
      </trkpt>
      <trkpt lat="-28.583220038563013" lon="24.949199985712767">
        <ele>1223</ele>
      </trkpt>
      <trkpt lat="-28.583669979125261" lon="24.948470005765557">
        <ele>1222.5999999999999</ele>
      </trkpt>
      <trkpt lat="-28.585920017212629" lon="24.939939994364977">
        <ele>1217.2</ele>
      </trkpt>
      <trkpt lat="-28.586919978260994" lon="24.937679981812835">
        <ele>1218.8</ele>
      </trkpt>
      <trkpt lat="-28.589479979127645" lon="24.930629963055253">
        <ele>1220.0999999999999</ele>
      </trkpt>
      <trkpt lat="-28.591019986197352" lon="24.926189985126257">
        <ele>1219.8</ele>
      </trkpt>
      <trkpt lat="-28.597299959510565" lon="24.909770004451275">
        <ele>1222.7</ele>
      </trkpt>
      <trkpt lat="-28.599580004811287" lon="24.903089962899685">
        <ele>1222.4000000000001</ele>
      </trkpt>
      <trkpt lat="-28.600089959800243" lon="24.901809962466359">
        <ele>1220.4000000000001</ele>
      </trkpt>
      <trkpt lat="-28.600980034098029" lon="24.900389984250069">
        <ele>1222.9000000000001</ele>
      </trkpt>
      <trkpt lat="-28.603290002793074" lon="24.89802997559309">
        <ele>1224.4000000000001</ele>
      </trkpt>
      <trkpt lat="-28.604830009862781" lon="24.895069990307093">
        <ele>1226.9000000000001</ele>
      </trkpt>
      <trkpt lat="-28.608140023425221" lon="24.888500003144145">
        <ele>1228.4000000000001</ele>
      </trkpt>
      <trkpt lat="-28.609420023858547" lon="24.886009991168976">
        <ele>1226.5999999999999</ele>
      </trkpt>
      <trkpt lat="-28.610219992697239" lon="24.885120000690222">
        <ele>1227.4000000000001</ele>
      </trkpt>
      <trkpt lat="-28.613609969615936" lon="24.882529992610216">
        <ele>1230</ele>
      </trkpt>
      <trkpt lat="-28.628650037571788" lon="24.870919967070222">
        <ele>1230.8</ele>
      </trkpt>
      <trkpt lat="-28.630530014634132" lon="24.869529996067286">
        <ele>1231.0999999999999</ele>
      </trkpt>
      <trkpt lat="-28.639939958229661" lon="24.865859979763627">
        <ele>1232.9000000000001</ele>
      </trkpt>
      <trkpt lat="-28.64186997525394" lon="24.865480028092861">
        <ele>1231.2</ele>
      </trkpt>
      <trkpt lat="-28.643249971792102" lon="24.864960014820099">
        <ele>1230.8</ele>
      </trkpt>
      <trkpt lat="-28.649730021134019" lon="24.861729964613914">
        <ele>1227.5999999999999</ele>
      </trkpt>
      <trkpt lat="-28.65312997251749" lon="24.859549999237061">
        <ele>1228.2</ele>
      </trkpt>
      <trkpt lat="-28.655580002814531" lon="24.858119962736964">
        <ele>1223.9000000000001</ele>
      </trkpt>
      <trkpt lat="-28.656230019405484" lon="24.857619982212782">
        <ele>1223.5999999999999</ele>
      </trkpt>
      <trkpt lat="-28.657970018684864" lon="24.855779986828566">
        <ele>1220.4000000000001</ele>
      </trkpt>
      <trkpt lat="-28.659320008009672" lon="24.854699978604913">
        <ele>1220.8</ele>
      </trkpt>
      <trkpt lat="-28.664140021428466" lon="24.851409997791052">
        <ele>1215.9000000000001</ele>
      </trkpt>
      <trkpt lat="-28.666679989546537" lon="24.850069982931018">
        <ele>1217.2</ele>
      </trkpt>
      <trkpt lat="-28.667320031672716" lon="24.849739987403154">
        <ele>1216.4000000000001</ele>
      </trkpt>
      <trkpt lat="-28.682790007442236" lon="24.838379994034767">
        <ele>1210</ele>
      </trkpt>
      <trkpt lat="-28.683800026774406" lon="24.837659988552332">
        <ele>1208.8</ele>
      </trkpt>
      <trkpt lat="-28.691710028797388" lon="24.83277996070683">
        <ele>1209.9000000000001</ele>
      </trkpt>
      <trkpt lat="-28.695409968495369" lon="24.830219959840178">
        <ele>1206.5</ele>
      </trkpt>
      <trkpt lat="-28.700870024040341" lon="24.827970005571842">
        <ele>1209.5</ele>
      </trkpt>
      <trkpt lat="-28.70144996792078" lon="24.827610002830625">
        <ele>1209</ele>
      </trkpt>
      <trkpt lat="-28.704190012067556" lon="24.824299989268184">
        <ele>1212.8</ele>
      </trkpt>
      <trkpt lat="-28.712539980188012" lon="24.814080018550158">
        <ele>1217</ele>
      </trkpt>
      <trkpt lat="-28.71926000341773" lon="24.807550013065338">
        <ele>1223.7</ele>
      </trkpt>
      <trkpt lat="-28.720860024914145" lon="24.806000031530857">
        <ele>1223</ele>
      </trkpt>
      <trkpt lat="-28.721290016546845" lon="24.805519999936223">
        <ele>1223.5</ele>
      </trkpt>
      <trkpt lat="-28.722830023616552" lon="24.803410023450851">
        <ele>1225.0999999999999</ele>
      </trkpt>
      <trkpt lat="-28.725969968363643" lon="24.798820009455085">
        <ele>1221.0999999999999</ele>
      </trkpt>
      <trkpt lat="-28.727569989860058" lon="24.795749969780445">
        <ele>1221.9000000000001</ele>
      </trkpt>
      <trkpt lat="-28.728640023618937" lon="24.794269977137446">
        <ele>1221.4000000000001</ele>
      </trkpt>
      <trkpt lat="-28.729479974135756" lon="24.793960014358163">
        <ele>1221.9000000000001</ele>
      </trkpt>
      <trkpt lat="-28.730849996209145" lon="24.793899999931455">
        <ele>1223</ele>
      </trkpt>
      <trkpt lat="-28.735660035163164" lon="24.793700007721782">
        <ele>1217.0999999999999</ele>
      </trkpt>
      <trkpt lat="-28.735719965770841" lon="24.793939981609583">
        <ele>1216.5999999999999</ele>
      </trkpt>
      <trkpt lat="-28.742079986259341" lon="24.79143999516964">
        <ele>1220.5</ele>
      </trkpt>
      <trkpt lat="-28.744279984384775" lon="24.79189001955092">
        <ele>1221.2</ele>
      </trkpt>
      <trkpt lat="-28.747030002996325" lon="24.792599966749549">
        <ele>1220.4000000000001</ele>
      </trkpt>
      <trkpt lat="-28.748119985684752" lon="24.792910013347864">
        <ele>1216.7</ele>
      </trkpt>
      <trkpt lat="-28.748170025646687" lon="24.791070017963648">
        <ele>1223.4000000000001</ele>
      </trkpt>
      <trkpt lat="-28.748000040650368" lon="24.790210034698248">
        <ele>1225.4000000000001</ele>
      </trkpt>
      <trkpt lat="-28.747410038486123" lon="24.789140000939369">
        <ele>1227.9000000000001</ele>
      </trkpt>
      <trkpt lat="-28.746379986405373" lon="24.788189996033907">
        <ele>1228.5</ele>
      </trkpt>
      <trkpt lat="-28.746089972555637" lon="24.787499997764826">
        <ele>1231.7</ele>
      </trkpt>
      <trkpt lat="-28.744620038196445" lon="24.783539967611432">
        <ele>1233.4000000000001</ele>
      </trkpt>
      <trkpt lat="-28.744879961013794" lon="24.783420022577047">
        <ele>1234.5</ele>
      </trkpt>
      <trkpt lat="-28.745090011507273" lon="24.782939990982413">
        <ele>1235.0999999999999</ele>
      </trkpt>
      <trkpt lat="-28.745670039206743" lon="24.782449984923005">
        <ele>1236.5999999999999</ele>
      </trkpt>
      <trkpt lat="-28.747459994629025" lon="24.780770000070333">
        <ele>1239</ele>
      </trkpt>
      <trkpt lat="-28.748579984530807" lon="24.779550014063716">
        <ele>1237</ele>
      </trkpt>
      <trkpt lat="-28.749090023338795" lon="24.778920030221343">
        <ele>1233.9000000000001</ele>
      </trkpt>
      <trkpt lat="-28.749399986118078" lon="24.778620041906834">
        <ele>1234.0999999999999</ele>
      </trkpt>
      <trkpt lat="-28.750760033726692" lon="24.776769988238811">
        <ele>1237.5999999999999</ele>
      </trkpt>
      <trkpt lat="-28.754519987851381" lon="24.772399999201298">
        <ele>1237.9000000000001</ele>
      </trkpt>
      <trkpt lat="-28.751739962026477" lon="24.76976003497839">
        <ele>1241</ele>
      </trkpt>
      <trkpt lat="-28.751520020887256" lon="24.769140025600791">
        <ele>1241.2</ele>
      </trkpt>
      <trkpt lat="-28.751269988715649" lon="24.769070036709309">
        <ele>1241.7</ele>
      </trkpt>
      <trkpt lat="-28.75110000371933" lon="24.769200040027499">
        <ele>1241.7</ele>
      </trkpt>
      <trkpt lat="-28.75107997097075" lon="24.769549984484911">
        <ele>1241.4000000000001</ele>
      </trkpt>
      <trkpt lat="-28.751409966498613" lon="24.769689962267876">
        <ele>1241.0999999999999</ele>
      </trkpt>
      <trkpt lat="-28.751790001988411" lon="24.769300036132336">
        <ele>1241.0999999999999</ele>
      </trkpt>
      <trkpt lat="-28.752150004729629" lon="24.769210014492273">
        <ele>1241.5</ele>
      </trkpt>
      <trkpt lat="-28.755149971693754" lon="24.768490009009838">
        <ele>1242.4000000000001</ele>
      </trkpt>
      <trkpt lat="-28.759549967944622" lon="24.767470015212893">
        <ele>1236.2</ele>
      </trkpt>
      <trkpt lat="-28.762069987133145" lon="24.766859980300069">
        <ele>1228.5999999999999</ele>
      </trkpt>
      <trkpt lat="-28.763939989730716" lon="24.766529984772205">
        <ele>1224.5999999999999</ele>
      </trkpt>
      <trkpt lat="-28.767229970544577" lon="24.764750003814697">
        <ele>1223.5999999999999</ele>
      </trkpt>
      <trkpt lat="-28.767909994348884" lon="24.76454003714025">
        <ele>1223.8</ele>
      </trkpt>
      <trkpt lat="-28.774630017578602" lon="24.764759978279471">
        <ele>1214</ele>
      </trkpt>
      <trkpt lat="-28.738431008532643" lon="24.764267960563302">
        <ele>1229.6838439999999</ele>
      </trkpt>
      <trkpt lat="-28.738245014101267" lon="24.765016967430711">
        <ele>1229.6838439999999</ele>
      </trkpt>
      <trkpt lat="-28.738476019352674" lon="24.764417996630073">
        <ele>1229.7006309999999</ele>
      </trkpt>
      <trkpt lat="-28.738590013235807" lon="24.76391801610589">
        <ele>1229.718451</ele>
      </trkpt>
      <trkpt lat="-28.738865023478866" lon="24.763040011748672">
        <ele>1229.7507270000001</ele>
      </trkpt>
      <trkpt lat="-28.739585028961301" lon="24.761440996080637">
        <ele>1228.1765049999999</ele>
      </trkpt>
      <trkpt lat="-28.740588007494807" lon="24.76157602854073">
        <ele>1228.0407849999999</ele>
      </trkpt>
      <trkpt lat="-28.741390993818641" lon="24.760456038638949">
        <ele>1228.3484390000001</ele>
      </trkpt>
      <trkpt lat="-28.741831965744495" lon="24.75981499068439">
        <ele>1228.3516460000001</ele>
      </trkpt>
      <trkpt lat="-28.742085015401244" lon="24.75796602666378">
        <ele>1228.7577960000001</ele>
      </trkpt>
      <trkpt lat="-28.74579400755465" lon="24.758537001907825">
        <ele>1232.486754</ele>
      </trkpt>
      <trkpt lat="-28.747076019644737" lon="24.75908299908042">
        <ele>1234.241577</ele>
      </trkpt>
      <trkpt lat="-28.748829010874033" lon="24.75895500741899">
        <ele>1236.737717</ele>
      </trkpt>
      <trkpt lat="-28.75006902962923" lon="24.758836990222335">
        <ele>1238.1676540000001</ele>
      </trkpt>
      <trkpt lat="-28.750310009345412" lon="24.758816035464406">
        <ele>1238.425575</ele>
      </trkpt>
      <trkpt lat="-28.751155994832516" lon="24.758634986355901">
        <ele>1239.27523</ele>
      </trkpt>
      <trkpt lat="-28.751856973394752" lon="24.75876197218895">
        <ele>1239.9797430000001</ele>
      </trkpt>
      <trkpt lat="-28.752180011942983" lon="24.757014010101557">
        <ele>1240.672984</ele>
      </trkpt>
      <trkpt lat="-28.752533979713917" lon="24.755041999742389">
        <ele>1240.9537089999999</ele>
      </trkpt>
      <trkpt lat="-28.752910997718573" lon="24.755144007503986">
        <ele>1240.9908760000001</ele>
      </trkpt>
      <trkpt lat="-28.753581969067454" lon="24.755194969475269">
        <ele>1240.981716</ele>
      </trkpt>
      <trkpt lat="-28.754269033670425" lon="24.754772018641233">
        <ele>1240.9709929999999</ele>
      </trkpt>
      <trkpt lat="-28.755231024697423" lon="24.753527976572514">
        <ele>1240.9013500000001</ele>
      </trkpt>
      <trkpt lat="-28.755747014656663" lon="24.753325972706079">
        <ele>1240.86987</ele>
      </trkpt>
      <trkpt lat="-28.756907992064953" lon="24.753574999049306">
        <ele>1240.4766500000001</ele>
      </trkpt>
      <trkpt lat="-28.759849034249783" lon="24.753997027873993">
        <ele>1238.528771</ele>
      </trkpt>
      <trkpt lat="-28.760625030845404" lon="24.753751019015908">
        <ele>1238.0853400000001</ele>
      </trkpt>
      <trkpt lat="-28.762552030384541" lon="24.752713004127145">
        <ele>1236.3452890000001</ele>
      </trkpt>
      <trkpt lat="-28.764971969649196" lon="24.751401990652084">
        <ele>1235.871179</ele>
      </trkpt>
      <trkpt lat="-28.766628988087177" lon="24.748916001990438">
        <ele>1236.1447069999999</ele>
      </trkpt>
      <trkpt lat="-28.76715000718832" lon="24.748123995959759">
        <ele>1235.5572910000001</ele>
      </trkpt>
      <trkpt lat="-28.770014019683003" lon="24.750559022650123">
        <ele>1231.7860860000001</ele>
      </trkpt>
      <trkpt lat="-28.770273020491004" lon="24.750300021842122">
        <ele>1231.5109620000001</ele>
      </trkpt>
      <trkpt lat="-28.77095497213304" lon="24.749584039673209">
        <ele>1230.759509</ele>
      </trkpt>
      <trkpt lat="-28.771033007651567" lon="24.749662997201085">
        <ele>1230.6674700000001</ele>
      </trkpt>
      <trkpt lat="-28.771330984309316" lon="24.749728040769696">
        <ele>1230.396471</ele>
      </trkpt>
      <trkpt lat="-28.772633029147983" lon="24.749445989727974">
        <ele>1229.1957789999999</ele>
      </trkpt>
      <trkpt lat="-28.774659018963575" lon="24.749162010848522">
        <ele>1226.2946139999999</ele>
      </trkpt>
      <trkpt lat="-28.77787197008729" lon="24.748758003115654">
        <ele>1217.7970560000001</ele>
      </trkpt>
      <trkpt lat="-28.77931097522378" lon="24.748284006491303">
        <ele>1214.8392080000001</ele>
      </trkpt>
      <trkpt lat="-28.783669983968139" lon="24.748246036469936">
        <ele>1209.7780170000001</ele>
      </trkpt>
      <trkpt lat="-28.783975001424551" lon="24.747873963788152">
        <ele>1209.4633060000001</ele>
      </trkpt>
      <trkpt lat="-28.785244021564722" lon="24.745373977348208">
        <ele>1208.2199009999999</ele>
      </trkpt>
      <trkpt lat="-28.785897977650166" lon="24.744330011308193">
        <ele>1207.8457900000001</ele>
      </trkpt>
      <trkpt lat="-28.786495020613074" lon="24.742396976798773">
        <ele>1207.4508599999999</ele>
      </trkpt>
      <trkpt lat="-28.786858040839434" lon="24.742044014856219">
        <ele>1207.384558</ele>
      </trkpt>
      <trkpt lat="-28.786876983940601" lon="24.740481041371822">
        <ele>1207.2124040000001</ele>
      </trkpt>
      <trkpt lat="-28.787075970321894" lon="24.740437958389521">
        <ele>1207.1878139999999</ele>
      </trkpt>
      <trkpt lat="-28.787073958665133" lon="24.739975025877357">
        <ele>1207.13813</ele>
      </trkpt>
      <trkpt lat="-28.787191975861788" lon="24.737834958359599">
        <ele>1206.78007</ele>
      </trkpt>
      <trkpt lat="-28.787746019661427" lon="24.735862025991082">
        <ele>1206.962047</ele>
      </trkpt>
      <trkpt lat="-28.792860992252827" lon="24.722591964527965">
        <ele>1216.8416569999999</ele>
      </trkpt>
      <trkpt lat="-28.793976036831737" lon="24.720393978059292">
        <ele>1218.5534970000001</ele>
      </trkpt>
      <trkpt lat="-28.794796960428357" lon="24.719368033111095">
        <ele>1219.6785460000001</ele>
      </trkpt>
      <trkpt lat="-28.796468982473016" lon="24.717987030744553">
        <ele>1221.0731840000001</ele>
      </trkpt>
      <trkpt lat="-28.798414003103971" lon="24.71712201833725">
        <ele>1221.6121330000001</ele>
      </trkpt>
      <trkpt lat="-28.812888041138649" lon="24.712293958291411">
        <ele>1224.3617369999999</ele>
      </trkpt>
      <trkpt lat="-28.816417995840311" lon="24.711221996694803">
        <ele>1227.1844630000001</ele>
      </trkpt>
      <trkpt lat="-28.817260963842273" lon="24.710947992280126">
        <ele>1227.386152</ele>
      </trkpt>
      <trkpt lat="-28.821792975068092" lon="24.709360962733626">
        <ele>1224.980906</ele>
      </trkpt>
      <trkpt lat="-28.822911959141493" lon="24.709059968590736">
        <ele>1223.757433</ele>
      </trkpt>
      <trkpt lat="-28.852495970204473" lon="24.699194971472025">
        <ele>1220.167586</ele>
      </trkpt>
      <trkpt lat="-28.862295001745224" lon="24.694066001102328">
        <ele>1220.661106</ele>
      </trkpt>
      <trkpt lat="-28.878995021805167" lon="24.685228038579226">
        <ele>1212.853717</ele>
      </trkpt>
      <trkpt lat="-28.879304984584451" lon="24.685372961685061">
        <ele>1212.6944060000001</ele>
      </trkpt>
      <trkpt lat="-28.879836983978748" lon="24.685247987508774">
        <ele>1212.5968989999999</ele>
      </trkpt>
      <trkpt lat="-28.881554016843438" lon="24.684343999251723">
        <ele>1212.951296</ele>
      </trkpt>
      <trkpt lat="-28.881845036521554" lon="24.68414300121367">
        <ele>1213.2300459999999</ele>
      </trkpt>
      <trkpt lat="-28.882016027346253" lon="24.683866985142231">
        <ele>1213.472704</ele>
      </trkpt>
      <trkpt lat="-28.882165979593992" lon="24.683732036501169">
        <ele>1213.6292410000001</ele>
      </trkpt>
      <trkpt lat="-28.882809039205313" lon="24.683450991287827">
        <ele>1213.830876</ele>
      </trkpt>
      <trkpt lat="-28.883199971169233" lon="24.683009013533592">
        <ele>1213.79692</ele>
      </trkpt>
      <trkpt lat="-28.883887035772204" lon="24.682590002194047">
        <ele>1213.7488189999999</ele>
      </trkpt>
      <trkpt lat="-28.888067007064819" lon="24.680429985746741">
        <ele>1211.5330590000001</ele>
      </trkpt>
      <trkpt lat="-28.906550025567412" lon="24.673797972500324">
        <ele>1201.607215</ele>
      </trkpt>
      <trkpt lat="-28.909280011430383" lon="24.673373010009527">
        <ele>1200.234653</ele>
      </trkpt>
      <trkpt lat="-28.909071972593665" lon="24.672506991773844">
        <ele>1199.713319</ele>
      </trkpt>
      <trkpt lat="-28.911065021529794" lon="24.671668969094753">
        <ele>1197.9933020000001</ele>
      </trkpt>
      <trkpt lat="-28.91509504057467" lon="24.669351037591696">
        <ele>1192.9610700000001</ele>
      </trkpt>
      <trkpt lat="-28.924447987228632" lon="24.663542965427041">
        <ele>1179.055423</ele>
      </trkpt>
      <trkpt lat="-28.920988021418452" lon="24.649428008124232">
        <ele>1178.4450859999999</ele>
      </trkpt>
      <trkpt lat="-28.915191013365984" lon="24.641091031953692">
        <ele>1175.1785580000001</ele>
      </trkpt>
      <trkpt lat="-28.913771035149693" lon="24.638393986970186">
        <ele>1174.3294599999999</ele>
      </trkpt>
      <trkpt lat="-28.914140006527305" lon="24.635582026094198">
        <ele>1172.424366</ele>
      </trkpt>
      <trkpt lat="-28.914102036505938" lon="24.629637999460101">
        <ele>1167.0059650000001</ele>
      </trkpt>
      <trkpt lat="-28.913973961025476" lon="24.627775037661195">
        <ele>1166.3888030000001</ele>
      </trkpt>
      <trkpt lat="-28.912498997524381" lon="24.624593015760183">
        <ele>1163.001258</ele>
      </trkpt>
      <trkpt lat="-28.919710032641888" lon="24.617894031107426">
        <ele>1148.002058</ele>
      </trkpt>
      <trkpt lat="-28.94955899566412" lon="24.614116977900267">
        <ele>1128.0171849999999</ele>
      </trkpt>
      <trkpt lat="-28.963574962690473" lon="24.575279010459781">
        <ele>1125.1898659999999</ele>
      </trkpt>
      <trkpt lat="-28.956299973651767" lon="24.530615033581853">
        <ele>1120.6309530000001</ele>
      </trkpt>
      <trkpt lat="-28.95349295809865" lon="24.513685014098883">
        <ele>1115.4796919999999</ele>
      </trkpt>
      <trkpt lat="-28.952112961560488" lon="24.512386992573738">
        <ele>1115.265122</ele>
      </trkpt>
      <trkpt lat="-28.956037033349276" lon="24.508900037035346">
        <ele>1116.72288</ele>
      </trkpt>
      <trkpt lat="-28.956344984471798" lon="24.508827030658722">
        <ele>1116.974526</ele>
      </trkpt>
      <trkpt lat="-28.959331037476659" lon="24.506076006218791">
        <ele>1119.5229690000001</ele>
      </trkpt>
      <trkpt lat="-28.964546006172895" lon="24.501489009708166">
        <ele>1117.288585</ele>
      </trkpt>
      <trkpt lat="-28.965710001066327" lon="24.500413024798036">
        <ele>1116.6275169999999</ele>
      </trkpt>
      <trkpt lat="-28.965827012434602" lon="24.500180007889867">
        <ele>1116.602437</ele>
      </trkpt>
      <trkpt lat="-28.966333027929068" lon="24.499953025951982">
        <ele>1116.5444339999999</ele>
      </trkpt>
      <trkpt lat="-28.968004966154695" lon="24.498431039974093">
        <ele>1116.8808200000001</ele>
      </trkpt>
      <trkpt lat="-28.972031967714429" lon="24.495006026700139">
        <ele>1117.559945</ele>
      </trkpt>
      <trkpt lat="-28.974941996857524" lon="24.4921949878335">
        <ele>1117.7694389999999</ele>
      </trkpt>
      <trkpt lat="-28.975280039012432" lon="24.492055010050535">
        <ele>1117.7556360000001</ele>
      </trkpt>
      <trkpt lat="-28.979997960850596" lon="24.48804896324873">
        <ele>1115.0058469999999</ele>
      </trkpt>
      <trkpt lat="-28.978297021239996" lon="24.484590003266931">
        <ele>1111.9394030000001</ele>
      </trkpt>
      <trkpt lat="-28.974064998328686" lon="24.477315014228225">
        <ele>1103.381619</ele>
      </trkpt>
      <trkpt lat="-28.969769021496177" lon="24.467420009896159">
        <ele>1091.9490430000001</ele>
      </trkpt>
      <trkpt lat="-28.964116014540195" lon="24.449068000540137">
        <ele>1073.8948539999999</ele>
      </trkpt>
      <trkpt lat="-28.962758984416723" lon="24.443862000480294">
        <ele>1071.7944379999999</ele>
      </trkpt>
      <trkpt lat="-28.962016012519598" lon="24.442162988707423">
        <ele>1071.216813</ele>
      </trkpt>
      <trkpt lat="-28.944679973646998" lon="24.42361299879849">
        <ele>1063.6477970000001</ele>
      </trkpt>
      <trkpt lat="-28.943132003769279" lon="24.42189403809607">
        <ele>1063.3619880000001</ele>
      </trkpt>
      <trkpt lat="-28.947321027517319" lon="24.420033004134893">
        <ele>1056.055895</ele>
      </trkpt>
      <trkpt lat="-28.952891975641251" lon="24.413349023088813">
        <ele>1047.191122</ele>
      </trkpt>
      <trkpt lat="-28.953217025846243" lon="24.412479987367988">
        <ele>1046.004972</ele>
      </trkpt>
      <trkpt lat="-28.953178972005844" lon="24.411707008257508">
        <ele>1045.0307620000001</ele>
      </trkpt>
      <trkpt lat="-28.952287975698709" lon="24.40818602219224">
        <ele>1038.905536</ele>
      </trkpt>
      <trkpt lat="-28.952396018430591" lon="24.407962979748845">
        <ele>1038.516932</ele>
      </trkpt>
      <trkpt lat="-28.952592993155122" lon="24.407860971987247">
        <ele>1038.140089</ele>
      </trkpt>
      <trkpt lat="-28.954281024634838" lon="24.407598031684756">
        <ele>1039.261575</ele>
      </trkpt>
      <trkpt lat="-28.954681009054184" lon="24.40724398009479">
        <ele>1039.903141</ele>
      </trkpt>
      <trkpt lat="-28.954982003197074" lon="24.406343009322882">
        <ele>1041.3292750000001</ele>
      </trkpt>
      <trkpt lat="-28.955394979566336" lon="24.404153991490602">
        <ele>1043.7157219999999</ele>
      </trkpt>
      <trkpt lat="-28.955204961821437" lon="24.402868961915374">
        <ele>1044.576366</ele>
      </trkpt>
      <trkpt lat="-28.952727019786835" lon="24.397375965490937">
        <ele>1047.9323810000001</ele>
      </trkpt>
      <trkpt lat="-28.95130000077188" lon="24.393170010298491">
        <ele>1052.586231</ele>
      </trkpt>
      <trkpt lat="-28.950714021921158" lon="24.389916993677616">
        <ele>1054.1967520000001</ele>
      </trkpt>
      <trkpt lat="-28.949662009254098" lon="24.358932031318545">
        <ele>1057.7100330000001</ele>
      </trkpt>
      <trkpt lat="-28.956876983866096" lon="24.297933988273144">
        <ele>1053.307939</ele>
      </trkpt>
      <trkpt lat="-28.958975980058312" lon="24.279933013021946">
        <ele>1051.957991</ele>
      </trkpt>
      <trkpt lat="-28.959276974201202" lon="24.278993988409638">
        <ele>1051.8807469999999</ele>
      </trkpt>
      <trkpt lat="-28.959909975528717" lon="24.278162000700831">
        <ele>1051.7796900000001</ele>
      </trkpt>
      <trkpt lat="-28.972179992124438" lon="24.267231998965144">
        <ele>1050.8479970000001</ele>
      </trkpt>
      <trkpt lat="-28.985326001420617" lon="24.251854978501797">
        <ele>1051.698502</ele>
      </trkpt>
      <trkpt lat="-28.986135022714734" lon="24.250806989148259">
        <ele>1051.443806</ele>
      </trkpt>
      <trkpt lat="-28.986442973837256" lon="24.250175999477506">
        <ele>1051.3539760000001</ele>
      </trkpt>
      <trkpt lat="-28.986977990716696" lon="24.248310020193458">
        <ele>1051.3780400000001</ele>
      </trkpt>
      <trkpt lat="-28.991889031603932" lon="24.249875005334616">
        <ele>1054.000346</ele>
      </trkpt>
      <trkpt lat="-28.993371035903692" lon="24.249929990619421">
        <ele>1054.8903909999999</ele>
      </trkpt>
      <trkpt lat="-28.995524011552334" lon="24.249622039496899">
        <ele>1056.055044</ele>
      </trkpt>
      <trkpt lat="-28.999305004253983" lon="24.24846600741148">
        <ele>1057.366771</ele>
      </trkpt>
      <trkpt lat="-29.020937019959092" lon="24.242178993299603">
        <ele>1075.18282</ele>
      </trkpt>
      <trkpt lat="-29.029120020568371" lon="24.239817978814244">
        <ele>1077.6458379999999</ele>
      </trkpt>
      <trkpt lat="-29.030390968546271" lon="24.239175003021955">
        <ele>1077.8519220000001</ele>
      </trkpt>
      <trkpt lat="-29.030950963497162" lon="24.238640991970897">
        <ele>1077.655974</ele>
      </trkpt>
      <trkpt lat="-29.032845022156835" lon="24.236613996326923">
        <ele>1076.3052889999999</ele>
      </trkpt>
      <trkpt lat="-29.054782977327704" lon="24.212084021419287">
        <ele>1054.6873519999999</ele>
      </trkpt>
      <trkpt lat="-29.057957958430052" lon="24.208488017320633">
        <ele>1057.570657</ele>
      </trkpt>
      <trkpt lat="-29.058793969452381" lon="24.207290997728705">
        <ele>1058.439114</ele>
      </trkpt>
      <trkpt lat="-29.059197977185249" lon="24.205714026466012">
        <ele>1059.4703300000001</ele>
      </trkpt>
      <trkpt lat="-29.059352958574891" lon="24.197343019768596">
        <ele>1067.1711720000001</ele>
      </trkpt>
      <trkpt lat="-29.059621011838317" lon="24.187717996537685">
        <ele>1073.7376630000001</ele>
      </trkpt>
      <trkpt lat="-29.059673985466361" lon="24.18485096655786">
        <ele>1067.8175220000001</ele>
      </trkpt>
      <trkpt lat="-29.059258997440338" lon="24.174383981153369">
        <ele>1058.202751</ele>
      </trkpt>
      <trkpt lat="-29.058257024735212" lon="24.156990023329854">
        <ele>1062.544928</ele>
      </trkpt>
      <trkpt lat="-29.044473990797997" lon="24.128270018845797">
        <ele>1072.321109</ele>
      </trkpt>
      <trkpt lat="-29.036386040970683" lon="24.110963987186551">
        <ele>1054.8441560000001</ele>
      </trkpt>
      <trkpt lat="-29.031536020338535" lon="24.10039097070694">
        <ele>1043.0048019999999</ele>
      </trkpt>
      <trkpt lat="-29.028620962053537" lon="24.084059000015259">
        <ele>1035.5246589999999</ele>
      </trkpt>
      <trkpt lat="-29.028305970132351" lon="24.081639982759953">
        <ele>1035.187009</ele>
      </trkpt>
      <trkpt lat="-29.02849699370563" lon="24.080342967063189">
        <ele>1035.1151809999999</ele>
      </trkpt>
      <trkpt lat="-29.029166959226131" lon="24.077928978949785">
        <ele>1035.056124</ele>
      </trkpt>
      <trkpt lat="-29.034465998411179" lon="24.055667985230684">
        <ele>1032.2369329999999</ele>
      </trkpt>
      <trkpt lat="-29.036341030150652" lon="24.047973984852433">
        <ele>1030.503111</ele>
      </trkpt>
      <trkpt lat="-29.045279994606972" lon="24.015322029590607">
        <ele>1024.450511</ele>
      </trkpt>
      <trkpt lat="-29.049361981451511" lon="24.001118978485465">
        <ele>1023.507864</ele>
      </trkpt>
      <trkpt lat="-29.04952802695334" lon="23.999919025227427">
        <ele>1023.425888</ele>
      </trkpt>
      <trkpt lat="-29.049518974497914" lon="23.997120978310704">
        <ele>1023.356053</ele>
      </trkpt>
      <trkpt lat="-29.049259973689914" lon="23.976437039673328">
        <ele>1026.4085540000001</ele>
      </trkpt>
      <trkpt lat="-29.049085965380073" lon="23.974918993189931">
        <ele>1026.588418</ele>
      </trkpt>
      <trkpt lat="-29.048911035060883" lon="23.974483972415328">
        <ele>1026.5710630000001</ele>
      </trkpt>
      <trkpt lat="-29.036581004038453" lon="23.946924023330212">
        <ele>1023.7407449999999</ele>
      </trkpt>
      <trkpt lat="-29.035624964162707" lon="23.945261975750327">
        <ele>1024.458343</ele>
      </trkpt>
      <trkpt lat="-29.034722987562418" lon="23.944252040237188">
        <ele>1023.5581100000001</ele>
      </trkpt>
      <trkpt lat="-29.023293005302548" lon="23.935110988095403">
        <ele>1019.98598</ele>
      </trkpt>
      <trkpt lat="-29.014974972233176" lon="23.928455002605915">
        <ele>1009.219848</ele>
      </trkpt>
      <trkpt lat="-29.016352035105228" lon="23.926807036623359">
        <ele>1008.608607</ele>
      </trkpt>
      <trkpt lat="-29.008307000622153" lon="23.903021961450577">
        <ele>999.13863500000002</ele>
      </trkpt>
      <trkpt lat="-29.008472040295601" lon="23.90270403586328">
        <ele>999.07536200000004</ele>
      </trkpt>
      <trkpt lat="-29.010638007894158" lon="23.900118973106146">
        <ele>998.91264799999999</ele>
      </trkpt>
      <trkpt lat="-29.011616008356214" lon="23.898952966555953">
        <ele>998.79900799999996</ele>
      </trkpt>
      <trkpt lat="-29.012453025206923" lon="23.898201026022434">
        <ele>998.52268900000001</ele>
      </trkpt>
      <trkpt lat="-29.014019016176462" lon="23.897056980058551">
        <ele>997.80030499999998</ele>
      </trkpt>
      <trkpt lat="-29.02119099162519" lon="23.892490016296506">
        <ele>999.14557200000002</ele>
      </trkpt>
      <trkpt lat="-29.02164202183485" lon="23.891950976103544">
        <ele>999.16368199999999</ele>
      </trkpt>
      <trkpt lat="-29.021956007927656" lon="23.890641974285245">
        <ele>998.226629</ele>
      </trkpt>
      <trkpt lat="-29.022124987095594" lon="23.889821972697973">
        <ele>997.62149399999998</ele>
      </trkpt>
      <trkpt lat="-29.022407038137317" lon="23.889378989115357">
        <ele>997.21810900000003</ele>
      </trkpt>
      <trkpt lat="-29.022764023393393" lon="23.889114959165454">
        <ele>996.858791</ele>
      </trkpt>
      <trkpt lat="-29.023537002503872" lon="23.888831986114383">
        <ele>996.19412699999998</ele>
      </trkpt>
      <trkpt lat="-29.02464902959764" lon="23.888884959742427">
        <ele>997.697273</ele>
      </trkpt>
      <trkpt lat="-29.024970978498459" lon="23.889024015516043">
        <ele>998.16184399999997</ele>
      </trkpt>
      <trkpt lat="-29.025450004264712" lon="23.889683000743389">
        <ele>1000.098333</ele>
      </trkpt>
      <trkpt lat="-29.025695007294416" lon="23.890119027346373">
        <ele>1001.703188</ele>
      </trkpt>
      <trkpt lat="-29.02641199529171" lon="23.890313990414143">
        <ele>1004.359501</ele>
      </trkpt>
      <trkpt lat="-29.028030037879944" lon="23.889138009399176">
        <ele>1012.543679</ele>
      </trkpt>
      <trkpt lat="-29.028338994830847" lon="23.889070032164454">
        <ele>1013.263736</ele>
      </trkpt>
      <trkpt lat="-29.02986902743578" lon="23.889674032106996">
        <ele>1016.551765</ele>
      </trkpt>
      <trkpt lat="-29.032051004469395" lon="23.890797961503267">
        <ele>1018.275217</ele>
      </trkpt>
      <trkpt lat="-29.035393036901951" lon="23.892214000225067">
        <ele>1020.83634</ele>
      </trkpt>
      <trkpt lat="-29.040454030036926" lon="23.894480969756842">
        <ele>1024.493467</ele>
      </trkpt>
      <trkpt lat="-29.04166697524488" lon="23.894893024116755">
        <ele>1025.4467199999999</ele>
      </trkpt>
      <trkpt lat="-29.041884988546371" lon="23.893268024548888">
        <ele>1026.35501</ele>
      </trkpt>
      <trkpt lat="-29.044318003579974" lon="23.865708997473121">
        <ele>1023.703263</ele>
      </trkpt>
      <trkpt lat="-29.045622982084751" lon="23.851432017982006">
        <ele>1002.902712</ele>
      </trkpt>
      <trkpt lat="-29.045829009264708" lon="23.850506991147995">
        <ele>1002.1422679999999</ele>
      </trkpt>
      <trkpt lat="-29.046090021729469" lon="23.849711967632174">
        <ele>1002.024579</ele>
      </trkpt>
      <trkpt lat="-29.046837016940117" lon="23.848155029118061">
        <ele>1002.9360349999999</ele>
      </trkpt>
      <trkpt lat="-29.049763977527618" lon="23.843168970197439">
        <ele>1010.4789929999999</ele>
      </trkpt>
      <trkpt lat="-29.057179028168321" lon="23.830566024407744">
        <ele>1023.0381620000001</ele>
      </trkpt>
      <trkpt lat="-29.057973967865109" lon="23.829087037593126">
        <ele>1021.390186</ele>
      </trkpt>
      <trkpt lat="-29.066197033971548" lon="23.810680964961648">
        <ele>1016.8050459999999</ele>
      </trkpt>
      <trkpt lat="-29.067108985036612" lon="23.810910964384675">
        <ele>1017.91396</ele>
      </trkpt>
      <trkpt lat="-29.067711979150772" lon="23.811179017648101">
        <ele>1018.481952</ele>
      </trkpt>
      <trkpt lat="-29.067884981632233" lon="23.811025964096189">
        <ele>1018.5863890000001</ele>
      </trkpt>
      <trkpt lat="-29.069948019459844" lon="23.806932996958494">
        <ele>1019.711066</ele>
      </trkpt>
      <trkpt lat="-29.070067964494228" lon="23.806649018079042">
        <ele>1019.6238949999999</ele>
      </trkpt>
      <trkpt lat="-29.070029994472861" lon="23.806380964815617">
        <ele>1019.547345</ele>
      </trkpt>
      <trkpt lat="-29.068396026268601" lon="23.804931985214353">
        <ele>1017.343214</ele>
      </trkpt>
      <trkpt lat="-29.068310027942061" lon="23.804551027715206">
        <ele>1017.486044</ele>
      </trkpt>
      <trkpt lat="-29.069748027250171" lon="23.798133004456758">
        <ele>1019.925833</ele>
      </trkpt>
      <trkpt lat="-29.069752972573042" lon="23.797635035589337">
        <ele>1019.958974</ele>
      </trkpt>
      <trkpt lat="-29.070017002522945" lon="23.797386009246111">
        <ele>1019.98486</ele>
      </trkpt>
      <trkpt lat="-29.062188975512981" lon="23.786873007193208">
        <ele>1013.753789</ele>
      </trkpt>
      <trkpt lat="-29.060846026986837" lon="23.7852449901402">
        <ele>1011.7713220000001</ele>
      </trkpt>
      <trkpt lat="-29.061081977561116" lon="23.784301020205021">
        <ele>1011.353962</ele>
      </trkpt>
      <trkpt lat="-29.060577973723412" lon="23.783008027821779">
        <ele>1011.787524</ele>
      </trkpt>
      <trkpt lat="-29.06042299233377" lon="23.782230019569397">
        <ele>1012.15732</ele>
      </trkpt>
      <trkpt lat="-29.060484012588859" lon="23.781457040458918">
        <ele>1012.589655</ele>
      </trkpt>
      <trkpt lat="-29.060714012011886" lon="23.779650991782546">
        <ele>1012.7053529999999</ele>
      </trkpt>
      <trkpt lat="-29.06016499735415" lon="23.779389979317784">
        <ele>1012.485607</ele>
      </trkpt>
      <trkpt lat="-29.058514013886452" lon="23.779169032350183">
        <ele>1009.641733</ele>
      </trkpt>
      <trkpt lat="-29.058676036074758" lon="23.777718041092157">
        <ele>1006.1834720000001</ele>
      </trkpt>
      <trkpt lat="-29.057056987658143" lon="23.777496004477143">
        <ele>1000.596511</ele>
      </trkpt>
      <trkpt lat="-29.054935025051236" lon="23.777185035869479">
        <ele>996.286338</ele>
      </trkpt>
      <trkpt lat="-29.054935025051236" lon="23.777185035869479">
        <ele>992.32607499999995</ele>
      </trkpt>
      <trkpt lat="-29.055471969768405" lon="23.777257958427072">
        <ele>992.32607499999995</ele>
      </trkpt>
      <trkpt lat="-29.055771036073565" lon="23.774393023923039">
        <ele>991.67636700000003</ele>
      </trkpt>
      <trkpt lat="-29.055931968614459" lon="23.772956030443311">
        <ele>991.710736</ele>
      </trkpt>
      <trkpt lat="-29.056333964690566" lon="23.770472975447774">
        <ele>992.61575200000004</ele>
      </trkpt>
      <trkpt lat="-29.056602017953992" lon="23.769837040454149">
        <ele>992.40527399999996</ele>
      </trkpt>
      <trkpt lat="-29.056883985176682" lon="23.767588008195162">
        <ele>992.18908799999997</ele>
      </trkpt>
      <trkpt lat="-29.057047013193369" lon="23.767172014340758">
        <ele>992.21669099999997</ele>
      </trkpt>
      <trkpt lat="-29.057164024561644" lon="23.76704603433609">
        <ele>992.22771499999999</ele>
      </trkpt>
      <trkpt lat="-29.058159040287137" lon="23.767259018495679">
        <ele>993.94159300000001</ele>
      </trkpt>
      <trkpt lat="-29.058309998363256" lon="23.766546975821257">
        <ele>995.14792499999999</ele>
      </trkpt>
      <trkpt lat="-29.058975018560886" lon="23.765611974522471">
        <ele>995.87564899999995</ele>
      </trkpt>
      <trkpt lat="-29.071025010198355" lon="23.750176029279828">
        <ele>991.20962999999995</ele>
      </trkpt>
      <trkpt lat="-29.071907037869096" lon="23.749194005504251">
        <ele>991.11888799999997</ele>
      </trkpt>
      <trkpt lat="-29.072932982817292" lon="23.748529991135001">
        <ele>991.14405499999998</ele>
      </trkpt>
      <trkpt lat="-29.074786975979805" lon="23.747937977313995">
        <ele>991.12402299999997</ele>
      </trkpt>
      <trkpt lat="-29.077456025406718" lon="23.74719399958849">
        <ele>989.93769099999997</ele>
      </trkpt>
      <trkpt lat="-29.079462988302112" lon="23.728184010833502">
        <ele>988.67097999999999</ele>
      </trkpt>
      <trkpt lat="-29.079751996323466" lon="23.725218996405602">
        <ele>999.643731</ele>
      </trkpt>
      <trkpt lat="-29.079836988821626" lon="23.723718971014023">
        <ele>1001.203989</ele>
      </trkpt>
      <trkpt lat="-29.069917006418109" lon="23.712229980155826">
        <ele>987.90077799999995</ele>
      </trkpt>
      <trkpt lat="-29.068599035963416" lon="23.710403982549906">
        <ele>986.92383099999995</ele>
      </trkpt>
      <trkpt lat="-29.066605987027287" lon="23.706778977066278">
        <ele>986.50004100000001</ele>
      </trkpt>
      <trkpt lat="-29.066184964030981" lon="23.705734005197883">
        <ele>986.45998199999997</ele>
      </trkpt>
      <trkpt lat="-29.065838037058711" lon="23.70416197925806">
        <ele>986.38762799999995</ele>
      </trkpt>
      <trkpt lat="-29.065711973235011" lon="23.702492974698544">
        <ele>986.27683400000001</ele>
      </trkpt>
      <trkpt lat="-29.066981999203563" lon="23.688143994659185">
        <ele>988.77312300000006</ele>
      </trkpt>
      <trkpt lat="-29.067009994760156" lon="23.687457013875246">
        <ele>988.73780999999997</ele>
      </trkpt>
      <trkpt lat="-29.066495010629296" lon="23.680187975987792">
        <ele>987.62925499999994</ele>
      </trkpt>
      <trkpt lat="-29.066562987864017" lon="23.678989028558135">
        <ele>987.42027599999994</ele>
      </trkpt>
      <trkpt lat="-29.066771026700735" lon="23.678116975352168">
        <ele>987.18406200000004</ele>
      </trkpt>
      <trkpt lat="-29.067439986392856" lon="23.676450988277793">
        <ele>986.03906600000005</ele>
      </trkpt>
      <trkpt lat="-29.066298035904765" lon="23.675987971946597">
        <ele>985.10171100000002</ele>
      </trkpt>
      <trkpt lat="-29.066014979034662" lon="23.675899039953947">
        <ele>984.87402299999997</ele>
      </trkpt>
      <trkpt lat="-29.066768009215593" lon="23.672010004520416">
        <ele>983.90950999999995</ele>
      </trkpt>
      <trkpt lat="-29.066878985613585" lon="23.669974962249398">
        <ele>984.07146599999999</ele>
      </trkpt>
      <trkpt lat="-29.067117031663656" lon="23.668405031785369">
        <ele>984.02719200000001</ele>
      </trkpt>
      <trkpt lat="-29.066425021737814" lon="23.666536035016179">
        <ele>983.64810599999998</ele>
      </trkpt>
      <trkpt lat="-29.063808023929596" lon="23.66194099187851">
        <ele>982.89207299999998</ele>
      </trkpt>
      <trkpt lat="-29.063198994845152" lon="23.660701978951693">
        <ele>983.17304799999999</ele>
      </trkpt>
      <trkpt lat="-29.063145015388727" lon="23.659945009276271">
        <ele>983.24123299999997</ele>
      </trkpt>
      <trkpt lat="-29.064069036394358" lon="23.653736030682921">
        <ele>982.92919400000005</ele>
      </trkpt>
      <trkpt lat="-29.064969001337886" lon="23.652137015014887">
        <ele>982.99942999999996</ele>
      </trkpt>
      <trkpt lat="-29.065157007426023" lon="23.651925958693027">
        <ele>983.03371300000003</ele>
      </trkpt>
      <trkpt lat="-29.064860958606005" lon="23.65186401642859">
        <ele>983.07288500000004</ele>
      </trkpt>
      <trkpt lat="-29.064721986651421" lon="23.651851024478674">
        <ele>983.09104000000002</ele>
      </trkpt>
      <trkpt lat="-29.064860958606005" lon="23.65186401642859">
        <ele>983.109194</ele>
      </trkpt>
      <trkpt lat="-29.065498989075422" lon="23.652010029181838">
        <ele>983.22593700000004</ele>
      </trkpt>
      <trkpt lat="-29.066112963482738" lon="23.651635022833943">
        <ele>983.55512499999998</ele>
      </trkpt>
      <trkpt lat="-29.066596012562513" lon="23.652006005868316">
        <ele>983.82390999999996</ele>
      </trkpt>
      <trkpt lat="-29.067766964435577" lon="23.653164971619844">
        <ele>984.25441499999999</ele>
      </trkpt>
      <trkpt lat="-29.069600002840161" lon="23.650867994874716">
        <ele>984.40666899999997</ele>
      </trkpt>
      <trkpt lat="-29.069894962012768" lon="23.651077961549163">
        <ele>984.41411800000003</ele>
      </trkpt>
      <trkpt lat="-29.070657966658473" lon="23.654382023960352">
        <ele>984.533905</ele>
      </trkpt>
      <trkpt lat="-29.078205032274127" lon="23.667894992977381">
        <ele>991.33201599999995</ele>
      </trkpt>
      <trkpt lat="-29.072179030627012" lon="23.675538031384349">
        <ele>991.54173600000001</ele>
      </trkpt>
      <trkpt lat="-29.073002971708775" lon="23.675763001665473">
        <ele>992.36074699999995</ele>
      </trkpt>
      <trkpt lat="-29.073631027713418" lon="23.677978003397584">
        <ele>995.74358800000005</ele>
      </trkpt>
      <trkpt lat="-29.075937978923321" lon="23.678315039724112">
        <ele>999.72058900000002</ele>
      </trkpt>
      <trkpt lat="-29.07670701853931" lon="23.678065007552505">
        <ele>1000.514283</ele>
      </trkpt>
      <trkpt lat="-29.077553004026413" lon="23.678036006167531">
        <ele>1000.552999</ele>
      </trkpt>
      <trkpt lat="-29.077924992889166" lon="23.678256031125784">
        <ele>1000.572153</ele>
      </trkpt>
      <trkpt lat="-29.08502496778965" lon="23.683124994859099">
        <ele>999.58759099999997</ele>
      </trkpt>
      <trkpt lat="-29.087600978091359" lon="23.685002038255334">
        <ele>998.83496400000001</ele>
      </trkpt>
      <trkpt lat="-29.088216964155436" lon="23.685677032917738">
        <ele>999.07717200000002</ele>
      </trkpt>
      <trkpt lat="-29.088601022958755" lon="23.686043992638588">
        <ele>999.21878500000003</ele>
      </trkpt>
      <trkpt lat="-29.092817036435008" lon="23.693551998585463">
        <ele>1003.365695</ele>
      </trkpt>
      <trkpt lat="-29.097213009372354" lon="23.701164023950696">
        <ele>1000.645842</ele>
      </trkpt>
      <trkpt lat="-29.097968973219395" lon="23.702631024643779">
        <ele>998.24860899999999</ele>
      </trkpt>
      <trkpt lat="-29.09849401563406" lon="23.702277978882194">
        <ele>996.96884799999998</ele>
      </trkpt>
      <trkpt lat="-29.102293029427528" lon="23.705592015758157">
        <ele>988.05870200000004</ele>
      </trkpt>
      <trkpt lat="-29.103594990447164" lon="23.705187002196908">
        <ele>987.13516200000004</ele>
      </trkpt>
      <trkpt lat="-29.104319019243121" lon="23.705222960561514">
        <ele>986.64114400000005</ele>
      </trkpt>
      <trkpt lat="-29.105088980868459" lon="23.705466035753489">
        <ele>986.21769900000004</ele>
      </trkpt>
      <trkpt lat="-29.105871012434363" lon="23.705982025712729">
        <ele>986.196461</ele>
      </trkpt>
      <trkpt lat="-29.106490015983582" lon="23.706692978739738">
        <ele>986.31876299999999</ele>
      </trkpt>
      <trkpt lat="-29.106911960989237" lon="23.707517003640532">
        <ele>987.02247799999998</ele>
      </trkpt>
      <trkpt lat="-29.107159981504083" lon="23.708570022135973">
        <ele>987.56540299999995</ele>
      </trkpt>
      <trkpt lat="-29.107160987332463" lon="23.709503011777997">
        <ele>986.87000799999998</ele>
      </trkpt>
      <trkpt lat="-29.106978010386229" lon="23.710372969508171">
        <ele>986.20304199999998</ele>
      </trkpt>
      <trkpt lat="-29.106562016531825" lon="23.711276035755873">
        <ele>985.77756699999998</ele>
      </trkpt>
      <trkpt lat="-29.106629993766546" lon="23.71251898817718">
        <ele>985.39509199999998</ele>
      </trkpt>
      <trkpt lat="-29.107402972877026" lon="23.712988961488008">
        <ele>985.73273900000004</ele>
      </trkpt>
      <trkpt lat="-29.107836987823248" lon="23.713479973375797">
        <ele>985.96813599999996</ele>
      </trkpt>
      <trkpt lat="-29.108158014714718" lon="23.714073998853564">
        <ele>986.32251599999995</ele>
      </trkpt>
      <trkpt lat="-29.108382984995842" lon="23.715006988495588">
        <ele>986.88091999999995</ele>
      </trkpt>
      <trkpt lat="-29.108381979167461" lon="23.715630015358329">
        <ele>987.245904</ele>
      </trkpt>
      <trkpt lat="-29.108132030814886" lon="23.718593018129468">
        <ele>989.84128899999996</ele>
      </trkpt>
      <trkpt lat="-29.10552098415792" lon="23.728721039369702">
        <ele>1001.285985</ele>
      </trkpt>
      <trkpt lat="-29.108538972213864" lon="23.734744023531675">
        <ele>1008.820353</ele>
      </trkpt>
      <trkpt lat="-29.110810970887542" lon="23.733033025637269">
        <ele>1010.848808</ele>
      </trkpt>
      <trkpt lat="-29.120060987770557" lon="23.726051989942789">
        <ele>1009.220075</ele>
      </trkpt>
      <trkpt lat="-29.128575995564461" lon="23.719605971127748">
        <ele>1012.259293</ele>
      </trkpt>
      <trkpt lat="-29.129489036276937" lon="23.720967024564743">
        <ele>1013.860079</ele>
      </trkpt>
      <trkpt lat="-29.135286966338754" lon="23.724911967292428">
        <ele>1022.927504</ele>
      </trkpt>
      <trkpt lat="-29.136291034519672" lon="23.725605988875031">
        <ele>1024.4309470000001</ele>
      </trkpt>
      <trkpt lat="-29.13953298702836" lon="23.727862983942032">
        <ele>1026.767683</ele>
      </trkpt>
      <trkpt lat="-29.164679031819105" lon="23.74493801034987">
        <ele>1040.431552</ele>
      </trkpt>
      <trkpt lat="-29.172345958650112" lon="23.750120960175991">
        <ele>1030.528143</ele>
      </trkpt>
      <trkpt lat="-29.172237999737263" lon="23.7502880115062">
        <ele>1030.4231239999999</ele>
      </trkpt>
      <trkpt lat="-29.174330038949847" lon="23.751674965023994">
        <ele>1029.6676640000001</ele>
      </trkpt>
      <trkpt lat="-29.174284022301435" lon="23.751444965600967">
        <ele>1029.676498</ele>
      </trkpt>
      <trkpt lat="-29.177772989496589" lon="23.753816960379481">
        <ele>1028.4820500000001</ele>
      </trkpt>
      <trkpt lat="-29.190092962235212" lon="23.762161983177066">
        <ele>1010.2678519999999</ele>
      </trkpt>
      <trkpt lat="-29.198797987774014" lon="23.769124997779727">
        <ele>996.332808</ele>
      </trkpt>
      <trkpt lat="-29.200671007856727" lon="23.770518992096186">
        <ele>997.20062700000005</ele>
      </trkpt>
      <trkpt lat="-29.203610038384795" lon="23.77226603217423">
        <ele>995.97628599999996</ele>
      </trkpt>
      <trkpt lat="-29.205531002953649" lon="23.77349004149437">
        <ele>995.05035699999996</ele>
      </trkpt>
      <trkpt lat="-29.206323008984327" lon="23.774123964831233">
        <ele>995.38886600000001</ele>
      </trkpt>
      <trkpt lat="-29.217204982414842" lon="23.785570962354541">
        <ele>1004.024257</ele>
      </trkpt>
      <trkpt lat="-29.217991037294269" lon="23.786200024187565">
        <ele>1004.148631</ele>
      </trkpt>
      <trkpt lat="-29.222755981609225" lon="23.789293030276895">
        <ele>999.54660799999999</ele>
      </trkpt>
      <trkpt lat="-29.224217031151056" lon="23.789922008290887">
        <ele>999.10146799999995</ele>
      </trkpt>
      <trkpt lat="-29.224347034469247" lon="23.789759986102581">
        <ele>999.06314099999997</ele>
      </trkpt>
      <trkpt lat="-29.22465699724853" lon="23.789943968877196">
        <ele>998.99347299999999</ele>
      </trkpt>
      <trkpt lat="-29.224779959768057" lon="23.789728973060846">
        <ele>998.94870200000003</ele>
      </trkpt>
      <trkpt lat="-29.224909963086247" lon="23.789769038558006">
        <ele>998.92184199999997</ele>
      </trkpt>
      <trkpt lat="-29.225616976618767" lon="23.79014597274363">
        <ele>998.76492900000005</ele>
      </trkpt>
      <trkpt lat="-29.230597000569105" lon="23.790904032066464">
        <ele>998.81168000000002</ele>
      </trkpt>
      <trkpt lat="-29.230597000569105" lon="23.79063899628818">
        <ele>998.85658599999999</ele>
      </trkpt>
      <trkpt lat="-29.230795986950397" lon="23.790925992652774">
        <ele>998.95990600000005</ele>
      </trkpt>
      <trkpt lat="-29.232445964589715" lon="23.791379034519196">
        <ele>999.79983500000003</ele>
      </trkpt>
      <trkpt lat="-29.236285965889692" lon="23.792916024103761">
        <ele>1009.8434999999999</ele>
      </trkpt>
      <trkpt lat="-29.238283038139343" lon="23.794048000127077">
        <ele>1015.166767</ele>
      </trkpt>
      <trkpt lat="-29.239816004410386" lon="23.794858027249575">
        <ele>1014.0526</ele>
      </trkpt>
      <trkpt lat="-29.248308967798948" lon="23.798285974189639">
        <ele>1028.561365</ele>
      </trkpt>
      <trkpt lat="-29.251617975533009" lon="23.79929699935019">
        <ele>1036.701253</ele>
      </trkpt>
      <trkpt lat="-29.2518359888345" lon="23.799528004601598">
        <ele>1037.090694</ele>
      </trkpt>
      <trkpt lat="-29.25205098465085" lon="23.799820030108094">
        <ele>1037.527977</ele>
      </trkpt>
      <trkpt lat="-29.252217030152678" lon="23.801373029127717">
        <ele>1038.839305</ele>
      </trkpt>
      <trkpt lat="-29.252296993508935" lon="23.802587985992432">
        <ele>1039.784463</ele>
      </trkpt>
      <trkpt lat="-29.25299596041441" lon="23.803952978923917">
        <ele>1041.6015849999999</ele>
      </trkpt>
      <trkpt lat="-29.253523014485836" lon="23.804545998573303">
        <ele>1042.566419</ele>
      </trkpt>
      <trkpt lat="-29.253640025854111" lon="23.804746996611357">
        <ele>1042.839635</ele>
      </trkpt>
      <trkpt lat="-29.252920020371675" lon="23.806029008701444">
        <ele>1044.574642</ele>
      </trkpt>
      <trkpt lat="-29.254663959145546" lon="23.816993962973356">
        <ele>1059.2564050000001</ele>
      </trkpt>
      <trkpt lat="-29.258639998733997" lon="23.821626976132393">
        <ele>1068.050518</ele>
      </trkpt>
      <trkpt lat="-29.259340977296233" lon="23.822933966293931">
        <ele>1068.0944930000001</ele>
      </trkpt>
      <trkpt lat="-29.260346973314881" lon="23.833260973915458">
        <ele>1070.9602460000001</ele>
      </trkpt>
      <trkpt lat="-29.260930018499494" lon="23.833878971636295">
        <ele>1071.398111</ele>
      </trkpt>
      <trkpt lat="-29.261348024010658" lon="23.83603798225522">
        <ele>1074.1681269999999</ele>
      </trkpt>
      <trkpt lat="-29.260781994089484" lon="23.837102986872196">
        <ele>1076.935743</ele>
      </trkpt>
      <trkpt lat="-29.261064967140555" lon="23.840477038174868">
        <ele>1086.053537</ele>
      </trkpt>
      <trkpt lat="-29.260560963302851" lon="23.84456598199904">
        <ele>1095.332578</ele>
      </trkpt>
      <trkpt lat="-29.260506983846426" lon="23.846130967140198">
        <ele>1096.863071</ele>
      </trkpt>
      <trkpt lat="-29.258604040369391" lon="23.848866987973452">
        <ele>1101.226555</ele>
      </trkpt>
      <trkpt lat="-29.258282007649541" lon="23.850284032523632">
        <ele>1103.8407580000001</ele>
      </trkpt>
      <trkpt lat="-29.2578299716115" lon="23.856371976435184">
        <ele>1114.509665</ele>
      </trkpt>
      <trkpt lat="-29.25800196826458" lon="23.85713598690927">
        <ele>1115.994623</ele>
      </trkpt>
      <trkpt lat="-29.25755001604557" lon="23.859810987487435">
        <ele>1121.702847</ele>
      </trkpt>
      <trkpt lat="-29.257045006379485" lon="23.863113960251212">
        <ele>1126.3998790000001</ele>
      </trkpt>
      <trkpt lat="-29.256980968639255" lon="23.865430969744921">
        <ele>1122.346321</ele>
      </trkpt>
      <trkpt lat="-29.25671199336648" lon="23.867513034492731">
        <ele>1117.4597289999999</ele>
      </trkpt>
      <trkpt lat="-29.257260002195835" lon="23.869632985442877">
        <ele>1113.555789</ele>
      </trkpt>
      <trkpt lat="-29.257431998848915" lon="23.870939975604415">
        <ele>1111.6724139999999</ele>
      </trkpt>
      <trkpt lat="-29.25729202106595" lon="23.877409966662526">
        <ele>1104.898756</ele>
      </trkpt>
      <trkpt lat="-29.257646994665265" lon="23.88063901104033">
        <ele>1103.454528</ele>
      </trkpt>
      <trkpt lat="-29.257938014343381" lon="23.882968006655574">
        <ele>1103.570962</ele>
      </trkpt>
      <trkpt lat="-29.258529022336006" lon="23.8838180154562">
        <ele>1103.7232369999999</ele>
      </trkpt>
      <trkpt lat="-29.262701030820608" lon="23.886986039578915">
        <ele>1099.2906559999999</ele>
      </trkpt>
      <trkpt lat="-29.263507034629583" lon="23.887873012572527">
        <ele>1097.8296929999999</ele>
      </trkpt>
      <trkpt lat="-29.267796976491809" lon="23.896303027868271">
        <ele>1085.049051</ele>
      </trkpt>
      <trkpt lat="-29.273461969569325" lon="23.907985975965858">
        <ele>1081.2929489999999</ele>
      </trkpt>
      <trkpt lat="-29.273441014811397" lon="23.91035201959312">
        <ele>1082.3829000000001</ele>
      </trkpt>
      <trkpt lat="-29.273117976263165" lon="23.913902007043362">
        <ele>1083.0206679999999</ele>
      </trkpt>
      <trkpt lat="-29.272386990487576" lon="23.922331016510725">
        <ele>1083.506967</ele>
      </trkpt>
      <trkpt lat="-29.27102199755609" lon="23.925080029293895">
        <ele>1085.3205680000001</ele>
      </trkpt>
      <trkpt lat="-29.271018980070949" lon="23.925571041181684">
        <ele>1085.7660020000001</ele>
      </trkpt>
      <trkpt lat="-29.273805962875485" lon="23.941176971420646">
        <ele>1104.071236</ele>
      </trkpt>
      <trkpt lat="-29.277383023872972" lon="23.952028015628457">
        <ele>1114.1747829999999</ele>
      </trkpt>
      <trkpt lat="-29.27888497710228" lon="23.956530019640923">
        <ele>1122.4297529999999</ele>
      </trkpt>
      <trkpt lat="-29.282238995656371" lon="23.966761976480484">
        <ele>1132.875681</ele>
      </trkpt>
      <trkpt lat="-29.282582988962531" lon="23.96756898611784">
        <ele>1133.091199</ele>
      </trkpt>
      <trkpt lat="-29.290596004575491" lon="23.984201028943062">
        <ele>1117.4796590000001</ele>
      </trkpt>
      <trkpt lat="-29.293273016810417" lon="23.994134003296494">
        <ele>1101.943708</ele>
      </trkpt>
      <trkpt lat="-29.293210990726948" lon="23.994617974385619">
        <ele>1101.752598</ele>
      </trkpt>
      <trkpt lat="-29.295238992199302" lon="23.995295986533165">
        <ele>1101.2067549999999</ele>
      </trkpt>
      <trkpt lat="-29.296453027054667" lon="23.996024038642645">
        <ele>1101.2089490000001</ele>
      </trkpt>
      <trkpt lat="-29.301260970532894" lon="24.000138966366649">
        <ele>1101.9792050000001</ele>
      </trkpt>
      <trkpt lat="-29.303404977545142" lon="24.001383008435369">
        <ele>1102.462194</ele>
      </trkpt>
      <trkpt lat="-29.308417020365596" lon="24.002654040232301">
        <ele>1104.1627120000001</ele>
      </trkpt>
      <trkpt lat="-29.345587994903326" lon="24.015954025089741">
        <ele>1122.7311970000001</ele>
      </trkpt>
      <trkpt lat="-29.348428035154939" lon="24.016888020560145">
        <ele>1123.8178150000001</ele>
      </trkpt>
      <trkpt lat="-29.350197035819292" lon="24.016975024715066">
        <ele>1124.6053400000001</ele>
      </trkpt>
      <trkpt lat="-29.352196035906672" lon="24.016730021685362">
        <ele>1125.6064739999999</ele>
      </trkpt>
      <trkpt lat="-29.39748102799058" lon="24.00759601034224">
        <ele>1148.0508689999999</ele>
      </trkpt>
      <trkpt lat="-29.399121031165123" lon="24.00733700953424">
        <ele>1148.736402</ele>
      </trkpt>
      <trkpt lat="-29.400690039619803" lon="24.007411021739244">
        <ele>1149.519544</ele>
      </trkpt>
      <trkpt lat="-29.418865023180842" lon="24.01038802228868">
        <ele>1160.1924529999999</ele>
      </trkpt>
      <trkpt lat="-29.421509010717273" lon="24.010781971737742">
        <ele>1161.5294570000001</ele>
      </trkpt>
      <trkpt lat="-29.422976011410356" lon="24.010936031118035">
        <ele>1161.8349330000001</ele>
      </trkpt>
      <trkpt lat="-29.436010960489511" lon="24.012173032388091">
        <ele>1159.924675</ele>
      </trkpt>
      <trkpt lat="-29.437255002558231" lon="24.012594977393746">
        <ele>1159.35105</ele>
      </trkpt>
      <trkpt lat="-29.438397958874702" lon="24.013232002034783">
        <ele>1158.192176</ele>
      </trkpt>
      <trkpt lat="-29.479152029380202" lon="24.046738995239139">
        <ele>1131.992542</ele>
      </trkpt>
      <trkpt lat="-29.489822024479508" lon="24.055782984942198">
        <ele>1119.72802</ele>
      </trkpt>
      <trkpt lat="-29.491693032905459" lon="24.056955026462674">
        <ele>1117.151496</ele>
      </trkpt>
      <trkpt lat="-29.518803963437676" lon="24.06672103330493">
        <ele>1100.2544800000001</ele>
      </trkpt>
      <trkpt lat="-29.525773013010621" lon="24.070490961894393">
        <ele>1098.191024</ele>
      </trkpt>
      <trkpt lat="-29.527523992583156" lon="24.071246003732085">
        <ele>1097.1470469999999</ele>
      </trkpt>
      <trkpt lat="-29.565094029530883" lon="24.086564015597105">
        <ele>1082.7737139999999</ele>
      </trkpt>
      <trkpt lat="-29.569469969719648" lon="24.088398981839418">
        <ele>1087.3192779999999</ele>
      </trkpt>
      <trkpt lat="-29.570806967094541" lon="24.089186964556575">
        <ele>1088.0290399999999</ele>
      </trkpt>
      <trkpt lat="-29.571236036717892" lon="24.089600024744868">
        <ele>1088.086681</ele>
      </trkpt>
      <trkpt lat="-29.572248989716172" lon="24.09093601629138">
        <ele>1087.9179549999999</ele>
      </trkpt>
      <trkpt lat="-29.581170016899705" lon="24.107333030551672">
        <ele>1071.927711</ele>
      </trkpt>
      <trkpt lat="-29.581475034356117" lon="24.107217025011778">
        <ele>1071.7073889999999</ele>
      </trkpt>
      <trkpt lat="-29.581931009888649" lon="24.108332991600037">
        <ele>1071.2298740000001</ele>
      </trkpt>
      <trkpt lat="-29.582302998751402" lon="24.108944032341242">
        <ele>1071.26127</ele>
      </trkpt>
      <trkpt lat="-29.582411041483283" lon="24.108971022069454">
        <ele>1071.266607</ele>
      </trkpt>
      <trkpt lat="-29.582334011793137" lon="24.10915601067245">
        <ele>1071.27522</ele>
      </trkpt>
      <trkpt lat="-29.582224041223526" lon="24.109257012605667">
        <ele>1071.282017</ele>
      </trkpt>
      <trkpt lat="-29.582800967618823" lon="24.110299972817302">
        <ele>1072.124395</ele>
      </trkpt>
      <trkpt lat="-29.584366036579013" lon="24.113188041374087">
        <ele>1075.814746</ele>
      </trkpt>
      <trkpt lat="-29.586584977805614" lon="24.117300035431981">
        <ele>1074.1143979999999</ele>
      </trkpt>
      <trkpt lat="-29.596574027091265" lon="24.111826987937093">
        <ele>1060.160603</ele>
      </trkpt>
      <trkpt lat="-29.602437000721693" lon="24.108758037909865">
        <ele>1066.635487</ele>
      </trkpt>
      <trkpt lat="-29.602513024583459" lon="24.108983008190989">
        <ele>1066.5075790000001</ele>
      </trkpt>
      <trkpt lat="-29.602928012609482" lon="24.109093984588981">
        <ele>1066.2346090000001</ele>
      </trkpt>
      <trkpt lat="-29.603200005367398" lon="24.10960603505373">
        <ele>1065.915538</ele>
      </trkpt>
      <trkpt lat="-29.604226034134626" lon="24.112063022330403">
        <ele>1062.1803709999999</ele>
      </trkpt>
      <trkpt lat="-29.604671029374003" lon="24.112805994227529">
        <ele>1062.2871869999999</ele>
      </trkpt>
      <trkpt lat="-29.604992978274822" lon="24.1130889672786">
        <ele>1062.3422009999999</ele>
      </trkpt>
      <trkpt lat="-29.606036022305489" lon="24.113763039931655">
        <ele>1063.2378200000001</ele>
      </trkpt>
      <trkpt lat="-29.606302985921502" lon="24.114132011309266">
        <ele>1063.6944550000001</ele>
      </trkpt>
      <trkpt lat="-29.606542037799954" lon="24.114618999883533">
        <ele>1064.2272359999999</ele>
      </trkpt>
      <trkpt lat="-29.606999019160867" lon="24.115081010386348">
        <ele>1064.602165</ele>
      </trkpt>
      <trkpt lat="-29.607322979718447" lon="24.1167620010674">
        <ele>1065.736189</ele>
      </trkpt>
      <trkpt lat="-29.609370008111" lon="24.117165002971888">
        <ele>1070.8153709999999</ele>
      </trkpt>
      <trkpt lat="-29.609819026663899" lon="24.116982026025653">
        <ele>1071.821242</ele>
      </trkpt>
      <trkpt lat="-29.610106023028493" lon="24.116435023024678">
        <ele>1072.957281</ele>
      </trkpt>
      <trkpt lat="-29.610324036329985" lon="24.116479028016329">
        <ele>1073.4221930000001</ele>
      </trkpt>
      <trkpt lat="-29.61108704097569" lon="24.117440013214946">
        <ele>1073.2615049999999</ele>
      </trkpt>
      <trkpt lat="-29.61330103687942" lon="24.116528984159231">
        <ele>1073.003637</ele>
      </trkpt>
      <trkpt lat="-29.614223968237638" lon="24.116307031363249">
        <ele>1072.149287</ele>
      </trkpt>
      <trkpt lat="-29.614765020087361" lon="24.116729982197285">
        <ele>1071.445815</ele>
      </trkpt>
      <trkpt lat="-29.61515000090003" lon="24.116995017975569">
        <ele>1070.9303359999999</ele>
      </trkpt>
      <trkpt lat="-29.615999003872275" lon="24.117175983265042">
        <ele>1069.6842260000001</ele>
      </trkpt>
      <trkpt lat="-29.615329960361123" lon="24.117444036528468">
        <ele>1068.666189</ele>
      </trkpt>
      <trkpt lat="-29.615656016394496" lon="24.118236964568496">
        <ele>1067.5510300000001</ele>
      </trkpt>
      <trkpt lat="-29.615699015557766" lon="24.118844987824559">
        <ele>1066.7727379999999</ele>
      </trkpt>
      <trkpt lat="-29.616039991378784" lon="24.11968401633203">
        <ele>1065.6945020000001</ele>
      </trkpt>
      <trkpt lat="-29.616286000236869" lon="24.120949013158679">
        <ele>1064.7365970000001</ele>
      </trkpt>
      <trkpt lat="-29.616147028282285" lon="24.121625013649464">
        <ele>1064.2471270000001</ele>
      </trkpt>
      <trkpt lat="-29.615737991407514" lon="24.122222978621721">
        <ele>1063.8397030000001</ele>
      </trkpt>
      <trkpt lat="-29.615436997264624" lon="24.123156974092126">
        <ele>1063.3063219999999</ele>
      </trkpt>
      <trkpt lat="-29.615491982549429" lon="24.124119970947504">
        <ele>1063.3007239999999</ele>
      </trkpt>
      <trkpt lat="-29.61643997579813" lon="24.126385012641549">
        <ele>1064.064601</ele>
      </trkpt>
      <trkpt lat="-29.617376988753676" lon="24.126011012122035">
        <ele>1064.5651600000001</ele>
      </trkpt>
      <trkpt lat="-29.61770698428154" lon="24.129294035956264">
        <ele>1065.4592250000001</ele>
      </trkpt>
      <trkpt lat="-29.617852997034788" lon="24.129594024270773">
        <ele>1065.549612</ele>
      </trkpt>
      <trkpt lat="-29.618192967027426" lon="24.129850007593632">
        <ele>1065.530375</ele>
      </trkpt>
      <trkpt lat="-29.618798978626728" lon="24.132343959063292">
        <ele>1065.0459940000001</ele>
      </trkpt>
      <trkpt lat="-29.619095027446747" lon="24.132784008979797">
        <ele>1065.0228669999999</ele>
      </trkpt>
      <trkpt lat="-29.619873035699129" lon="24.134563989937305">
        <ele>1065.9898009999999</ele>
      </trkpt>
      <trkpt lat="-29.620231026783586" lon="24.134889040142298">
        <ele>1066.4048439999999</ele>
      </trkpt>
      <trkpt lat="-29.621137026697397" lon="24.134891973808408">
        <ele>1067.3602100000001</ele>
      </trkpt>
      <trkpt lat="-29.622162971645594" lon="24.135477030649781">
        <ele>1068.6393760000001</ele>
      </trkpt>
      <trkpt lat="-29.622825980186462" lon="24.135639974847436">
        <ele>1069.688801</ele>
      </trkpt>
      <trkpt lat="-29.623890984803438" lon="24.135569985955954">
        <ele>1071.3465570000001</ele>
      </trkpt>
      <trkpt lat="-29.624691037461162" lon="24.13528198376298">
        <ele>1072.1378810000001</ele>
      </trkpt>
      <trkpt lat="-29.624703023582697" lon="24.135856982320547">
        <ele>1072.6033500000001</ele>
      </trkpt>
      <trkpt lat="-29.62451602332294" lon="24.136802041903138">
        <ele>1073.1585250000001</ele>
      </trkpt>
      <trkpt lat="-29.624792039394379" lon="24.138212967664003">
        <ele>1073.55447</ele>
      </trkpt>
      <trkpt lat="-29.625421017408371" lon="24.139039004221559">
        <ele>1074.2529509999999</ele>
      </trkpt>
      <trkpt lat="-29.626070028170943" lon="24.139413004741073">
        <ele>1074.8412209999999</ele>
      </trkpt>
      <trkpt lat="-29.627161016687751" lon="24.139475030824542">
        <ele>1075.5524989999999</ele>
      </trkpt>
      <trkpt lat="-29.628014964982867" lon="24.139049984514713">
        <ele>1076.104503</ele>
      </trkpt>
      <trkpt lat="-29.627079963684082" lon="24.140902971848845">
        <ele>1075.004666</ele>
      </trkpt>
      <trkpt lat="-29.626832026988268" lon="24.141801008954644">
        <ele>1074.2476730000001</ele>
      </trkpt>
      <trkpt lat="-29.626866979524493" lon="24.143201960250735">
        <ele>1073.1174390000001</ele>
      </trkpt>
      <trkpt lat="-29.627220025286078" lon="24.144205022603273">
        <ele>1072.253015</ele>
      </trkpt>
      <trkpt lat="-29.62806299328804" lon="24.145257035270333">
        <ele>1071.5435399999999</ele>
      </trkpt>
      <trkpt lat="-29.629258001223207" lon="24.14595901966095">
        <ele>1071.258497</ele>
      </trkpt>
      <trkpt lat="-29.63031898252666" lon="24.146696040406823">
        <ele>1071.3442439999999</ele>
      </trkpt>
      <trkpt lat="-29.630698012188077" lon="24.147169031202793">
        <ele>1071.2459080000001</ele>
      </trkpt>
      <trkpt lat="-29.630996994674206" lon="24.147763978689909">
        <ele>1070.92293</ele>
      </trkpt>
      <trkpt lat="-29.631350040435791" lon="24.148773998022079">
        <ele>1070.409302</ele>
      </trkpt>
      <trkpt lat="-29.631206961348653" lon="24.150523971766233">
        <ele>1069.168874</ele>
      </trkpt>
      <trkpt lat="-29.630903033539653" lon="24.151296028867364">
        <ele>1068.5731470000001</ele>
      </trkpt>
      <trkpt lat="-29.630749979987741" lon="24.151559974998236">
        <ele>1068.3508409999999</ele>
      </trkpt>
      <trkpt lat="-29.630978973582387" lon="24.154030960053205">
        <ele>1066.8635180000001</ele>
      </trkpt>
      <trkpt lat="-29.63150099851191" lon="24.155241977423429">
        <ele>1066.2787209999999</ele>
      </trkpt>
      <trkpt lat="-29.631905006244779" lon="24.15565000846982">
        <ele>1066.0771669999999</ele>
      </trkpt>
      <trkpt lat="-29.632902033627033" lon="24.156126016750932">
        <ele>1065.7238930000001</ele>
      </trkpt>
      <trkpt lat="-29.632858028635383" lon="24.156285021454096">
        <ele>1065.695657</ele>
      </trkpt>
      <trkpt lat="-29.633843991905451" lon="24.156877035275102">
        <ele>1065.4782110000001</ele>
      </trkpt>
      <trkpt lat="-29.634396024048328" lon="24.157596034929156">
        <ele>1065.3421470000001</ele>
      </trkpt>
      <trkpt lat="-29.63474496267736" lon="24.158555008471012">
        <ele>1065.206492</ele>
      </trkpt>
      <trkpt lat="-29.63489499874413" lon="24.159226985648274">
        <ele>1065.0487929999999</ele>
      </trkpt>
      <trkpt lat="-29.635077975690365" lon="24.15992695838213">
        <ele>1064.807691</ele>
      </trkpt>
      <trkpt lat="-29.63553998619318" lon="24.163551963865757">
        <ele>1061.6586159999999</ele>
      </trkpt>
      <trkpt lat="-29.635623972862959" lon="24.16368599049747">
        <ele>1061.5955469999999</ele>
      </trkpt>
      <trkpt lat="-29.636351019144058" lon="24.163355994969606">
        <ele>1061.251037</ele>
      </trkpt>
      <trkpt lat="-29.63798800483346" lon="24.163681967183948">
        <ele>1061.741718</ele>
      </trkpt>
      <trkpt lat="-29.640410961583257" lon="24.164962973445654">
        <ele>1063.0660439999999</ele>
      </trkpt>
      <trkpt lat="-29.641069024801254" lon="24.165595974773169">
        <ele>1063.4624550000001</ele>
      </trkpt>
      <trkpt lat="-29.642066974192858" lon="24.166743960231543">
        <ele>1063.8610160000001</ele>
      </trkpt>
      <trkpt lat="-29.642716990783811" lon="24.167446028441191">
        <ele>1064.0154130000001</ele>
      </trkpt>
      <trkpt lat="-29.64432799257338" lon="24.170037964358926">
        <ele>1063.559947</ele>
      </trkpt>
      <trkpt lat="-29.644617000594735" lon="24.170385980978608">
        <ele>1063.3524030000001</ele>
      </trkpt>
      <trkpt lat="-29.644957976415753" lon="24.171586018055677">
        <ele>1062.8766860000001</ele>
      </trkpt>
      <trkpt lat="-29.645325019955635" lon="24.172585979104042">
        <ele>1062.5076469999999</ele>
      </trkpt>
      <trkpt lat="-29.645712012425065" lon="24.172870041802526">
        <ele>1062.4376830000001</ele>
      </trkpt>
      <trkpt lat="-29.645901024341583" lon="24.174165967851877">
        <ele>1062.478079</ele>
      </trkpt>
      <trkpt lat="-29.646387007087469" lon="24.174999967217445">
        <ele>1062.8369210000001</ele>
      </trkpt>
      <trkpt lat="-29.646921018138528" lon="24.175353012979031">
        <ele>1063.266783</ele>
      </trkpt>
      <trkpt lat="-29.647115981206298" lon="24.175998000428081">
        <ele>1063.6791659999999</ele>
      </trkpt>
      <trkpt lat="-29.647293007001281" lon="24.176191035658121">
        <ele>1063.9632409999999</ele>
      </trkpt>
      <trkpt lat="-29.648617012426257" lon="24.17687701061368">
        <ele>1066.0591589999999</ele>
      </trkpt>
      <trkpt lat="-29.649185976013541" lon="24.177816035225987">
        <ele>1067.2140669999999</ele>
      </trkpt>
      <trkpt lat="-29.649596018716693" lon="24.178148964419961">
        <ele>1067.7692770000001</ele>
      </trkpt>
      <trkpt lat="-29.650681978091598" lon="24.178051985800266">
        <ele>1068.5046890000001</ele>
      </trkpt>
      <trkpt lat="-29.651596024632454" lon="24.178213002160192">
        <ele>1068.8514680000001</ele>
      </trkpt>
      <trkpt lat="-29.652509987354279" lon="24.178078975528479">
        <ele>1069.6604809999999</ele>
      </trkpt>
      <trkpt lat="-29.655213989317417" lon="24.17737103998661">
        <ele>1073.855832</ele>
      </trkpt>
      <trkpt lat="-29.655716987326741" lon="24.176588002592325">
        <ele>1075.334216</ele>
      </trkpt>
      <trkpt lat="-29.656350994482636" lon="24.176057009026408">
        <ele>1076.6957890000001</ele>
      </trkpt>
      <trkpt lat="-29.656758019700646" lon="24.175920970737934">
        <ele>1077.323965</ele>
      </trkpt>
      <trkpt lat="-29.658146984875202" lon="24.175522997975349">
        <ele>1078.6805220000001</ele>
      </trkpt>
      <trkpt lat="-29.658234994858503" lon="24.17576196603477">
        <ele>1078.8939130000001</ele>
      </trkpt>
      <trkpt lat="-29.65859298594296" lon="24.176737032830715">
        <ele>1079.6727519999999</ele>
      </trkpt>
      <trkpt lat="-29.658935973420739" lon="24.177082031965256">
        <ele>1080.063811</ele>
      </trkpt>
      <trkpt lat="-29.660604977980256" lon="24.17685798369348">
        <ele>1082.7304019999999</ele>
      </trkpt>
      <trkpt lat="-29.663741989061236" lon="24.176321960985661">
        <ele>1088.1419530000001</ele>
      </trkpt>
      <trkpt lat="-29.664037032052875" lon="24.177316976711154">
        <ele>1089.0989529999999</ele>
      </trkpt>
      <trkpt lat="-29.663733020424843" lon="24.182801004499197">
        <ele>1085.8673779999999</ele>
      </trkpt>
      <trkpt lat="-29.663863023743033" lon="24.190590977668762">
        <ele>1075.367587</ele>
      </trkpt>
      <trkpt lat="-29.663733020424843" lon="24.191319029778242">
        <ele>1074.699077</ele>
      </trkpt>
      <trkpt lat="-29.664774974808097" lon="24.195433035492897">
        <ele>1073.755883</ele>
      </trkpt>
      <trkpt lat="-29.665449969470501" lon="24.195016035810113">
        <ele>1074.0092159999999</ele>
      </trkpt>
      <trkpt lat="-29.666633997112513" lon="24.194747982546687">
        <ele>1074.72759</ele>
      </trkpt>
      <trkpt lat="-29.667729008942842" lon="24.19494797475636">
        <ele>1075.535805</ele>
      </trkpt>
      <trkpt lat="-29.668678008019924" lon="24.195529008284211">
        <ele>1076.2780640000001</ele>
      </trkpt>
      <trkpt lat="-29.66935602016747" lon="24.196329982951283">
        <ele>1076.7623329999999</ele>
      </trkpt>
      <trkpt lat="-29.669802021235228" lon="24.197322987020016">
        <ele>1077.076229</ele>
      </trkpt>
      <trkpt lat="-29.669974017888308" lon="24.198304004967213">
        <ele>1077.1324139999999</ele>
      </trkpt>
      <trkpt lat="-29.669905034825206" lon="24.199299020692706">
        <ele>1077.247936</ele>
      </trkpt>
      <trkpt lat="-29.670103015378118" lon="24.199552992358804">
        <ele>1077.3197809999999</ele>
      </trkpt>
      <trkpt lat="-29.670384982600808" lon="24.199659023433924">
        <ele>1077.3916650000001</ele>
      </trkpt>
      <trkpt lat="-29.670680025592446" lon="24.19967302121222">
        <ele>1077.4632079999999</ele>
      </trkpt>
      <trkpt lat="-29.672265965491533" lon="24.205126035958529">
        <ele>1079.6674210000001</ele>
      </trkpt>
      <trkpt lat="-29.673570021986961" lon="24.209525026381016">
        <ele>1080.674336</ele>
      </trkpt>
      <trkpt lat="-29.674562020227313" lon="24.212194997817278">
        <ele>1081.384309</ele>
      </trkpt>
      <trkpt lat="-29.675084967166185" lon="24.21329302713275">
        <ele>1081.5366730000001</ele>
      </trkpt>
      <trkpt lat="-29.674838958308101" lon="24.213390005752444">
        <ele>1081.5730900000001</ele>
      </trkpt>
      <trkpt lat="-29.674064973369241" lon="24.213434010744095">
        <ele>1081.7562909999999</ele>
      </trkpt>
      <trkpt lat="-29.674013005569577" lon="24.213751014322042">
        <ele>1081.834615</ele>
      </trkpt>
      <trkpt lat="-29.676220966503024" lon="24.219475015997887">
        <ele>1085.475101</ele>
      </trkpt>
      <trkpt lat="-29.676449960097671" lon="24.220167025923729">
        <ele>1085.992356</ele>
      </trkpt>
      <trkpt lat="-29.676389023661613" lon="24.220327958464622">
        <ele>1086.1150459999999</ele>
      </trkpt>
      <trkpt lat="-29.678437979891896" lon="24.219608958810568">
        <ele>1086.6878610000001</ele>
      </trkpt>
      <trkpt lat="-29.685048032552004" lon="24.232047032564878">
        <ele>1094.896383</ele>
      </trkpt>
      <trkpt lat="-29.711011983454227" lon="24.280981002375484">
        <ele>1121.852658</ele>
      </trkpt>
      <trkpt lat="-29.721430018544197" lon="24.300651988014579">
        <ele>1115.5194120000001</ele>
      </trkpt>
      <trkpt lat="-29.726232010871172" lon="24.309018971398473">
        <ele>1104.2406109999999</ele>
      </trkpt>
      <trkpt lat="-29.723003972321749" lon="24.318982036784291">
        <ele>1103.2786169999999</ele>
      </trkpt>
      <trkpt lat="-29.722791993990541" lon="24.320071013644338">
        <ele>1102.777178</ele>
      </trkpt>
      <trkpt lat="-29.72317898645997" lon="24.320100015029311">
        <ele>1102.5587599999999</ele>
      </trkpt>
      <trkpt lat="-29.72347604110837" lon="24.320621034130454">
        <ele>1102.253946</ele>
      </trkpt>
      <trkpt lat="-29.728299994021654" lon="24.336816966533661">
        <ele>1101.92914</ele>
      </trkpt>
      <trkpt lat="-29.730898970738053" lon="24.34538695961237">
        <ele>1094.795337</ele>
      </trkpt>
      <trkpt lat="-29.7311279643327" lon="24.345734976232052">
        <ele>1094.6021820000001</ele>
      </trkpt>
      <trkpt lat="-29.730958985164762" lon="24.345977967604995">
        <ele>1094.4787650000001</ele>
      </trkpt>
      <trkpt lat="-29.732147958129644" lon="24.345414033159614">
        <ele>1094.697954</ele>
      </trkpt>
      <trkpt lat="-29.732648022472858" lon="24.345354018732905">
        <ele>1094.7749369999999</ele>
      </trkpt>
      <trkpt lat="-29.733316982164979" lon="24.345435993745923">
        <ele>1094.522909</ele>
      </trkpt>
      <trkpt lat="-29.734189035370946" lon="24.345849975943565">
        <ele>1094.1683399999999</ele>
      </trkpt>
      <trkpt lat="-29.734619027003646" lon="24.346230011433363">
        <ele>1093.8649049999999</ele>
      </trkpt>
      <trkpt lat="-29.735329980030656" lon="24.347441028803587">
        <ele>1093.0472460000001</ele>
      </trkpt>
      <trkpt lat="-29.735490996390581" lon="24.348146030679345">
        <ele>1092.7285850000001</ele>
      </trkpt>
      <trkpt lat="-29.735485967248678" lon="24.349128976464272">
        <ele>1092.333044</ele>
      </trkpt>
      <trkpt lat="-29.73563801497221" lon="24.350175959989429">
        <ele>1091.9481310000001</ele>
      </trkpt>
      <trkpt lat="-29.735929034650326" lon="24.350910969078541">
        <ele>1091.687688</ele>
      </trkpt>
      <trkpt lat="-29.736609980463982" lon="24.351795008406043">
        <ele>1091.4686160000001</ele>
      </trkpt>
      <trkpt lat="-29.737368961796165" lon="24.352231035009027">
        <ele>1091.4993039999999</ele>
      </trkpt>
      <trkpt lat="-29.738707970827818" lon="24.352423986420035">
        <ele>1091.6578959999999</ele>
      </trkpt>
      <trkpt lat="-29.739608019590378" lon="24.352100025862455">
        <ele>1091.8186229999999</ele>
      </trkpt>
      <trkpt lat="-29.740162985399365" lon="24.352192981168628">
        <ele>1091.722282</ele>
      </trkpt>
      <trkpt lat="-29.740667995065451" lon="24.352500010281801">
        <ele>1091.6121370000001</ele>
      </trkpt>
      <trkpt lat="-29.741557985544205" lon="24.352596988901496">
        <ele>1091.47459</ele>
      </trkpt>
      <trkpt lat="-29.742866987362504" lon="24.351800959557295">
        <ele>1091.4509880000001</ele>
      </trkpt>
      <trkpt lat="-29.742518970742822" lon="24.352585002779961">
        <ele>1091.4403199999999</ele>
      </trkpt>
      <trkpt lat="-29.742565993219614" lon="24.352911980822682">
        <ele>1091.4364559999999</ele>
      </trkpt>
      <trkpt lat="-29.742510002106428" lon="24.353588987141848">
        <ele>1091.428527</ele>
      </trkpt>
      <trkpt lat="-29.742795992642641" lon="24.354995973408222">
        <ele>1091.8935240000001</ele>
      </trkpt>
      <trkpt lat="-29.743279963731766" lon="24.355810023844242">
        <ele>1092.309489</ele>
      </trkpt>
      <trkpt lat="-29.743793020024896" lon="24.356311010196805">
        <ele>1092.7848759999999</ele>
      </trkpt>
      <trkpt lat="-29.742818037047982" lon="24.358337000012398">
        <ele>1093.9154880000001</ele>
      </trkpt>
      <trkpt lat="-29.743349030613899" lon="24.358852989971638">
        <ele>1094.191491</ele>
      </trkpt>
      <trkpt lat="-29.743624962866306" lon="24.359267977997661">
        <ele>1094.220554</ele>
      </trkpt>
      <trkpt lat="-29.743916988372803" lon="24.359913971275091">
        <ele>1094.14085</ele>
      </trkpt>
      <trkpt lat="-29.744045985862613" lon="24.360818965360522">
        <ele>1094.0404109999999</ele>
      </trkpt>
      <trkpt lat="-29.74373996257782" lon="24.363745003938675">
        <ele>1091.737028</ele>
      </trkpt>
      <trkpt lat="-29.743852028623223" lon="24.364793999120593">
        <ele>1090.6643570000001</ele>
      </trkpt>
      <trkpt lat="-29.744354020804167" lon="24.36642000451684">
        <ele>1089.3637329999999</ele>
      </trkpt>
      <trkpt lat="-29.74479298107326" lon="24.36723698861897">
        <ele>1088.6746989999999</ele>
      </trkpt>
      <trkpt lat="-29.745595967397094" lon="24.368253964930773">
        <ele>1087.681732</ele>
      </trkpt>
      <trkpt lat="-29.746345980092883" lon="24.368895012885332">
        <ele>1087.540649</ele>
      </trkpt>
      <trkpt lat="-29.748159991577268" lon="24.369738986715674">
        <ele>1087.9782640000001</ele>
      </trkpt>
      <trkpt lat="-29.748803973197937" lon="24.369828002527356">
        <ele>1088.2140649999999</ele>
      </trkpt>
      <trkpt lat="-29.749849028885365" lon="24.37018096446991">
        <ele>1088.0076489999999</ele>
      </trkpt>
      <trkpt lat="-29.755353005602956" lon="24.373626010492444">
        <ele>1087.820886</ele>
      </trkpt>
      <trkpt lat="-29.756010985001922" lon="24.373774034902453">
        <ele>1088.2712939999999</ele>
      </trkpt>
      <trkpt lat="-29.757328033447266" lon="24.37449999153614">
        <ele>1089.251107</ele>
      </trkpt>
      <trkpt lat="-29.758021971210837" lon="24.375353017821908">
        <ele>1089.8064609999999</ele>
      </trkpt>
      <trkpt lat="-29.758576015010476" lon="24.375771023333073">
        <ele>1090.140134</ele>
      </trkpt>
      <trkpt lat="-29.759376989677548" lon="24.377512028440833">
        <ele>1090.3376969999999</ele>
      </trkpt>
      <trkpt lat="-29.759601037949324" lon="24.378422973677516">
        <ele>1090.2262860000001</ele>
      </trkpt>
      <trkpt lat="-29.759698016569018" lon="24.380100024864078">
        <ele>1089.955001</ele>
      </trkpt>
      <trkpt lat="-29.759375983849168" lon="24.381831977516413">
        <ele>1089.6443839999999</ele>
      </trkpt>
      <trkpt lat="-29.759145984426141" lon="24.38244704157114">
        <ele>1089.831506</ele>
      </trkpt>
      <trkpt lat="-29.758282983675599" lon="24.383895015344024">
        <ele>1090.123599</ele>
      </trkpt>
      <trkpt lat="-29.759068032726645" lon="24.383078031241894">
        <ele>1090.052216</ele>
      </trkpt>
      <trkpt lat="-29.759820979088545" lon="24.382581990212202">
        <ele>1090.144401</ele>
      </trkpt>
      <trkpt lat="-29.761103997007012" lon="24.382302034646273">
        <ele>1090.4276729999999</ele>
      </trkpt>
      <trkpt lat="-29.762371005490422" lon="24.382616020739079">
        <ele>1091.177725</ele>
      </trkpt>
      <trkpt lat="-29.762730002403259" lon="24.382826993241906">
        <ele>1091.3538639999999</ele>
      </trkpt>
      <trkpt lat="-29.763166029006243" lon="24.38318096101284">
        <ele>1091.1439680000001</ele>
      </trkpt>
      <trkpt lat="-29.763681013137102" lon="24.383803987875581">
        <ele>1090.850107</ele>
      </trkpt>
      <trkpt lat="-29.764066999778152" lon="24.384675035253167">
        <ele>1090.4206979999999</ele>
      </trkpt>
      <trkpt lat="-29.764218041673303" lon="24.386388966813684">
        <ele>1089.4979269999999</ele>
      </trkpt>
      <trkpt lat="-29.76496403105557" lon="24.38749898225069">
        <ele>1089.192202</ele>
      </trkpt>
      <trkpt lat="-29.765252033248544" lon="24.387773992493749">
        <ele>1089.0984920000001</ele>
      </trkpt>
      <trkpt lat="-29.766443017870188" lon="24.388333987444639">
        <ele>1088.64743</ele>
      </trkpt>
      <trkpt lat="-29.767090016975999" lon="24.388974029570818">
        <ele>1088.498564</ele>
      </trkpt>
      <trkpt lat="-29.768029963597655" lon="24.389612982049584">
        <ele>1088.8379219999999</ele>
      </trkpt>
      <trkpt lat="-29.770430037751794" lon="24.389971978962421">
        <ele>1090.011788</ele>
      </trkpt>
      <trkpt lat="-29.771321034058928" lon="24.390642028301954">
        <ele>1089.810309</ele>
      </trkpt>
      <trkpt lat="-29.771827971562743" lon="24.391425987705588">
        <ele>1089.6913099999999</ele>
      </trkpt>
      <trkpt lat="-29.772213958203793" lon="24.391680965200067">
        <ele>1089.6735309999999</ele>
      </trkpt>
      <trkpt lat="-29.773014010861516" lon="24.391562025994062">
        <ele>1089.641067</ele>
      </trkpt>
      <trkpt lat="-29.773362027481198" lon="24.391230018809438">
        <ele>1089.670312</ele>
      </trkpt>
      <trkpt lat="-29.773855973035097" lon="24.389964016154408">
        <ele>1089.922489</ele>
      </trkpt>
      <trkpt lat="-29.775377959012985" lon="24.391075959429145">
        <ele>1089.8728160000001</ele>
      </trkpt>
      <trkpt lat="-29.786178963258862" lon="24.398395037278533">
        <ele>1094.358984</ele>
      </trkpt>
      <trkpt lat="-29.786140993237495" lon="24.399547968059778">
        <ele>1094.5748699999999</ele>
      </trkpt>
      <trkpt lat="-29.786462020128965" lon="24.40049696713686">
        <ele>1094.6740380000001</ele>
      </trkpt>
      <trkpt lat="-29.786912966519594" lon="24.40066896378994">
        <ele>1094.77837</ele>
      </trkpt>
      <trkpt lat="-29.787868000566959" lon="24.400396971032023">
        <ele>1095.2032830000001</ele>
      </trkpt>
      <trkpt lat="-29.788437969982624" lon="24.400414992123842">
        <ele>1095.4486790000001</ele>
      </trkpt>
      <trkpt lat="-29.789272975176573" lon="24.400687990710139">
        <ele>1095.048065</ele>
      </trkpt>
      <trkpt lat="-29.789992980659008" lon="24.401229964569211">
        <ele>1094.572674</ele>
      </trkpt>
      <trkpt lat="-29.79059899225831" lon="24.402103023603559">
        <ele>1093.6491080000001</ele>
      </trkpt>
      <trkpt lat="-29.790949020534754" lon="24.403433986008167">
        <ele>1092.448789</ele>
      </trkpt>
      <trkpt lat="-29.790865033864975" lon="24.40455699339509">
        <ele>1091.58736</ele>
      </trkpt>
      <trkpt lat="-29.790644003078341" lon="24.405224025249481">
        <ele>1091.038646</ele>
      </trkpt>
      <trkpt lat="-29.790332028642297" lon="24.405782008543611">
        <ele>1090.4651759999999</ele>
      </trkpt>
      <trkpt lat="-29.789600037038326" lon="24.40653302706778">
        <ele>1089.4855190000001</ele>
      </trkpt>
      <trkpt lat="-29.789963979274035" lon="24.407670032233">
        <ele>1089.3363059999999</ele>
      </trkpt>
      <trkpt lat="-29.791037030518055" lon="24.408629005774856">
        <ele>1089.4544719999999</ele>
      </trkpt>
      <trkpt lat="-29.791590990498662" lon="24.407738009467721">
        <ele>1089.6069319999999</ele>
      </trkpt>
      <trkpt lat="-29.791875975206494" lon="24.407969014719129">
        <ele>1089.6627800000001</ele>
      </trkpt>
      <trkpt lat="-29.792011007666588" lon="24.409420005977154">
        <ele>1089.4494669999999</ele>
      </trkpt>
      <trkpt lat="-29.792256010696292" lon="24.410239001736045">
        <ele>1089.354883</ele>
      </trkpt>
      <trkpt lat="-29.792536972090602" lon="24.410777958109975">
        <ele>1089.414769</ele>
      </trkpt>
      <trkpt lat="-29.793084980919957" lon="24.411384975537658">
        <ele>1089.4983629999999</ele>
      </trkpt>
      <trkpt lat="-29.794144034385681" lon="24.412103975191712">
        <ele>1089.628328</ele>
      </trkpt>
      <trkpt lat="-29.794511999934912" lon="24.412281000986695">
        <ele>1089.669997</ele>
      </trkpt>
      <trkpt lat="-29.795300988480449" lon="24.412316959351301">
        <ele>1090.0223960000001</ele>
      </trkpt>
      <trkpt lat="-29.797276016324759" lon="24.411669038236141">
        <ele>1092.1734429999999</ele>
      </trkpt>
      <trkpt lat="-29.798062993213534" lon="24.41183902323246">
        <ele>1093.0149039999999</ele>
      </trkpt>
      <trkpt lat="-29.798432970419526" lon="24.412156026810408">
        <ele>1093.4619399999999</ele>
      </trkpt>
      <trkpt lat="-29.798875031992793" lon="24.412579983472824">
        <ele>1093.4271510000001</ele>
      </trkpt>
      <trkpt lat="-29.799705008044839" lon="24.412805959582329">
        <ele>1093.3749419999999</ele>
      </trkpt>
      <trkpt lat="-29.800193002447486" lon="24.412746028974652">
        <ele>1093.2573359999999</ele>
      </trkpt>
      <trkpt lat="-29.800791973248124" lon="24.412462972104549">
        <ele>1092.8659339999999</ele>
      </trkpt>
      <trkpt lat="-29.801529999822378" lon="24.41297703422606">
        <ele>1092.336773</ele>
      </trkpt>
      <trkpt lat="-29.802016988396645" lon="24.413112988695502">
        <ele>1092.04447</ele>
      </trkpt>
      <trkpt lat="-29.802746968343854" lon="24.413834000006318">
        <ele>1091.4879309999999</ele>
      </trkpt>
      <trkpt lat="-29.803771991282701" lon="24.414044972509146">
        <ele>1091.5298479999999</ele>
      </trkpt>
      <trkpt lat="-29.804685031995177" lon="24.41358296200633">
        <ele>1092.0254689999999</ele>
      </trkpt>
      <trkpt lat="-29.806392006576061" lon="24.411397967487574">
        <ele>1092.520327</ele>
      </trkpt>
      <trkpt lat="-29.806933980435133" lon="24.410288035869598">
        <ele>1093.1469520000001</ele>
      </trkpt>
      <trkpt lat="-29.807882979512215" lon="24.410450980067253">
        <ele>1094.287527</ele>
      </trkpt>
      <trkpt lat="-29.814393036067486" lon="24.410015037283301">
        <ele>1108.2497490000001</ele>
      </trkpt>
      <trkpt lat="-29.814410973340273" lon="24.410361964255571">
        <ele>1108.9953720000001</ele>
      </trkpt>
      <trkpt lat="-29.81528302654624" lon="24.410162977874279">
        <ele>1111.248548</ele>
      </trkpt>
      <trkpt lat="-29.81569298543036" lon="24.410136993974447">
        <ele>1112.2821120000001</ele>
      </trkpt>
      <trkpt lat="-29.816282987594604" lon="24.41012199036777">
        <ele>1114.963857</ele>
      </trkpt>
      <trkpt lat="-29.816868966445327" lon="24.410106986761093">
        <ele>1117.6411290000001</ele>
      </trkpt>
      <trkpt lat="-29.817014979198575" lon="24.410111010074615">
        <ele>1118.321056</ele>
      </trkpt>
      <trkpt lat="-29.817447988316417" lon="24.410174963995814">
        <ele>1120.3499650000001</ele>
      </trkpt>
      <trkpt lat="-29.817420998588204" lon="24.41037998534739">
        <ele>1120.3844859999999</ele>
      </trkpt>
      <trkpt lat="-29.818161958828568" lon="24.410882983356714">
        <ele>1120.3844859999999</ele>
      </trkpt>
      <trkpt lat="-29.818252986297011" lon="24.411415988579392">
        <ele>1120.3844859999999</ele>
      </trkpt>
      <trkpt lat="-29.818791020661592" lon="24.412455009296536">
        <ele>1120.3844859999999</ele>
      </trkpt>
      <trkpt lat="-29.818791020661592" lon="24.412455009296536">
        <ele>1127.4602070000001</ele>
      </trkpt>
      <trkpt lat="-29.818396987393498" lon="24.411592008545995">
        <ele>1127.4602070000001</ele>
      </trkpt>
      <trkpt lat="-29.819269962608814" lon="24.411266958341002">
        <ele>1128.4705670000001</ele>
      </trkpt>
      <trkpt lat="-29.819651003926992" lon="24.410188039764762">
        <ele>1129.684021</ele>
      </trkpt>
      <trkpt lat="-29.820087030529976" lon="24.409844968467951">
        <ele>1130.487306</ele>
      </trkpt>
      <trkpt lat="-29.820986995473504" lon="24.409552020952106">
        <ele>1131.9120439999999</ele>
      </trkpt>
      <trkpt lat="-29.821290001273155" lon="24.409580016508698">
        <ele>1132.313013</ele>
      </trkpt>
      <trkpt lat="-29.821220012381673" lon="24.409253038465977">
        <ele>1132.542999</ele>
      </trkpt>
      <trkpt lat="-29.821185981854796" lon="24.409104008227587">
        <ele>1132.648203</ele>
      </trkpt>
      <trkpt lat="-29.8221580311656" lon="24.40876898355782">
        <ele>1133.4466990000001</ele>
      </trkpt>
      <trkpt lat="-29.827493028715253" lon="24.407884022220969">
        <ele>1132.154679</ele>
      </trkpt>
      <trkpt lat="-29.827528987079859" lon="24.408131036907434">
        <ele>1132.242765</ele>
      </trkpt>
      <trkpt lat="-29.834911013022065" lon="24.406863022595644">
        <ele>1139.2502919999999</ele>
      </trkpt>
      <trkpt lat="-29.841194003820419" lon="24.405882004648447">
        <ele>1139.8139369999999</ele>
      </trkpt>
      <trkpt lat="-29.841430960223079" lon="24.405955011025071">
        <ele>1139.7901119999999</ele>
      </trkpt>
      <trkpt lat="-29.841566998511553" lon="24.40580396912992">
        <ele>1139.7733700000001</ele>
      </trkpt>
      <trkpt lat="-29.842491019517183" lon="24.405660973861814">
        <ele>1140.093001</ele>
      </trkpt>
      <trkpt lat="-29.842731999233365" lon="24.405634989961982">
        <ele>1140.2076790000001</ele>
      </trkpt>
      <trkpt lat="-29.845719980075955" lon="24.405734986066818">
        <ele>1141.545026</ele>
      </trkpt>
      <trkpt lat="-29.846614999696612" lon="24.405925003811717">
        <ele>1141.7597949999999</ele>
      </trkpt>
      <trkpt lat="-29.846708960831165" lon="24.406121978536248">
        <ele>1141.8120039999999</ele>
      </trkpt>
      <trkpt lat="-29.846245022490621" lon="24.406602010130882">
        <ele>1141.6836900000001</ele>
      </trkpt>
      <trkpt lat="-29.845949979498982" lon="24.406734025105834">
        <ele>1141.520634</ele>
      </trkpt>
      <trkpt lat="-29.845892982557416" lon="24.406822035089135">
        <ele>1141.471886</ele>
      </trkpt>
      <trkpt lat="-29.846110995858908" lon="24.406886994838715">
        <ele>1141.3566619999999</ele>
      </trkpt>
      <trkpt lat="-29.846949018537998" lon="24.405948976054788">
        <ele>1140.3486780000001</ele>
      </trkpt>
      <trkpt lat="-29.847762985154986" lon="24.406085014343262">
        <ele>1138.9324469999999</ele>
      </trkpt>
      <trkpt lat="-29.849656959995627" lon="24.406940974295139">
        <ele>1136.3320490000001</ele>
      </trkpt>
      <trkpt lat="-29.851609021425247" lon="24.4081000238657">
        <ele>1135.349545</ele>
      </trkpt>
      <trkpt lat="-29.909311970695853" lon="24.442980978637934">
        <ele>1213.1654759999999</ele>
      </trkpt>
      <trkpt lat="-29.910129038617015" lon="24.443525969982147">
        <ele>1213.6925020000001</ele>
      </trkpt>
      <trkpt lat="-29.911040989682078" lon="24.444253016263247">
        <ele>1212.6884030000001</ele>
      </trkpt>
      <trkpt lat="-29.932463960722089" lon="24.464419037103653">
        <ele>1169.5770869999999</ele>
      </trkpt>
      <trkpt lat="-29.932606033980846" lon="24.46312596090138">
        <ele>1170.7724479999999</ele>
      </trkpt>
      <trkpt lat="-29.932806026190519" lon="24.46256797760725">
        <ele>1171.76505</ele>
      </trkpt>
      <trkpt lat="-29.933055974543095" lon="24.462276035919785">
        <ele>1172.4381559999999</ele>
      </trkpt>
      <trkpt lat="-29.934232961386442" lon="24.46127699688077">
        <ele>1172.4174820000001</ele>
      </trkpt>
      <trkpt lat="-29.934927988797426" lon="24.460389018058777">
        <ele>1172.2046499999999</ele>
      </trkpt>
      <trkpt lat="-29.937587985768914" lon="24.459049003198743">
        <ele>1172.9512560000001</ele>
      </trkpt>
      <trkpt lat="-29.938226016238332" lon="24.458348024636507">
        <ele>1173.172824</ele>
      </trkpt>
      <trkpt lat="-29.938895981758833" lon="24.457759028300643">
        <ele>1173.3308259999999</ele>
      </trkpt>
      <trkpt lat="-29.939631996676326" lon="24.457272039726377">
        <ele>1173.0559020000001</ele>
      </trkpt>
      <trkpt lat="-29.939864007756114" lon="24.456813968718052">
        <ele>1172.823007</ele>
      </trkpt>
      <trkpt lat="-29.939723024144769" lon="24.45573496632278">
        <ele>1172.5765280000001</ele>
      </trkpt>
      <trkpt lat="-29.940234990790486" lon="24.454563008621335">
        <ele>1173.073018</ele>
      </trkpt>
      <trkpt lat="-29.941417006775737" lon="24.453934030607343">
        <ele>1173.8215130000001</ele>
      </trkpt>
      <trkpt lat="-29.943163963034749" lon="24.451127015054226">
        <ele>1176.364597</ele>
      </trkpt>
      <trkpt lat="-29.943468980491161" lon="24.450732981786132">
        <ele>1176.5524760000001</ele>
      </trkpt>
      <trkpt lat="-29.944009026512504" lon="24.45036300458014">
        <ele>1176.812021</ele>
      </trkpt>
      <trkpt lat="-29.945979025214911" lon="24.449907029047608">
        <ele>1175.2046130000001</ele>
      </trkpt>
      <trkpt lat="-29.946504989638925" lon="24.449495980516076">
        <ele>1174.6426650000001</ele>
      </trkpt>
      <trkpt lat="-29.946859963238239" lon="24.448522003367543">
        <ele>1173.93677</ele>
      </trkpt>
      <trkpt lat="-29.947163974866271" lon="24.446952994912863">
        <ele>1173.1953229999999</ele>
      </trkpt>
      <trkpt lat="-29.947018967941403" lon="24.4462810177356">
        <ele>1172.9435089999999</ele>
      </trkpt>
      <trkpt lat="-29.946454027667642" lon="24.44520796649158">
        <ele>1172.4793179999999</ele>
      </trkpt>
      <trkpt lat="-29.946470037102699" lon="24.444899009540677">
        <ele>1172.360698</ele>
      </trkpt>
      <trkpt lat="-29.947234969586134" lon="24.444760037586093">
        <ele>1171.916356</ele>
      </trkpt>
      <trkpt lat="-29.947702009230852" lon="24.444436999037862">
        <ele>1171.097076</ele>
      </trkpt>
      <trkpt lat="-29.948315983638167" lon="24.444096023216844">
        <ele>1170.065194</ele>
      </trkpt>
      <trkpt lat="-29.950566021725535" lon="24.44202896207571">
        <ele>1165.717224</ele>
      </trkpt>
      <trkpt lat="-29.951316034421325" lon="24.440732030197978">
        <ele>1164.0935469999999</ele>
      </trkpt>
      <trkpt lat="-29.951810985803604" lon="24.439095966517925">
        <ele>1162.98712</ele>
      </trkpt>
      <trkpt lat="-29.952819999307394" lon="24.436793960630894">
        <ele>1162.6709530000001</ele>
      </trkpt>
      <trkpt lat="-29.954132018610835" lon="24.435847979038954">
        <ele>1162.4954230000001</ele>
      </trkpt>
      <trkpt lat="-29.954768037423491" lon="24.435225035995245">
        <ele>1162.2393480000001</ele>
      </trkpt>
      <trkpt lat="-29.95500298216939" lon="24.435297958552837">
        <ele>1162.1602559999999</ele>
      </trkpt>
      <trkpt lat="-29.955609999597073" lon="24.436090970411897">
        <ele>1161.7200310000001</ele>
      </trkpt>
      <trkpt lat="-29.957252014428377" lon="24.438182003796101">
        <ele>1159.1448379999999</ele>
      </trkpt>
      <trkpt lat="-29.957655016332865" lon="24.438599003478885">
        <ele>1158.4151979999999</ele>
      </trkpt>
      <trkpt lat="-29.958419026806951" lon="24.438853980973363">
        <ele>1157.457793</ele>
      </trkpt>
      <trkpt lat="-29.959604982286692" lon="24.438883988186717">
        <ele>1156.1428040000001</ele>
      </trkpt>
      <trkpt lat="-29.972658036276698" lon="24.435470039024949">
        <ele>1151.242686</ele>
      </trkpt>
      <trkpt lat="-29.973046034574509" lon="24.434840977191925">
        <ele>1151.0564320000001</ele>
      </trkpt>
      <trkpt lat="-29.973443001508713" lon="24.433598024770617">
        <ele>1151.100199</ele>
      </trkpt>
      <trkpt lat="-29.976109033450484" lon="24.431067025288939">
        <ele>1152.1703090000001</ele>
      </trkpt>
      <trkpt lat="-29.976725019514561" lon="24.43066100589931">
        <ele>1152.1818060000001</ele>
      </trkpt>
      <trkpt lat="-29.978130999952555" lon="24.43115402944386">
        <ele>1152.720333</ele>
      </trkpt>
      <trkpt lat="-29.980727965012193" lon="24.432391030713916">
        <ele>1155.950092</ele>
      </trkpt>
      <trkpt lat="-29.98224500566721" lon="24.432363035157323">
        <ele>1157.0985009999999</ele>
      </trkpt>
      <trkpt lat="-29.997241990640759" lon="24.431456029415131">
        <ele>1167.610903</ele>
      </trkpt>
      <trkpt lat="-29.998310012742877" lon="24.431029977276921">
        <ele>1168.225823</ele>
      </trkpt>
      <trkpt lat="-29.998913006857038" lon="24.43098496645689">
        <ele>1168.4305300000001</ele>
      </trkpt>
      <trkpt lat="-30.000268025323749" lon="24.431429039686918">
        <ele>1168.804926</ele>
      </trkpt>
      <trkpt lat="-30.002100979909301" lon="24.432088024914265">
        <ele>1169.2610030000001</ele>
      </trkpt>
      <trkpt lat="-30.003706030547619" lon="24.432024993002415">
        <ele>1169.3779830000001</ele>
      </trkpt>
      <trkpt lat="-30.012585986405611" lon="24.431742019951344">
        <ele>1167.327718</ele>
      </trkpt>
      <trkpt lat="-30.014277035370469" lon="24.432575013488531">
        <ele>1167.829287</ele>
      </trkpt>
      <trkpt lat="-30.016705021262169" lon="24.433964984491467">
        <ele>1172.071095</ele>
      </trkpt>
      <trkpt lat="-30.019973963499069" lon="24.435272980481386">
        <ele>1175.63105</ele>
      </trkpt>
      <trkpt lat="-30.021536014974117" lon="24.435980999842286">
        <ele>1176.840254</ele>
      </trkpt>
      <trkpt lat="-30.03297496587038" lon="24.433312034234405">
        <ele>1182.3024150000001</ele>
      </trkpt>
      <trkpt lat="-30.030835988000035" lon="24.420935986563563">
        <ele>1184.6349869999999</ele>
      </trkpt>
      <trkpt lat="-30.030462993308902" lon="24.418770018965006">
        <ele>1183.0531209999999</ele>
      </trkpt>
      <trkpt lat="-30.030699027702212" lon="24.408891024067998">
        <ele>1182.112934</ele>
      </trkpt>
      <trkpt lat="-30.030456958338618" lon="24.407594008371234">
        <ele>1182.7517789999999</ele>
      </trkpt>
      <trkpt lat="-30.029339985921979" lon="24.404885983094573">
        <ele>1187.099105</ele>
      </trkpt>
      <trkpt lat="-30.033111004158854" lon="24.403634984046221">
        <ele>1190.7025739999999</ele>
      </trkpt>
      <trkpt lat="-30.033606039360166" lon="24.403144977986813">
        <ele>1191.0729670000001</ele>
      </trkpt>
      <trkpt lat="-30.045055970549583" lon="24.382436983287334">
        <ele>1205.0874040000001</ele>
      </trkpt>
      <trkpt lat="-30.062950998544693" lon="24.359903996810317">
        <ele>1210.36385</ele>
      </trkpt>
      <trkpt lat="-30.066630989313126" lon="24.350567981600761">
        <ele>1214.301778</ele>
      </trkpt>
      <trkpt lat="-30.066809020936489" lon="24.34916602447629">
        <ele>1214.486232</ele>
      </trkpt>
      <trkpt lat="-30.067072967067361" lon="24.341745022684336">
        <ele>1215.051483</ele>
      </trkpt>
      <trkpt lat="-30.067218979820609" lon="24.341028034687042">
        <ele>1214.8542600000001</ele>
      </trkpt>
      <trkpt lat="-30.068652033805847" lon="24.336516978219151">
        <ele>1213.4957119999999</ele>
      </trkpt>
      <trkpt lat="-30.072772996500134" lon="24.328560959547758">
        <ele>1214.5924970000001</ele>
      </trkpt>
      <trkpt lat="-30.073379008099437" lon="24.327576002106071">
        <ele>1214.9959040000001</ele>
      </trkpt>
      <trkpt lat="-30.074322978034616" lon="24.326906036585569">
        <ele>1215.418725</ele>
      </trkpt>
      <trkpt lat="-30.079656969755888" lon="24.324143026024103">
        <ele>1217.390674</ele>
      </trkpt>
      <trkpt lat="-30.080658020451665" lon="24.323572972789407">
        <ele>1217.604063</ele>
      </trkpt>
      <trkpt lat="-30.083492025732994" lon="24.320940971374512">
        <ele>1218.6757540000001</ele>
      </trkpt>
      <trkpt lat="-30.084196021780372" lon="24.320501005277038">
        <ele>1218.9259870000001</ele>
      </trkpt>
      <trkpt lat="-30.113581968471408" lon="24.315421991050243">
        <ele>1229.4914200000001</ele>
      </trkpt>
      <trkpt lat="-30.123800011351705" lon="24.313408993184566">
        <ele>1235.384587</ele>
      </trkpt>
      <trkpt lat="-30.136613007634878" lon="24.310543974861503">
        <ele>1247.328677</ele>
      </trkpt>
      <trkpt lat="-30.148296039551497" lon="24.306528037413955">
        <ele>1253.4750059999999</ele>
      </trkpt>
      <trkpt lat="-30.153189981356263" lon="24.305120967328548">
        <ele>1255.356835</ele>
      </trkpt>
      <trkpt lat="-30.153514025732875" lon="24.304996998980641">
        <ele>1255.4307409999999</ele>
      </trkpt>
      <trkpt lat="-30.153991961851716" lon="24.304515039548278">
        <ele>1255.466449</ele>
      </trkpt>
      <trkpt lat="-30.156679032370448" lon="24.301466038450599">
        <ele>1255.6480280000001</ele>
      </trkpt>
      <trkpt lat="-30.160166993737221" lon="24.298233976587653">
        <ele>1256.596096</ele>
      </trkpt>
      <trkpt lat="-30.160483997315168" lon="24.297842960804701">
        <ele>1256.575075</ele>
      </trkpt>
      <trkpt lat="-30.163569962605834" lon="24.29354103282094">
        <ele>1256.3994849999999</ele>
      </trkpt>
      <trkpt lat="-30.164685007184744" lon="24.289643028751016">
        <ele>1256.759364</ele>
      </trkpt>
      <trkpt lat="-30.164974015206099" lon="24.289521994069219">
        <ele>1256.920423</ele>
      </trkpt>
      <trkpt lat="-30.165832992643118" lon="24.289646968245506">
        <ele>1257.582392</ele>
      </trkpt>
      <trkpt lat="-30.166278993710876" lon="24.290009988471866">
        <ele>1258.0017680000001</ele>
      </trkpt>
      <trkpt lat="-30.166559033095837" lon="24.290410978719592">
        <ele>1258.2953090000001</ele>
      </trkpt>
      <trkpt lat="-30.167378028854728" lon="24.29120097309351">
        <ele>1258.896154</ele>
      </trkpt>
      <trkpt lat="-30.175748029723763" lon="24.297347003594041">
        <ele>1262.5323169999999</ele>
      </trkpt>
      <trkpt lat="-30.178560996428132" lon="24.29910602979362">
        <ele>1263.0421040000001</ele>
      </trkpt>
      <trkpt lat="-30.182111989706755" lon="24.300614017993212">
        <ele>1264.0553829999999</ele>
      </trkpt>
      <trkpt lat="-30.187226040288806" lon="24.300433974713087">
        <ele>1265.932857</ele>
      </trkpt>
      <trkpt lat="-30.187398036941886" lon="24.300487032160163">
        <ele>1265.9886759999999</ele>
      </trkpt>
      <trkpt lat="-30.206125974655151" lon="24.311228021979332">
        <ele>1277.5153969999999</ele>
      </trkpt>
      <trkpt lat="-30.212190030142665" lon="24.31586698628962">
        <ele>1282.800125</ele>
      </trkpt>
      <trkpt lat="-30.219497038051486" lon="24.318498987704515">
        <ele>1292.775128</ele>
      </trkpt>
      <trkpt lat="-30.234544984996319" lon="24.322411995381117">
        <ele>1317.104969</ele>
      </trkpt>
      <trkpt lat="-30.240572998300195" lon="24.323993995785713">
        <ele>1321.6467279999999</ele>
      </trkpt>
      <trkpt lat="-30.240924032405019" lon="24.324433961883187">
        <ele>1322.410946</ele>
      </trkpt>
      <trkpt lat="-30.241224020719528" lon="24.325224040076137">
        <ele>1323.5020139999999</ele>
      </trkpt>
      <trkpt lat="-30.241503976285458" lon="24.326230036094785">
        <ele>1324.5463890000001</ele>
      </trkpt>
      <trkpt lat="-30.242229010909796" lon="24.328339006751776">
        <ele>1325.1731850000001</ele>
      </trkpt>
      <trkpt lat="-30.242573004215956" lon="24.328677970916033">
        <ele>1324.8666459999999</ele>
      </trkpt>
      <trkpt lat="-30.243284963071346" lon="24.329009978100657">
        <ele>1324.3476499999999</ele>
      </trkpt>
      <trkpt lat="-30.26903098449111" lon="24.337567985057831">
        <ele>1322.788636</ele>
      </trkpt>
      <trkpt lat="-30.270392037928104" lon="24.338515978306532">
        <ele>1324.292414</ele>
      </trkpt>
      <trkpt lat="-30.275823008269072" lon="24.34356196783483">
        <ele>1328.4238379999999</ele>
      </trkpt>
      <trkpt lat="-30.290727037936449" lon="24.346769973635674">
        <ele>1345.5316319999999</ele>
      </trkpt>
      <trkpt lat="-30.296707022935152" lon="24.349370962008834">
        <ele>1350.5246480000001</ele>
      </trkpt>
      <trkpt lat="-30.297806980088353" lon="24.34985501691699">
        <ele>1351.2149999999999</ele>
      </trkpt>
      <trkpt lat="-30.300400005653501" lon="24.350791024044156">
        <ele>1353.0990409999999</ele>
      </trkpt>
      <trkpt lat="-30.308439005166292" lon="24.352548960596323">
        <ele>1363.199983</ele>
      </trkpt>
      <trkpt lat="-30.318587981164455" lon="24.354633037000895">
        <ele>1368.516527</ele>
      </trkpt>
      <trkpt lat="-30.343094989657402" lon="24.356269016861916">
        <ele>1384.825519</ele>
      </trkpt>
      <trkpt lat="-30.358705027028918" lon="24.35421503148973">
        <ele>1400.6150789999999</ele>
      </trkpt>
      <trkpt lat="-30.36092103458941" lon="24.354120986536145">
        <ele>1404.2563239999999</ele>
      </trkpt>
      <trkpt lat="-30.372620997950435" lon="24.355198983103037">
        <ele>1417.98281</ele>
      </trkpt>
      <trkpt lat="-30.375563967972994" lon="24.355864003300667">
        <ele>1420.8352050000001</ele>
      </trkpt>
      <trkpt lat="-30.390153005719185" lon="24.361619018018246">
        <ele>1433.0545279999999</ele>
      </trkpt>
      <trkpt lat="-30.408558994531631" lon="24.368617990985513">
        <ele>1418.0012160000001</ele>
      </trkpt>
      <trkpt lat="-30.410851025953889" lon="24.377050017938018">
        <ele>1410.9133320000001</ele>
      </trkpt>
      <trkpt lat="-30.41274600662291" lon="24.383926028385758">
        <ele>1404.8444589999999</ele>
      </trkpt>
      <trkpt lat="-30.411705980077386" lon="24.385541975498199">
        <ele>1403.6741870000001</ele>
      </trkpt>
      <trkpt lat="-30.410763015970588" lon="24.387652035802603">
        <ele>1402.6718450000001</ele>
      </trkpt>
      <trkpt lat="-30.410452969372272" lon="24.38865995965898">
        <ele>1402.135432</ele>
      </trkpt>
      <trkpt lat="-30.409980984404683" lon="24.39179596491158">
        <ele>1400.7088490000001</ele>
      </trkpt>
      <trkpt lat="-30.41003898717463" lon="24.393746014684439">
        <ele>1400.0747389999999</ele>
      </trkpt>
      <trkpt lat="-30.41010201908648" lon="24.39428698271513">
        <ele>1399.842083</ele>
      </trkpt>
      <trkpt lat="-30.41210001334548" lon="24.40227996557951">
        <ele>1396.109025</ele>
      </trkpt>
      <trkpt lat="-30.400127973407507" lon="24.405969008803368">
        <ele>1414.255633</ele>
      </trkpt>
      <trkpt lat="-30.39987500756979" lon="24.405936989933252">
        <ele>1414.693053</ele>
      </trkpt>
      <trkpt lat="-30.39970301091671" lon="24.405658040195704">
        <ele>1415.20757</ele>
      </trkpt>
      <trkpt lat="-30.39959697984159" lon="24.405556032434106">
        <ele>1415.442781</ele>
      </trkpt>
      <trkpt lat="-30.399120971560478" lon="24.405367020517588">
        <ele>1416.3076679999999</ele>
      </trkpt>
      <trkpt lat="-30.398594001308084" lon="24.405254032462835">
        <ele>1416.6679979999999</ele>
      </trkpt>
      <trkpt lat="-30.397954965010285" lon="24.405335001647472">
        <ele>1416.0515640000001</ele>
      </trkpt>
      <trkpt lat="-30.397526985034347" lon="24.405583022162318">
        <ele>1415.5945180000001</ele>
      </trkpt>
      <trkpt lat="-30.395753039047122" lon="24.407036025077105">
        <ele>1413.8787130000001</ele>
      </trkpt>
      <trkpt lat="-30.394619973376393" lon="24.407628960907459">
        <ele>1413.0962890000001</ele>
      </trkpt>
      <trkpt lat="-30.394477983936667" lon="24.407835993915796">
        <ele>1412.955933</ele>
      </trkpt>
      <trkpt lat="-30.392655003815889" lon="24.417364038527012">
        <ele>1409.1079830000001</ele>
      </trkpt>
      <trkpt lat="-30.390236992388964" lon="24.422940015792847">
        <ele>1408.387843</ele>
      </trkpt>
      <trkpt lat="-30.389397963881493" lon="24.424914959818125">
        <ele>1406.9592190000001</ele>
      </trkpt>
      <trkpt lat="-30.389974974095821" lon="24.425728004425764">
        <ele>1406.194209</ele>
      </trkpt>
      <trkpt lat="-30.390772009268403" lon="24.426294034346938">
        <ele>1405.295417</ele>
      </trkpt>
      <trkpt lat="-30.390978036448359" lon="24.426659988239408">
        <ele>1404.9300639999999</ele>
      </trkpt>
      <trkpt lat="-30.391013994812965" lon="24.42713800817728">
        <ele>1404.5305109999999</ele>
      </trkpt>
      <trkpt lat="-30.390908969566226" lon="24.429454011842608">
        <ele>1400.899576</ele>
      </trkpt>
      <trkpt lat="-30.391756966710091" lon="24.429993974044919">
        <ele>1397.8253609999999</ele>
      </trkpt>
      <trkpt lat="-30.392257031053305" lon="24.430100005120039">
        <ele>1396.20983</ele>
      </trkpt>
      <trkpt lat="-30.395034039393067" lon="24.433498028665781">
        <ele>1383.644108</ele>
      </trkpt>
      <trkpt lat="-30.401203958317637" lon="24.442914007231593">
        <ele>1389.094893</ele>
      </trkpt>
      <trkpt lat="-30.403691958636045" lon="24.444343037903309">
        <ele>1394.139365</ele>
      </trkpt>
      <trkpt lat="-30.405081007629633" lon="24.444849975407124">
        <ele>1397.836759</ele>
      </trkpt>
      <trkpt lat="-30.405811993405223" lon="24.445171002298594">
        <ele>1399.3082059999999</ele>
      </trkpt>
      <trkpt lat="-30.408065970987082" lon="24.445974994450808">
        <ele>1400.8938470000001</ele>
      </trkpt>
      <trkpt lat="-30.419885041192174" lon="24.450883017852902">
        <ele>1395.7017760000001</ele>
      </trkpt>
      <trkpt lat="-30.423183990642428" lon="24.451922038570046">
        <ele>1391.2135780000001</ele>
      </trkpt>
      <trkpt lat="-30.424204990267754" lon="24.452216997742653">
        <ele>1392.0648409999999</ele>
      </trkpt>
      <trkpt lat="-30.42525096796453" lon="24.452927028760314">
        <ele>1393.2813779999999</ele>
      </trkpt>
      <trkpt lat="-30.425756983458996" lon="24.453276973217726">
        <ele>1392.3623130000001</ele>
      </trkpt>
      <trkpt lat="-30.42731199413538" lon="24.453494986519217">
        <ele>1389.6186170000001</ele>
      </trkpt>
      <trkpt lat="-30.433918023481965" lon="24.46516502648592">
        <ele>1369.2727950000001</ele>
      </trkpt>
      <trkpt lat="-30.434224968776107" lon="24.46589601226151">
        <ele>1368.0462419999999</ele>
      </trkpt>
      <trkpt lat="-30.434712041169405" lon="24.467193027958274">
        <ele>1365.915825</ele>
      </trkpt>
      <trkpt lat="-30.437458958476782" lon="24.465856030583382">
        <ele>1361.5572030000001</ele>
      </trkpt>
      <trkpt lat="-30.437920968979597" lon="24.466823972761631">
        <ele>1360.732555</ele>
      </trkpt>
      <trkpt lat="-30.439139027148485" lon="24.466320974752307">
        <ele>1360.2116559999999</ele>
      </trkpt>
      <trkpt lat="-30.439772028476" lon="24.468087963759899">
        <ele>1359.280886</ele>
      </trkpt>
      <trkpt lat="-30.44037502259016" lon="24.467761991545558">
        <ele>1359.0501469999999</ele>
      </trkpt>
      <trkpt lat="-30.441196030005813" lon="24.468119982630014">
        <ele>1358.7926399999999</ele>
      </trkpt>
      <trkpt lat="-30.442249970510602" lon="24.466110002249479">
        <ele>1359.155931</ele>
      </trkpt>
      <trkpt lat="-30.443054968491197" lon="24.465340040624142">
        <ele>1359.472585</ele>
      </trkpt>
      <trkpt lat="-30.444173030555248" lon="24.464706033468246">
        <ele>1360.3216010000001</ele>
      </trkpt>
      <trkpt lat="-30.447548003867269" lon="24.463652009144425">
        <ele>1367.976856</ele>
      </trkpt>
      <trkpt lat="-30.449543986469507" lon="24.463528962805867">
        <ele>1370.0995069999999</ele>
      </trkpt>
      <trkpt lat="-30.450991038233042" lon="24.463810008019209">
        <ele>1370.184845</ele>
      </trkpt>
      <trkpt lat="-30.454066023230553" lon="24.464969979599118">
        <ele>1373.922953</ele>
      </trkpt>
      <trkpt lat="-30.474361963570118" lon="24.47318097576499">
        <ele>1402.68903</ele>
      </trkpt>
      <trkpt lat="-30.476763965561986" lon="24.473467972129583">
        <ele>1413.322469</ele>
      </trkpt>
      <trkpt lat="-30.480053024366498" lon="24.472869001328945">
        <ele>1437.787356</ele>
      </trkpt>
      <trkpt lat="-30.481814984232187" lon="24.47303001768887">
        <ele>1448.9618800000001</ele>
      </trkpt>
      <trkpt lat="-30.48336798325181" lon="24.473021971061826">
        <ele>1453.7330119999999</ele>
      </trkpt>
      <trkpt lat="-30.551283024251461" lon="24.463459979742765">
        <ele>1476.2030850000001</ele>
      </trkpt>
      <trkpt lat="-30.554274022579193" lon="24.463436007499695">
        <ele>1472.6545840000001</ele>
      </trkpt>
      <trkpt lat="-30.564320990815759" lon="24.464191971346736">
        <ele>1464.5385240000001</ele>
      </trkpt>
      <trkpt lat="-30.567905008792877" lon="24.464910971000791">
        <ele>1461.7337809999999</ele>
      </trkpt>
      <trkpt lat="-30.568413035944104" lon="24.464224996045232">
        <ele>1461.43587</ele>
      </trkpt>
      <trkpt lat="-30.570326037704945" lon="24.462952958419919">
        <ele>1461.058025</ele>
      </trkpt>
      <trkpt lat="-30.57066299021244" lon="24.462550962343812">
        <ele>1461.061627</ele>
      </trkpt>
      <trkpt lat="-30.575499013066292" lon="24.453216958791018">
        <ele>1458.8402860000001</ele>
      </trkpt>
      <trkpt lat="-30.577956000342965" lon="24.450807999819517">
        <ele>1460.2336230000001</ele>
      </trkpt>
      <trkpt lat="-30.58157597668469" lon="24.449412999674678">
        <ele>1464.3888790000001</ele>
      </trkpt>
      <trkpt lat="-30.584255000576377" lon="24.447728991508484">
        <ele>1468.1968240000001</ele>
      </trkpt>
      <trkpt lat="-30.584878027439117" lon="24.447497986257076">
        <ele>1467.9576059999999</ele>
      </trkpt>
      <trkpt lat="-30.585847981274128" lon="24.446441028267145">
        <ele>1467.0199250000001</ele>
      </trkpt>
      <trkpt lat="-30.586846014484763" lon="24.445691015571356">
        <ele>1465.135045</ele>
      </trkpt>
      <trkpt lat="-30.587192019447684" lon="24.444965980947018">
        <ele>1464.0482609999999</ele>
      </trkpt>
      <trkpt lat="-30.588143030181527" lon="24.444312024861574">
        <ele>1462.6110140000001</ele>
      </trkpt>
      <trkpt lat="-30.590825993567705" lon="24.444043971598148">
        <ele>1460.2581359999999</ele>
      </trkpt>
      <trkpt lat="-30.594127960503101" lon="24.442660035565495">
        <ele>1458.895364</ele>
      </trkpt>
      <trkpt lat="-30.597448032349348" lon="24.44161900319159">
        <ele>1459.1827330000001</ele>
      </trkpt>
      <trkpt lat="-30.603317962959409" lon="24.440086036920547">
        <ele>1457.97541</ele>
      </trkpt>
      <trkpt lat="-30.614459021016955" lon="24.436520040035248">
        <ele>1463.0894089999999</ele>
      </trkpt>
      <trkpt lat="-30.615416988730431" lon="24.436125000938773">
        <ele>1463.022923</ele>
      </trkpt>
      <trkpt lat="-30.624985015019774" lon="24.431544961407781">
        <ele>1455.256727</ele>
      </trkpt>
      <trkpt lat="-30.625564958900213" lon="24.431036012247205">
        <ele>1455.105509</ele>
      </trkpt>
      <trkpt lat="-30.625779032707214" lon="24.430548017844558">
        <ele>1455.007987</ele>
      </trkpt>
      <trkpt lat="-30.625847009941936" lon="24.430204024538398">
        <ele>1454.929251</ele>
      </trkpt>
      <trkpt lat="-30.626043984666467" lon="24.421937959268689">
        <ele>1453.1885159999999</ele>
      </trkpt>
      <trkpt lat="-30.626195026561618" lon="24.421144025400281">
        <ele>1453.972383</ele>
      </trkpt>
      <trkpt lat="-30.626902040094137" lon="24.420247999951243">
        <ele>1455.182368</ele>
      </trkpt>
      <trkpt lat="-30.627399003133178" lon="24.419841980561614">
        <ele>1456.1574069999999</ele>
      </trkpt>
      <trkpt lat="-30.629299012944102" lon="24.419003035873175">
        <ele>1459.174352</ele>
      </trkpt>
      <trkpt lat="-30.629782984033227" lon="24.418825004249811">
        <ele>1459.765427</ele>
      </trkpt>
      <trkpt lat="-30.63245396129787" lon="24.418194014579058">
        <ele>1461.2740229999999</ele>
      </trkpt>
      <trkpt lat="-30.633599013090134" lon="24.417754970490932">
        <ele>1461.7361920000001</ele>
      </trkpt>
      <trkpt lat="-30.643799034878612" lon="24.412376973778009">
        <ele>1472.447283</ele>
      </trkpt>
      <trkpt lat="-30.651794029399753" lon="24.406850030645728">
        <ele>1475.023837</ele>
      </trkpt>
      <trkpt lat="-30.653275027871132" lon="24.405692992731929">
        <ele>1472.3187129999999</ele>
      </trkpt>
      <trkpt lat="-30.655829999595881" lon="24.4041489623487">
        <ele>1463.4117510000001</ele>
      </trkpt>
      <trkpt lat="-30.656791990622878" lon="24.403282022103667">
        <ele>1459.813721</ele>
      </trkpt>
      <trkpt lat="-30.663472032174468" lon="24.396858969703317">
        <ele>1436.5691609999999</ele>
      </trkpt>
      <trkpt lat="-30.666263038292527" lon="24.393425993621349">
        <ele>1425.84554</ele>
      </trkpt>
      <trkpt lat="-30.668112002313137" lon="24.39132297411561">
        <ele>1419.7344370000001</ele>
      </trkpt>
      <trkpt lat="-30.676057040691376" lon="24.383258996531367">
        <ele>1401.0988669999999</ele>
      </trkpt>
      <trkpt lat="-30.695666000247002" lon="24.365337984636426">
        <ele>1382.560866</ele>
      </trkpt>
      <trkpt lat="-30.703400988131762" lon="24.357949001714587">
        <ele>1371.2310540000001</ele>
      </trkpt>
      <trkpt lat="-30.711027011275291" lon="24.350917004048824">
        <ele>1367.803852</ele>
      </trkpt>
      <trkpt lat="-30.715699000284076" lon="24.344855966046453">
        <ele>1356.666815</ele>
      </trkpt>
      <trkpt lat="-30.717124007642269" lon="24.343358958140016">
        <ele>1352.5417399999999</ele>
      </trkpt>
      <trkpt lat="-30.71800502948463" lon="24.342812038958073">
        <ele>1351.5601340000001</ele>
      </trkpt>
      <trkpt lat="-30.719052013009787" lon="24.34242001734674">
        <ele>1351.569763</ele>
      </trkpt>
      <trkpt lat="-30.719841001555324" lon="24.34169003739953">
        <ele>1349.931372</ele>
      </trkpt>
      <trkpt lat="-30.721472958102822" lon="24.340752018615603">
        <ele>1345.8390079999999</ele>
      </trkpt>
      <trkpt lat="-30.722483983263373" lon="24.338417993858457">
        <ele>1341.3064280000001</ele>
      </trkpt>
      <trkpt lat="-30.72335897013545" lon="24.337682984769344">
        <ele>1339.9740429999999</ele>
      </trkpt>
      <trkpt lat="-30.726488018408418" lon="24.335579965263605">
        <ele>1339.646487</ele>
      </trkpt>
      <trkpt lat="-30.731096975505352" lon="24.33494403026998">
        <ele>1343.961233</ele>
      </trkpt>
      <trkpt lat="-30.735391024500132" lon="24.335231026634574">
        <ele>1350.769843</ele>
      </trkpt>
      <trkpt lat="-30.740689979866147" lon="24.335534032434225">
        <ele>1356.9097979999999</ele>
      </trkpt>
      <trkpt lat="-30.746371988207102" lon="24.336380017921329">
        <ele>1360.7662130000001</ele>
      </trkpt>
      <trkpt lat="-30.764280008152127" lon="24.334770021960139">
        <ele>1357.7808709999999</ele>
      </trkpt>
      <trkpt lat="-30.767166987061501" lon="24.334627026692033">
        <ele>1363.240626</ele>
      </trkpt>
      <trkpt lat="-30.767630003392696" lon="24.334491994231939">
        <ele>1362.7760929999999</ele>
      </trkpt>
      <trkpt lat="-30.776740964502096" lon="24.329096982255578">
        <ele>1352.36311</ele>
      </trkpt>
      <trkpt lat="-30.777334989979863" lon="24.328782996162772">
        <ele>1351.093644</ele>
      </trkpt>
      <trkpt lat="-30.778475012630224" lon="24.328675037249923">
        <ele>1348.8444460000001</ele>
      </trkpt>
      <trkpt lat="-30.781606994569302" lon="24.329156996682286">
        <ele>1341.48514</ele>
      </trkpt>
      <trkpt lat="-30.782180987298489" lon="24.329113997519016">
        <ele>1340.3473140000001</ele>
      </trkpt>
      <trkpt lat="-30.792699018493295" lon="24.324709977954626">
        <ele>1324.955252</ele>
      </trkpt>
      <trkpt lat="-30.794085972011089" lon="24.324420969933271">
        <ele>1323.6944189999999</ele>
      </trkpt>
      <trkpt lat="-30.794552005827427" lon="24.32424302212894">
        <ele>1323.412221</ele>
      </trkpt>
      <trkpt lat="-30.795072019100189" lon="24.323776988312602">
        <ele>1323.0343339999999</ele>
      </trkpt>
      <trkpt lat="-30.800155978649855" lon="24.317179005593061">
        <ele>1325.3659700000001</ele>
      </trkpt>
      <trkpt lat="-30.802934998646379" lon="24.313595993444324">
        <ele>1318.0025459999999</ele>
      </trkpt>
      <trkpt lat="-30.804556980729103" lon="24.311200026422739">
        <ele>1310.6689510000001</ele>
      </trkpt>
      <trkpt lat="-30.819713976234198" lon="24.29111497476697">
        <ele>1303.2568269999999</ele>
      </trkpt>
      <trkpt lat="-30.820519980043173" lon="24.290066985413432">
        <ele>1303.411846</ele>
      </trkpt>
      <trkpt lat="-30.8210280071944" lon="24.289801027625799">
        <ele>1303.6389650000001</ele>
      </trkpt>
      <trkpt lat="-30.821628989651799" lon="24.29014602676034">
        <ele>1303.9146969999999</ele>
      </trkpt>
      <trkpt lat="-30.822716960683465" lon="24.29128697142005">
        <ele>1304.2578900000001</ele>
      </trkpt>
      <trkpt lat="-30.825163973495364" lon="24.293745970353484">
        <ele>1303.6704709999999</ele>
      </trkpt>
      <trkpt lat="-30.82674304023385" lon="24.29504700936377">
        <ele>1303.592433</ele>
      </trkpt>
      <trkpt lat="-30.839062007144094" lon="24.307671999558806">
        <ele>1307.925639</ele>
      </trkpt>
      <trkpt lat="-30.840017041191459" lon="24.308921992778778">
        <ele>1308.7007570000001</ele>
      </trkpt>
      <trkpt lat="-30.841904981061816" lon="24.312373995780945">
        <ele>1310.687694</ele>
      </trkpt>
      <trkpt lat="-30.842324998229742" lon="24.313273960724473">
        <ele>1311.174289</ele>
      </trkpt>
      <trkpt lat="-30.842661028727889" lon="24.313856000080705">
        <ele>1311.4293580000001</ele>
      </trkpt>
      <trkpt lat="-30.853696977719665" lon="24.313173964619637">
        <ele>1316.428275</ele>
      </trkpt>
      <trkpt lat="-30.854530977085233" lon="24.312644982710481">
        <ele>1316.759918</ele>
      </trkpt>
      <trkpt lat="-30.855698995292187" lon="24.312508022412658">
        <ele>1316.9488550000001</ele>
      </trkpt>
      <trkpt lat="-30.855880966410041" lon="24.312153970822692">
        <ele>1316.9983810000001</ele>
      </trkpt>
      <trkpt lat="-30.855660019442439" lon="24.311229027807713">
        <ele>1317.1453770000001</ele>
      </trkpt>
      <trkpt lat="-30.855649961158633" lon="24.310491001233459">
        <ele>1317.2783899999999</ele>
      </trkpt>
      <trkpt lat="-30.855999989435077" lon="24.309601010754704">
        <ele>1317.467034</ele>
      </trkpt>
      <trkpt lat="-30.857463972643018" lon="24.308292008936405">
        <ele>1318.047941</ele>
      </trkpt>
      <trkpt lat="-30.857732025906444" lon="24.308211039751768">
        <ele>1318.176316</ele>
      </trkpt>
      <trkpt lat="-30.858422024175525" lon="24.308286979794502">
        <ele>1318.499395</ele>
      </trkpt>
      <trkpt lat="-30.859661037102342" lon="24.308715965598822">
        <ele>1319.013244</ele>
      </trkpt>
      <trkpt lat="-30.869225040078163" lon="24.316413989290595">
        <ele>1322.8399489999999</ele>
      </trkpt>
      <trkpt lat="-30.869780005887151" lon="24.317115973681211">
        <ele>1323.0072749999999</ele>
      </trkpt>
      <trkpt lat="-30.872520972043276" lon="24.321929030120373">
        <ele>1324.016574</ele>
      </trkpt>
      <trkpt lat="-30.877916989848018" lon="24.327399982139468">
        <ele>1328.5199950000001</ele>
      </trkpt>
      <trkpt lat="-30.888008968904614" lon="24.335318030789495">
        <ele>1335.377888</ele>
      </trkpt>
      <trkpt lat="-30.89760297909379" lon="24.342286996543407">
        <ele>1340.8079499999999</ele>
      </trkpt>
      <trkpt lat="-30.900768991559744" lon="24.345402969047427">
        <ele>1342.87787</ele>
      </trkpt>
      <trkpt lat="-30.904194004833698" lon="24.349523009732366">
        <ele>1345.263314</ele>
      </trkpt>
      <trkpt lat="-30.907912971451879" lon="24.352784994989634">
        <ele>1348.1957050000001</ele>
      </trkpt>
      <trkpt lat="-30.913766976445913" lon="24.361819010227919">
        <ele>1356.153746</ele>
      </trkpt>
      <trkpt lat="-30.916300993412733" lon="24.365834025666118">
        <ele>1361.0585880000001</ele>
      </trkpt>
      <trkpt lat="-30.917144967243075" lon="24.366769026964903">
        <ele>1362.0585610000001</ele>
      </trkpt>
      <trkpt lat="-30.923553016036749" lon="24.373492989689112">
        <ele>1369.07267</ele>
      </trkpt>
      <trkpt lat="-30.924551971256733" lon="24.37411299906671">
        <ele>1370.3430760000001</ele>
      </trkpt>
      <trkpt lat="-30.930449981242418" lon="24.376559006050229">
        <ele>1378.933051</ele>
      </trkpt>
      <trkpt lat="-30.932070035487413" lon="24.377411026507616">
        <ele>1379.5872280000001</ele>
      </trkpt>
      <trkpt lat="-30.933081982657313" lon="24.378389026969671">
        <ele>1379.0195940000001</ele>
      </trkpt>
      <trkpt lat="-30.933667039498687" lon="24.37894600443542">
        <ele>1378.7741779999999</ele>
      </trkpt>
      <trkpt lat="-30.936326030641794" lon="24.38034201040864">
        <ele>1378.871142</ele>
      </trkpt>
      <trkpt lat="-30.953372977674007" lon="24.388826005160809">
        <ele>1395.94047</ele>
      </trkpt>
      <trkpt lat="-30.954332035034895" lon="24.389057010412216">
        <ele>1397.6351159999999</ele>
      </trkpt>
      <trkpt lat="-30.956975016742945" lon="24.388905968517065">
        <ele>1402.2844279999999</ele>
      </trkpt>
      <trkpt lat="-30.960503965616226" lon="24.388809995725751">
        <ele>1402.4879920000001</ele>
      </trkpt>
      <trkpt lat="-30.961280968040228" lon="24.389020968228579">
        <ele>1402.7275959999999</ele>
      </trkpt>
      <trkpt lat="-30.96199301071465" lon="24.389464035630226">
        <ele>1402.970307</ele>
      </trkpt>
      <trkpt lat="-30.974770970642567" lon="24.402482975274324">
        <ele>1408.3060720000001</ele>
      </trkpt>
      <trkpt lat="-30.982323987409472" lon="24.408735036849976">
        <ele>1414.4598450000001</ele>
      </trkpt>
      <trkpt lat="-30.984409991651773" lon="24.410445028916001">
        <ele>1417.3692349999999</ele>
      </trkpt>
      <trkpt lat="-30.985521012917161" lon="24.41115296445787">
        <ele>1417.0056440000001</ele>
      </trkpt>
      <trkpt lat="-30.991866029798985" lon="24.413267970085144">
        <ele>1413.5775100000001</ele>
      </trkpt>
      <trkpt lat="-30.99473599344492" lon="24.412319976836443">
        <ele>1416.249808</ele>
      </trkpt>
      <trkpt lat="-30.997051997110248" lon="24.411295959725976">
        <ele>1419.2691219999999</ele>
      </trkpt>
      <trkpt lat="-30.997867975383997" lon="24.411158999428153">
        <ele>1420.0280949999999</ele>
      </trkpt>
      <trkpt lat="-30.998307019472122" lon="24.411285985261202">
        <ele>1420.301455</ele>
      </trkpt>
      <trkpt lat="-30.998549005016685" lon="24.411425041034818">
        <ele>1420.353513</ele>
      </trkpt>
      <trkpt lat="-31.000636015087366" lon="24.412818029522896">
        <ele>1419.7941880000001</ele>
      </trkpt>
      <trkpt lat="-31.004823027178645" lon="24.415560001507401">
        <ele>1411.5374019999999</ele>
      </trkpt>
      <trkpt lat="-31.00945302285254" lon="24.418759038671851">
        <ele>1406.5332659999999</ele>
      </trkpt>
      <trkpt lat="-31.012878958135843" lon="24.420435000211">
        <ele>1413.302522</ele>
      </trkpt>
      <trkpt lat="-31.015408029779792" lon="24.421627996489406">
        <ele>1420.953074</ele>
      </trkpt>
      <trkpt lat="-31.01985496468842" lon="24.423553990200162">
        <ele>1427.208097</ele>
      </trkpt>
      <trkpt lat="-31.023406963795424" lon="24.425126016139984">
        <ele>1424.2938590000001</ele>
      </trkpt>
      <trkpt lat="-31.056946981698275" lon="24.439393021166325">
        <ele>1391.5049079999999</ele>
      </trkpt>
      <trkpt lat="-31.057677967473865" lon="24.439805997535586">
        <ele>1390.6033</ele>
      </trkpt>
      <trkpt lat="-31.060038981959224" lon="24.441873980686069">
        <ele>1387.4233770000001</ele>
      </trkpt>
      <trkpt lat="-31.062845997512341" lon="24.442506982013583">
        <ele>1386.04296</ele>
      </trkpt>
      <trkpt lat="-31.06370598077774" lon="24.442546041682363">
        <ele>1386.8852460000001</ele>
      </trkpt>
      <trkpt lat="-31.064830999821424" lon="24.442416960373521">
        <ele>1387.984254</ele>
      </trkpt>
      <trkpt lat="-31.064854972064495" lon="24.443032024428248">
        <ele>1388.4916539999999</ele>
      </trkpt>
      <trkpt lat="-31.065384037792683" lon="24.443003023043275">
        <ele>1389.0012059999999</ele>
      </trkpt>
      <trkpt lat="-31.066650962457061" lon="24.442947031930089">
        <ele>1389.312075</ele>
      </trkpt>
      <trkpt lat="-31.06666898354888" lon="24.443924026563764">
        <ele>1389.312075</ele>
      </trkpt>
      <trkpt lat="-31.06666898354888" lon="24.443934001028538">
        <ele>1389.2147319999999</ele>
      </trkpt>
      <trkpt lat="-31.071829972788692" lon="24.443716993555427">
        <ele>1389.9082149999999</ele>
      </trkpt>
      <trkpt lat="-31.072774026542902" lon="24.443827969953418">
        <ele>1390.0713679999999</ele>
      </trkpt>
      <trkpt lat="-31.079204035922885" lon="24.448754014447331">
        <ele>1391.9302170000001</ele>
      </trkpt>
      <trkpt lat="-31.079756990075111" lon="24.449046039953828">
        <ele>1392.445281</ele>
      </trkpt>
      <trkpt lat="-31.080517983064055" lon="24.449230022728443">
        <ele>1393.1058860000001</ele>
      </trkpt>
      <trkpt lat="-31.081821033731103" lon="24.449076969176531">
        <ele>1394.7681299999999</ele>
      </trkpt>
      <trkpt lat="-31.08342801220715" lon="24.448799025267363">
        <ele>1396.425538</ele>
      </trkpt>
      <trkpt lat="-31.084268968552351" lon="24.448960041627288">
        <ele>1397.1167969999999</ele>
      </trkpt>
      <trkpt lat="-31.084726033732295" lon="24.449216024950147">
        <ele>1397.322909</ele>
      </trkpt>
      <trkpt lat="-31.085535977035761" lon="24.45019000209868">
        <ele>1397.7982999999999</ele>
      </trkpt>
      <trkpt lat="-31.088103018701077" lon="24.455569004639983">
        <ele>1399.559876</ele>
      </trkpt>
      <trkpt lat="-31.088381968438625" lon="24.456067979335785">
        <ele>1399.3313889999999</ele>
      </trkpt>
      <trkpt lat="-31.093053035438061" lon="24.461393002420664">
        <ele>1397.6910909999999</ele>
      </trkpt>
      <trkpt lat="-31.09629800543189" lon="24.465415980666876">
        <ele>1399.1121909999999</ele>
      </trkpt>
      <trkpt lat="-31.09691902063787" lon="24.465929036960006">
        <ele>1399.3033579999999</ele>
      </trkpt>
      <trkpt lat="-31.098254006356001" lon="24.466655999422073">
        <ele>1400.4734040000001</ele>
      </trkpt>
      <trkpt lat="-31.102513018995523" lon="24.467499973252416">
        <ele>1407.705236</ele>
      </trkpt>
      <trkpt lat="-31.102999001741409" lon="24.4677459821105">
        <ele>1408.1691639999999</ele>
      </trkpt>
      <trkpt lat="-31.109837964177132" lon="24.472585022449493">
        <ele>1416.434951</ele>
      </trkpt>
      <trkpt lat="-31.112802978605032" lon="24.474763981997967">
        <ele>1423.1518840000001</ele>
      </trkpt>
      <trkpt lat="-31.113744014874101" lon="24.475004961714149">
        <ele>1424.489963</ele>
      </trkpt>
      <trkpt lat="-31.114380033686757" lon="24.474981995299459">
        <ele>1425.217369</ele>
      </trkpt>
      <trkpt lat="-31.122476030141115" lon="24.4742960203439">
        <ele>1434.694475</ele>
      </trkpt>
      <trkpt lat="-31.134685026481748" lon="24.473581966012716">
        <ele>1443.7726399999999</ele>
      </trkpt>
      <trkpt lat="-31.141312010586262" lon="24.473368981853127">
        <ele>1444.8502570000001</ele>
      </trkpt>
      <trkpt lat="-31.143074976280332" lon="24.473635023459792">
        <ele>1447.2311340000001</ele>
      </trkpt>
      <trkpt lat="-31.145315961912274" lon="24.473591018468142">
        <ele>1449.7759100000001</ele>
      </trkpt>
      <trkpt lat="-31.148262033239007" lon="24.473540978506207">
        <ele>1448.6047140000001</ele>
      </trkpt>
      <trkpt lat="-31.15288800559938" lon="24.474046994000673">
        <ele>1445.559714</ele>
      </trkpt>
      <trkpt lat="-31.153146000579" lon="24.473897963762283">
        <ele>1445.093169</ele>
      </trkpt>
      <trkpt lat="-31.157131008803844" lon="24.469038974493742">
        <ele>1435.879602</ele>
      </trkpt>
      <trkpt lat="-31.163378963246942" lon="24.460958987474442">
        <ele>1422.415487</ele>
      </trkpt>
      <trkpt lat="-31.174251968041062" lon="24.447468984872103">
        <ele>1411.361247</ele>
      </trkpt>
      <trkpt lat="-31.175918960943818" lon="24.44557199254632">
        <ele>1411.486948</ele>
      </trkpt>
      <trkpt lat="-31.176787996664643" lon="24.444851987063885">
        <ele>1411.7836299999999</ele>
      </trkpt>
      <trkpt lat="-31.178809041157365" lon="24.443587996065617">
        <ele>1412.7737629999999</ele>
      </trkpt>
      <trkpt lat="-31.18180800229311" lon="24.440915007144213">
        <ele>1415.2862190000001</ele>
      </trkpt>
      <trkpt lat="-31.182096004486084" lon="24.440795984119177">
        <ele>1415.5003549999999</ele>
      </trkpt>
      <trkpt lat="-31.184467999264598" lon="24.441808015108109">
        <ele>1415.5990839999999</ele>
      </trkpt>
      <trkpt lat="-31.189869968220592" lon="24.445169996470213">
        <ele>1417.4660349999999</ele>
      </trkpt>
      <trkpt lat="-31.191851031035185" lon="24.446144979447126">
        <ele>1418.5151739999999</ele>
      </trkpt>
      <trkpt lat="-31.195486010983586" lon="24.447493962943554">
        <ele>1418.8682819999999</ele>
      </trkpt>
      <trkpt lat="-31.201500026509166" lon="24.449843997135758">
        <ele>1414.7215160000001</ele>
      </trkpt>
      <trkpt lat="-31.208482990041375" lon="24.452614970505238">
        <ele>1415.001503</ele>
      </trkpt>
      <trkpt lat="-31.209343979135156" lon="24.45246996358037">
        <ele>1414.8706239999999</ele>
      </trkpt>
      <trkpt lat="-31.21455199085176" lon="24.450214980170131">
        <ele>1410.161705</ele>
      </trkpt>
      <trkpt lat="-31.2247159704566" lon="24.448196031153202">
        <ele>1407.9612569999999</ele>
      </trkpt>
      <trkpt lat="-31.225200025364757" lon="24.447995033115149">
        <ele>1408.41074</ele>
      </trkpt>
      <trkpt lat="-31.225485010072589" lon="24.447640981525183">
        <ele>1408.7767980000001</ele>
      </trkpt>
      <trkpt lat="-31.225731018930674" lon="24.447004962712526">
        <ele>1409.2987450000001</ele>
      </trkpt>
      <trkpt lat="-31.227039014920592" lon="24.442654000595212">
        <ele>1415.173499</ele>
      </trkpt>
      <trkpt lat="-31.227219980210066" lon="24.438603026792407">
        <ele>1415.2146660000001</ele>
      </trkpt>
      <trkpt lat="-31.227489961311221" lon="24.437853014096618">
        <ele>1415.4680510000001</ele>
      </trkpt>
      <trkpt lat="-31.232186006382108" lon="24.433264005929232">
        <ele>1419.250779</ele>
      </trkpt>
      <trkpt lat="-31.236225999891758" lon="24.429582003504038">
        <ele>1422.9171490000001</ele>
      </trkpt>
      <trkpt lat="-31.239658975973725" lon="24.426585976034403">
        <ele>1425.1647909999999</ele>
      </trkpt>
      <trkpt lat="-31.249923035502434" lon="24.418645966798067">
        <ele>1425.1207890000001</ele>
      </trkpt>
      <trkpt lat="-31.253824979066849" lon="24.413973977789283">
        <ele>1421.5521209999999</ele>
      </trkpt>
      <trkpt lat="-31.254174001514912" lon="24.413811033591628">
        <ele>1420.492244</ele>
      </trkpt>
      <trkpt lat="-31.255345037207007" lon="24.413642976433039">
        <ele>1416.624045</ele>
      </trkpt>
      <trkpt lat="-31.256667030975223" lon="24.413564018905163">
        <ele>1413.064005</ele>
      </trkpt>
      <trkpt lat="-31.271692011505365" lon="24.411291014403105">
        <ele>1422.3666169999999</ele>
      </trkpt>
      <trkpt lat="-31.276629036292434" lon="24.409610023722053">
        <ele>1429.7237869999999</ele>
      </trkpt>
      <trkpt lat="-31.282166037708521" lon="24.408739982172847">
        <ele>1433.8024109999999</ele>
      </trkpt>
      <trkpt lat="-31.283056028187275" lon="24.408664964139462">
        <ele>1434.1507489999999</ele>
      </trkpt>
      <trkpt lat="-31.305196993052959" lon="24.41171295940876">
        <ele>1434.996118</ele>
      </trkpt>
      <trkpt lat="-31.312240976840258" lon="24.412706969305873">
        <ele>1430.036343</ele>
      </trkpt>
      <trkpt lat="-31.316043008118868" lon="24.413138972595334">
        <ele>1430.2036330000001</ele>
      </trkpt>
      <trkpt lat="-31.338280029594898" lon="24.402460008859634">
        <ele>1438.7755930000001</ele>
      </trkpt>
      <trkpt lat="-31.341988015919924" lon="24.400509959086776">
        <ele>1438.8906469999999</ele>
      </trkpt>
      <trkpt lat="-31.342480033636093" lon="24.40051699988544">
        <ele>1438.8364999999999</ele>
      </trkpt>
      <trkpt lat="-31.344597972929478" lon="24.401278998702765">
        <ele>1438.8667009999999</ele>
      </trkpt>
      <trkpt lat="-31.348507041111588" lon="24.401274975389242">
        <ele>1442.3634890000001</ele>
      </trkpt>
      <trkpt lat="-31.349024036899209" lon="24.401130974292755">
        <ele>1442.6299759999999</ele>
      </trkpt>
      <trkpt lat="-31.363148968666792" lon="24.392898017540574">
        <ele>1446.1698349999999</ele>
      </trkpt>
      <trkpt lat="-31.386568006128073" lon="24.387740967795253">
        <ele>1463.349099</ele>
      </trkpt>
      <trkpt lat="-31.394564006477594" lon="24.386645033955574">
        <ele>1472.0254150000001</ele>
      </trkpt>
      <trkpt lat="-31.394739020615816" lon="24.386604968458414">
        <ele>1472.0766570000001</ele>
      </trkpt>
      <trkpt lat="-31.394964996725321" lon="24.386408999562263">
        <ele>1472.1588079999999</ele>
      </trkpt>
      <trkpt lat="-31.395217962563038" lon="24.385732999071479">
        <ele>1472.34049</ele>
      </trkpt>
      <trkpt lat="-31.395680978894234" lon="24.3838220089674">
        <ele>1472.3824649999999</ele>
      </trkpt>
      <trkpt lat="-31.396106025204062" lon="24.38281400129199">
        <ele>1472.3202819999999</ele>
      </trkpt>
      <trkpt lat="-31.399739999324083" lon="24.375020004808903">
        <ele>1477.6551689999999</ele>
      </trkpt>
      <trkpt lat="-31.403494002297521" lon="24.365934021770954">
        <ele>1478.536388</ele>
      </trkpt>
      <trkpt lat="-31.414197022095323" lon="24.35567700304091">
        <ele>1482.608148</ele>
      </trkpt>
      <trkpt lat="-31.415189020335674" lon="24.354592971503735">
        <ele>1483.3701149999999</ele>
      </trkpt>
      <trkpt lat="-31.416025031358004" lon="24.352961014956236">
        <ele>1483.834492</ele>
      </trkpt>
      <trkpt lat="-31.416442031040788" lon="24.352270010858774">
        <ele>1483.911429</ele>
      </trkpt>
      <trkpt lat="-31.417409973219037" lon="24.34974898584187">
        <ele>1483.44829</ele>
      </trkpt>
      <trkpt lat="-31.418499033898115" lon="24.347463995218277">
        <ele>1482.3263770000001</ele>
      </trkpt>
      <trkpt lat="-31.419209986925125" lon="24.346351968124509">
        <ele>1481.577401</ele>
      </trkpt>
      <trkpt lat="-31.419659005478024" lon="24.346076035872102">
        <ele>1481.2887370000001</ele>
      </trkpt>
      <trkpt lat="-31.41982396133244" lon="24.346029013395309">
        <ele>1481.1926109999999</ele>
      </trkpt>
      <trkpt lat="-31.420280020684004" lon="24.345522997900844">
        <ele>1480.8334239999999</ele>
      </trkpt>
      <trkpt lat="-31.421079989522696" lon="24.343969998881221">
        <ele>1479.9405870000001</ele>
      </trkpt>
      <trkpt lat="-31.424455968663096" lon="24.331235038116574">
        <ele>1478.32584</ele>
      </trkpt>
      <trkpt lat="-31.424920996651053" lon="24.329569973051548">
        <ele>1477.6686480000001</ele>
      </trkpt>
      <trkpt lat="-31.425632033497095" lon="24.328449983149767">
        <ele>1476.2698789999999</ele>
      </trkpt>
      <trkpt lat="-31.428509037941694" lon="24.319751998409629">
        <ele>1468.9217410000001</ele>
      </trkpt>
      <trkpt lat="-31.429344965144992" lon="24.319101981818676">
        <ele>1468.570436</ele>
      </trkpt>
      <trkpt lat="-31.431261990219355" lon="24.318360015749931">
        <ele>1468.71514</ele>
      </trkpt>
      <trkpt lat="-31.437652017921209" lon="24.320379970595241">
        <ele>1472.3305680000001</ele>
      </trkpt>
      <trkpt lat="-31.44109396263957" lon="24.321297034621239">
        <ele>1473.908169</ele>
      </trkpt>
      <trkpt lat="-31.442449986934662" lon="24.320438979193568">
        <ele>1474.821641</ele>
      </trkpt>
      <trkpt lat="-31.443394040688872" lon="24.319473970681429">
        <ele>1475.62879</ele>
      </trkpt>
      <trkpt lat="-31.445169998332858" lon="24.318901989609003">
        <ele>1476.7887189999999</ele>
      </trkpt>
      <trkpt lat="-31.44547501578927" lon="24.318789001554251">
        <ele>1476.984639</ele>
      </trkpt>
      <trkpt lat="-31.448557963594794" lon="24.316894020885229">
        <ele>1478.753653</ele>
      </trkpt>
      <trkpt lat="-31.450105011463165" lon="24.315592981874943">
        <ele>1479.2601569999999</ele>
      </trkpt>
      <trkpt lat="-31.451432034373283" lon="24.314732998609543">
        <ele>1479.6826349999999</ele>
      </trkpt>
      <trkpt lat="-31.456428989768028" lon="24.326943000778556">
        <ele>1489.0502750000001</ele>
      </trkpt>
      <trkpt lat="-31.456938022747636" lon="24.327646996825933">
        <ele>1488.491972</ele>
      </trkpt>
      <trkpt lat="-31.457514027133584" lon="24.328149994835258">
        <ele>1488.216995</ele>
      </trkpt>
      <trkpt lat="-31.464044032618403" lon="24.331615995615721">
        <ele>1492.025727</ele>
      </trkpt>
      <trkpt lat="-31.465571969747543" lon="24.332484025508165">
        <ele>1492.248799</ele>
      </trkpt>
      <trkpt lat="-31.466987002640963" lon="24.33371901512146">
        <ele>1492.6458379999999</ele>
      </trkpt>
      <trkpt lat="-31.468716021627188" lon="24.336149012669921">
        <ele>1494.234301</ele>
      </trkpt>
      <trkpt lat="-31.479668989777565" lon="24.352945005521178">
        <ele>1506.8510060000001</ele>
      </trkpt>
      <trkpt lat="-31.48687600158155" lon="24.363837959244847">
        <ele>1509.2529520000001</ele>
      </trkpt>
      <trkpt lat="-31.487655015662313" lon="24.365172022953629">
        <ele>1510.125595</ele>
      </trkpt>
      <trkpt lat="-31.488661011680961" lon="24.366008033975959">
        <ele>1511.0072130000001</ele>
      </trkpt>
      <trkpt lat="-31.50503003038466" lon="24.376958990469575">
        <ele>1546.3700240000001</ele>
      </trkpt>
      <trkpt lat="-31.505745006725192" lon="24.377553015947342">
        <ele>1547.952869</ele>
      </trkpt>
      <trkpt lat="-31.508817980065942" lon="24.380391966551542">
        <ele>1551.4670699999999</ele>
      </trkpt>
      <trkpt lat="-31.510394029319286" lon="24.381489995867014">
        <ele>1545.933049</ele>
      </trkpt>
      <trkpt lat="-31.513463985174894" lon="24.383535012602806">
        <ele>1531.5083950000001</ele>
      </trkpt>
      <trkpt lat="-31.539958007633686" lon="24.393004970625043">
        <ele>1528.2686100000001</ele>
      </trkpt>
      <trkpt lat="-31.541503965854645" lon="24.393444014713168">
        <ele>1530.92813</ele>
      </trkpt>
      <trkpt lat="-31.544828983023763" lon="24.393650041893125">
        <ele>1531.704242</ele>
      </trkpt>
      <trkpt lat="-31.554375970736146" lon="24.394288994371891">
        <ele>1525.9036229999999</ele>
      </trkpt>
      <trkpt lat="-31.56274102628231" lon="24.396514976397157">
        <ele>1526.3595969999999</ele>
      </trkpt>
      <trkpt lat="-31.567514017224312" lon="24.397590961307287">
        <ele>1526.2957409999999</ele>
      </trkpt>
      <trkpt lat="-31.567878965288401" lon="24.397477973252535">
        <ele>1526.302064</ele>
      </trkpt>
      <trkpt lat="-31.56856301240623" lon="24.398393025621772">
        <ele>1526.67884</ele>
      </trkpt>
      <trkpt lat="-31.56897003762424" lon="24.400084996595979">
        <ele>1527.8198460000001</ele>
      </trkpt>
      <trkpt lat="-31.569332974031568" lon="24.40075596794486">
        <ele>1528.775343</ele>
      </trkpt>
      <trkpt lat="-31.569796996191144" lon="24.401088980957866">
        <ele>1529.548522</ele>
      </trkpt>
      <trkpt lat="-31.57049504108727" lon="24.401187971234322">
        <ele>1530.5715339999999</ele>
      </trkpt>
      <trkpt lat="-31.573674967512488" lon="24.401014968752861">
        <ele>1534.748877</ele>
      </trkpt>
      <trkpt lat="-31.574560012668371" lon="24.40097096376121">
        <ele>1534.6898289999999</ele>
      </trkpt>
      <trkpt lat="-31.582557018846273" lon="24.396588988602161">
        <ele>1537.883675</ele>
      </trkpt>
      <trkpt lat="-31.586548984050751" lon="24.395335977897048">
        <ele>1540.311365</ele>
      </trkpt>
      <trkpt lat="-31.587511980906129" lon="24.395198011770844">
        <ele>1541.4740629999999</ele>
      </trkpt>
      <trkpt lat="-31.591787002980709" lon="24.395433040335774">
        <ele>1548.1963539999999</ele>
      </trkpt>
      <trkpt lat="-31.594780012965202" lon="24.395710984244943">
        <ele>1552.2377959999999</ele>
      </trkpt>
      <trkpt lat="-31.595287034288049" lon="24.395636972039938">
        <ele>1552.81431</ele>
      </trkpt>
      <trkpt lat="-31.595852980390191" lon="24.395260959863663">
        <ele>1553.552518</ele>
      </trkpt>
      <trkpt lat="-31.599535988643765" lon="24.391743997111917">
        <ele>1560.5786350000001</ele>
      </trkpt>
      <trkpt lat="-31.601492995396256" lon="24.388928012922406">
        <ele>1566.08446</ele>
      </trkpt>
      <trkpt lat="-31.602039998397231" lon="24.388411017134786">
        <ele>1567.2328930000001</ele>
      </trkpt>
      <trkpt lat="-31.602460015565157" lon="24.388114968314767">
        <ele>1567.9055499999999</ele>
      </trkpt>
      <trkpt lat="-31.603265013545752" lon="24.387702997773886">
        <ele>1567.83538</ele>
      </trkpt>
      <trkpt lat="-31.604149974882603" lon="24.387471992522478">
        <ele>1567.722495</ele>
      </trkpt>
      <trkpt lat="-31.605799030512571" lon="24.387566959485412">
        <ele>1566.517355</ele>
      </trkpt>
      <trkpt lat="-31.611032020300627" lon="24.388967994600534">
        <ele>1569.249376</ele>
      </trkpt>
      <trkpt lat="-31.615188019350171" lon="24.391669984906912">
        <ele>1573.5863429999999</ele>
      </trkpt>
      <trkpt lat="-31.620033010840416" lon="24.390808995813131">
        <ele>1580.1151050000001</ele>
      </trkpt>
      <trkpt lat="-31.62206201814115" lon="24.390774965286255">
        <ele>1581.279939</ele>
      </trkpt>
      <trkpt lat="-31.626046020537615" lon="24.391983970999718">
        <ele>1585.0852339999999</ele>
      </trkpt>
      <trkpt lat="-31.631849985569715" lon="24.393317028880119">
        <ele>1597.779935</ele>
      </trkpt>
      <trkpt lat="-31.632837960496545" lon="24.393348963931203">
        <ele>1599.3448719999999</ele>
      </trkpt>
      <trkpt lat="-31.659905975684524" lon="24.393453989177942">
        <ele>1641.2800339999999</ele>
      </trkpt>
      <trkpt lat="-31.660634027794003" lon="24.393161041662097">
        <ele>1643.142374</ele>
      </trkpt>
      <trkpt lat="-31.665733996778727" lon="24.389922022819519">
        <ele>1660.834243</ele>
      </trkpt>
      <trkpt lat="-31.668156031519175" lon="24.388342034071684">
        <ele>1668.6868589999999</ele>
      </trkpt>
      <trkpt lat="-31.668540006503463" lon="24.388156961649656">
        <ele>1668.996073</ele>
      </trkpt>
      <trkpt lat="-31.669217012822628" lon="24.387902989983559">
        <ele>1665.3176100000001</ele>
      </trkpt>
      <trkpt lat="-31.688506035134196" lon="24.384806966409087">
        <ele>1661.369778</ele>
      </trkpt>
      <trkpt lat="-31.701178969815373" lon="24.385257996618748">
        <ele>1701.0545010000001</ele>
      </trkpt>
      <trkpt lat="-31.709336992353201" lon="24.385580029338598">
        <ele>1719.4883070000001</ele>
      </trkpt>
      <trkpt lat="-31.711323000490665" lon="24.385765017941594">
        <ele>1727.1487729999999</ele>
      </trkpt>
      <trkpt lat="-31.712996028363705" lon="24.386161984875798">
        <ele>1734.2963360000001</ele>
      </trkpt>
      <trkpt lat="-31.71418902464211" lon="24.386133989319205">
        <ele>1739.5202850000001</ele>
      </trkpt>
      <trkpt lat="-31.718220971524715" lon="24.385507022961974">
        <ele>1757.6207919999999</ele>
      </trkpt>
      <trkpt lat="-31.72005501575768" lon="24.385708021000028">
        <ele>1759.5907259999999</ele>
      </trkpt>
      <trkpt lat="-31.721118008717895" lon="24.385743979364634">
        <ele>1759.0202549999999</ele>
      </trkpt>
      <trkpt lat="-31.721607008948922" lon="24.385583968833089">
        <ele>1758.580199</ele>
      </trkpt>
      <trkpt lat="-31.723013995215297" lon="24.384645028039813">
        <ele>1753.3513359999999</ele>
      </trkpt>
      <trkpt lat="-31.723703993484378" lon="24.384354008361697">
        <ele>1750.1071059999999</ele>
      </trkpt>
      <trkpt lat="-31.726812003180385" lon="24.384117973968387">
        <ele>1728.904</ele>
      </trkpt>
      <trkpt lat="-31.728739002719522" lon="24.384436989203095">
        <ele>1712.877336</ele>
      </trkpt>
      <trkpt lat="-31.729540983214974" lon="24.384744018316269">
        <ele>1705.68319</ele>
      </trkpt>
      <trkpt lat="-31.730087986215949" lon="24.385303007438779">
        <ele>1699.4455170000001</ele>
      </trkpt>
      <trkpt lat="-31.730456035584211" lon="24.386026030406356">
        <ele>1694.352758</ele>
      </trkpt>
      <trkpt lat="-31.730772033333778" lon="24.387268982827663">
        <ele>1689.539117</ele>
      </trkpt>
      <trkpt lat="-31.73103497363627" lon="24.387517003342509">
        <ele>1688.0397359999999</ele>
      </trkpt>
      <trkpt lat="-31.731775011867285" lon="24.387490013614297">
        <ele>1684.48396</ele>
      </trkpt>
      <trkpt lat="-31.744079980999231" lon="24.37909503467381">
        <ele>1610.790988</ele>
      </trkpt>
      <trkpt lat="-31.747231995686889" lon="24.377289991825819">
        <ele>1603.9729830000001</ele>
      </trkpt>
      <trkpt lat="-31.750958003103733" lon="24.375190995633602">
        <ele>1598.9308430000001</ele>
      </trkpt>
      <trkpt lat="-31.754458034411073" lon="24.374079974368215">
        <ele>1593.7528850000001</ele>
      </trkpt>
      <trkpt lat="-31.759166987612844" lon="24.372677011415362">
        <ele>1580.6218719999999</ele>
      </trkpt>
      <trkpt lat="-31.759708039462566" lon="24.372418010607362">
        <ele>1579.2890480000001</ele>
      </trkpt>
      <trkpt lat="-31.760665001347661" lon="24.371651988476515">
        <ele>1576.8288030000001</ele>
      </trkpt>
      <trkpt lat="-31.764502990990877" lon="24.367431029677391">
        <ele>1571.0193830000001</ele>
      </trkpt>
      <trkpt lat="-31.767132980749011" lon="24.365125000476837">
        <ele>1569.9027739999999</ele>
      </trkpt>
      <trkpt lat="-31.767415031790733" lon="24.365019975230098">
        <ele>1569.7388120000001</ele>
      </trkpt>
      <trkpt lat="-31.76794602535665" lon="24.364967001602054">
        <ele>1569.4002310000001</ele>
      </trkpt>
      <trkpt lat="-31.768721016123891" lon="24.365247040987015">
        <ele>1568.8831299999999</ele>
      </trkpt>
      <trkpt lat="-31.772470995783806" lon="24.3676239810884">
        <ele>1564.615454</ele>
      </trkpt>
      <trkpt lat="-31.778894970193505" lon="24.369824985042214">
        <ele>1562.264396</ele>
      </trkpt>
      <trkpt lat="-31.779622016474605" lon="24.370122961699963">
        <ele>1561.578125</ele>
      </trkpt>
      <trkpt lat="-31.786425020545721" lon="24.37394100241363">
        <ele>1553.8470359999999</ele>
      </trkpt>
      <trkpt lat="-31.793697997927666" lon="24.375521996989846">
        <ele>1548.3502020000001</ele>
      </trkpt>
      <trkpt lat="-31.796251963824034" lon="24.376634024083614">
        <ele>1549.886925</ele>
      </trkpt>
      <trkpt lat="-31.798982033506036" lon="24.377885023131967">
        <ele>1557.7228970000001</ele>
      </trkpt>
      <trkpt lat="-31.802697982639074" lon="24.37991201877594">
        <ele>1564.6905400000001</ele>
      </trkpt>
      <trkpt lat="-31.804711986333132" lon="24.381109960377216">
        <ele>1561.766286</ele>
      </trkpt>
      <trkpt lat="-31.806256016716361" lon="24.383450020104647">
        <ele>1547.0827710000001</ele>
      </trkpt>
      <trkpt lat="-31.807145001366735" lon="24.384535979479551">
        <ele>1539.4401459999999</ele>
      </trkpt>
      <trkpt lat="-31.808293992653489" lon="24.385425969958305">
        <ele>1532.2040420000001</ele>
      </trkpt>
      <trkpt lat="-31.809543985873461" lon="24.386173970997334">
        <ele>1525.596362</ele>
      </trkpt>
      <trkpt lat="-31.811129003763199" lon="24.386924989521503">
        <ele>1518.894108</ele>
      </trkpt>
      <trkpt lat="-31.815335964784026" lon="24.387434022501111">
        <ele>1511.3616919999999</ele>
      </trkpt>
      <trkpt lat="-31.819121986627579" lon="24.388976041227579">
        <ele>1504.9532549999999</ele>
      </trkpt>
      <trkpt lat="-31.820395030081272" lon="24.390112962573767">
        <ele>1503.0726569999999</ele>
      </trkpt>
      <trkpt lat="-31.82180997915566" lon="24.392041973769665">
        <ele>1501.414749</ele>
      </trkpt>
      <trkpt lat="-31.824486991390586" lon="24.395028026774526">
        <ele>1498.270393</ele>
      </trkpt>
      <trkpt lat="-31.825014967471361" lon="24.395675025880337">
        <ele>1497.5545669999999</ele>
      </trkpt>
      <trkpt lat="-31.827755011618137" lon="24.397046975791454">
        <ele>1495.7919039999999</ele>
      </trkpt>
      <trkpt lat="-31.831030994653702" lon="24.397836970165372">
        <ele>1496.0457469999999</ele>
      </trkpt>
      <trkpt lat="-31.835489999502897" lon="24.399351999163628">
        <ele>1497.5525929999999</ele>
      </trkpt>
      <trkpt lat="-31.845653979107738" lon="24.402814982458949">
        <ele>1496.5060940000001</ele>
      </trkpt>
      <trkpt lat="-31.847661025822163" lon="24.403533982113004">
        <ele>1499.795085</ele>
      </trkpt>
      <trkpt lat="-31.851315032690763" lon="24.404544001445174">
        <ele>1508.9989860000001</ele>
      </trkpt>
      <trkpt lat="-31.868199035525322" lon="24.410327011719346">
        <ele>1506.616417</ele>
      </trkpt>
      <trkpt lat="-31.869143005460501" lon="24.410217963159084">
        <ele>1510.7348139999999</ele>
      </trkpt>
      <trkpt lat="-31.871380973607302" lon="24.40945403650403">
        <ele>1520.7346809999999</ele>
      </trkpt>
      <trkpt lat="-31.874344982206821" lon="24.409354040399194">
        <ele>1518.527883</ele>
      </trkpt>
      <trkpt lat="-31.874831970781088" lon="24.409491000697017">
        <ele>1518.0285200000001</ele>
      </trkpt>
      <trkpt lat="-31.876284973695874" lon="24.410627000033855">
        <ele>1517.798614</ele>
      </trkpt>
      <trkpt lat="-31.877360036596656" lon="24.411095967516303">
        <ele>1516.2189490000001</ele>
      </trkpt>
      <trkpt lat="-31.878540962934494" lon="24.411070989444852">
        <ele>1515.1606240000001</ele>
      </trkpt>
      <trkpt lat="-31.877128025516868" lon="24.41433004103601">
        <ele>1519.0792120000001</ele>
      </trkpt>
      <trkpt lat="-31.87294302508235" lon="24.41856499761343">
        <ele>1505.047961</ele>
      </trkpt>
      <trkpt lat="-31.869978010654449" lon="24.420675979927182">
        <ele>1494.2892569999999</ele>
      </trkpt>
      <trkpt lat="-31.868838993832469" lon="24.421670995652676">
        <ele>1489.4422070000001</ele>
      </trkpt>
      <trkpt lat="-31.866363985463977" lon="24.425233975052834">
        <ele>1475.8766900000001</ele>
      </trkpt>
      <trkpt lat="-31.86568203382194" lon="24.426462007686496">
        <ele>1471.8063689999999</ele>
      </trkpt>
      <trkpt lat="-31.858981037512422" lon="24.436627998948097">
        <ele>1447.2936910000001</ele>
      </trkpt>
      <trkpt lat="-31.858811974525452" lon="24.437164021655917">
        <ele>1446.8341109999999</ele>
      </trkpt>
      <trkpt lat="-31.858853967860341" lon="24.437740026041865">
        <ele>1445.5169350000001</ele>
      </trkpt>
      <trkpt lat="-31.859072986990213" lon="24.438361963257194">
        <ele>1443.5980509999999</ele>
      </trkpt>
      <trkpt lat="-31.860137991607189" lon="24.439958967268467">
        <ele>1437.917017</ele>
      </trkpt>
      <trkpt lat="-31.860201023519039" lon="24.44017899222672">
        <ele>1437.2812570000001</ele>
      </trkpt>
      <trkpt lat="-31.859993990510702" lon="24.440401028841734">
        <ele>1436.378498</ele>
      </trkpt>
      <trkpt lat="-31.860247040167451" lon="24.440359035506845">
        <ele>1435.5462749999999</ele>
      </trkpt>
      <trkpt lat="-31.860357010737062" lon="24.441052973270416">
        <ele>1434.857164</ele>
      </trkpt>
      <trkpt lat="-31.860954975709319" lon="24.446236006915569">
        <ele>1430.096411</ele>
      </trkpt>
      <trkpt lat="-31.860978025943041" lon="24.447843991219997">
        <ele>1429.01945</ele>
      </trkpt>
      <trkpt lat="-31.860759006813169" lon="24.448769018054008">
        <ele>1428.7704000000001</ele>
      </trkpt>
      <trkpt lat="-31.858277963474393" lon="24.453387027606368">
        <ele>1423.2761969999999</ele>
      </trkpt>
      <trkpt lat="-31.855818964540958" lon="24.457172965630889">
        <ele>1416.0324780000001</ele>
      </trkpt>
      <trkpt lat="-31.85204098932445" lon="24.464746015146375">
        <ele>1409.0872690000001</ele>
      </trkpt>
      <trkpt lat="-31.848381031304598" lon="24.470759024843574">
        <ele>1402.7596880000001</ele>
      </trkpt>
      <trkpt lat="-31.844657035544515" lon="24.475953038781881">
        <ele>1400.4445109999999</ele>
      </trkpt>
      <trkpt lat="-31.844200976192951" lon="24.476817967370152">
        <ele>1400.8535489999999</ele>
      </trkpt>
      <trkpt lat="-31.843948010355234" lon="24.478152031078935">
        <ele>1402.853983</ele>
      </trkpt>
      <trkpt lat="-31.843937030062079" lon="24.479227010160685">
        <ele>1403.867133</ele>
      </trkpt>
      <trkpt lat="-31.843550959601998" lon="24.48031397536397">
        <ele>1404.2549280000001</ele>
      </trkpt>
      <trkpt lat="-31.842000978067517" lon="24.481767984107137">
        <ele>1405.208353</ele>
      </trkpt>
      <trkpt lat="-31.842055041342974" lon="24.483155021443963">
        <ele>1406.055646</ele>
      </trkpt>
      <trkpt lat="-31.842275988310575" lon="24.485805965960026">
        <ele>1406.9127089999999</ele>
      </trkpt>
      <trkpt lat="-31.841870974749327" lon="24.488267982378602">
        <ele>1407.9481860000001</ele>
      </trkpt>
      <trkpt lat="-31.841420028358698" lon="24.489384032785892">
        <ele>1407.4379799999999</ele>
      </trkpt>
      <trkpt lat="-31.840700022876263" lon="24.490663027390838">
        <ele>1406.8070680000001</ele>
      </trkpt>
      <trkpt lat="-31.840688036754727" lon="24.490950023755431">
        <ele>1406.691247</ele>
      </trkpt>
      <trkpt lat="-31.843607034534216" lon="24.505856987088919">
        <ele>1413.3897469999999</ele>
      </trkpt>
      <trkpt lat="-31.844130987301469" lon="24.507812988013029">
        <ele>1419.2801320000001</ele>
      </trkpt>
      <trkpt lat="-31.84441102668643" lon="24.508322020992637">
        <ele>1421.5151020000001</ele>
      </trkpt>
      <trkpt lat="-31.845575021579862" lon="24.509776029735804">
        <ele>1434.3254079999999</ele>
      </trkpt>
      <trkpt lat="-31.846063015982509" lon="24.510520007461309">
        <ele>1440.362302</ele>
      </trkpt>
      <trkpt lat="-31.84636602178216" lon="24.511260967701674">
        <ele>1445.613521</ele>
      </trkpt>
      <trkpt lat="-31.846648994833231" lon="24.512420017272234">
        <ele>1452.9125369999999</ele>
      </trkpt>
      <trkpt lat="-31.846695011481643" lon="24.514677012339234">
        <ele>1465.3611840000001</ele>
      </trkpt>
      <trkpt lat="-31.847542002797127" lon="24.51640896499157">
        <ele>1472.395561</ele>
      </trkpt>
      <trkpt lat="-31.847626995295286" lon="24.517008019611239">
        <ele>1472.878303</ele>
      </trkpt>
      <trkpt lat="-31.847480982542038" lon="24.518798980861902">
        <ele>1470.295744</ele>
      </trkpt>
      <trkpt lat="-31.84707697480917" lon="24.5198870357126">
        <ele>1466.2120420000001</ele>
      </trkpt>
      <trkpt lat="-31.846781009808183" lon="24.52027696184814">
        <ele>1463.9775649999999</ele>
      </trkpt>
      <trkpt lat="-31.845802003517747" lon="24.521093023940921">
        <ele>1457.927604</ele>
      </trkpt>
      <trkpt lat="-31.842276994138956" lon="24.52680897898972">
        <ele>1466.803253</ele>
      </trkpt>
      <trkpt lat="-31.841825963929296" lon="24.527957970276475">
        <ele>1465.6886440000001</ele>
      </trkpt>
      <trkpt lat="-31.841903999447823" lon="24.528383016586304">
        <ele>1464.1653610000001</ele>
      </trkpt>
      <trkpt lat="-31.842223014682531" lon="24.52893303707242">
        <ele>1459.652055</ele>
      </trkpt>
      <trkpt lat="-31.844434998929501" lon="24.530832041054964">
        <ele>1436.602187</ele>
      </trkpt>
      <trkpt lat="-31.845823964104056" lon="24.532572962343693">
        <ele>1423.802901</ele>
      </trkpt>
      <trkpt lat="-31.848066039383411" lon="24.534340035170317">
        <ele>1411.875638</ele>
      </trkpt>
      <trkpt lat="-31.849693972617388" lon="24.536079028621316">
        <ele>1400.5357389999999</ele>
      </trkpt>
      <trkpt lat="-31.850711032748222" lon="24.537832019850612">
        <ele>1394.2454210000001</ele>
      </trkpt>
      <trkpt lat="-31.85122299939394" lon="24.538931977003813">
        <ele>1388.283095</ele>
      </trkpt>
      <trkpt lat="-31.851412011310458" lon="24.540654961019754">
        <ele>1377.0608460000001</ele>
      </trkpt>
      <trkpt lat="-31.851627007126808" lon="24.541262984275818">
        <ele>1371.8502989999999</ele>
      </trkpt>
      <trkpt lat="-31.852516997605562" lon="24.542586989700794">
        <ele>1360.593932</ele>
      </trkpt>
      <trkpt lat="-31.855392996221781" lon="24.545963974669576">
        <ele>1342.9176580000001</ele>
      </trkpt>
      <trkpt lat="-31.858083000406623" lon="24.54829297028482">
        <ele>1332.6136590000001</ele>
      </trkpt>
      <trkpt lat="-31.859500966966152" lon="24.549798024818301">
        <ele>1328.511109</ele>
      </trkpt>
      <trkpt lat="-31.860025003552437" lon="24.550243020057678">
        <ele>1327.416571</ele>
      </trkpt>
      <trkpt lat="-31.862643007189035" lon="24.551549004390836">
        <ele>1324.1202109999999</ele>
      </trkpt>
      <trkpt lat="-31.866963040083647" lon="24.553439039736986">
        <ele>1321.0768800000001</ele>
      </trkpt>
      <trkpt lat="-31.865890994668007" lon="24.556707981973886">
        <ele>1318.1904460000001</ele>
      </trkpt>
      <trkpt lat="-31.865890994668007" lon="24.556707981973886">
        <ele>1317.7577220000001</ele>
      </trkpt>
      <trkpt lat="-31.86720603145659" lon="24.552547037601471">
        <ele>1319.311238</ele>
      </trkpt>
      <trkpt lat="-31.867650020867586" lon="24.552763039246202">
        <ele>1318.9332870000001</ele>
      </trkpt>
      <trkpt lat="-31.86868803575635" lon="24.551765006035566">
        <ele>1317.7272089999999</ele>
      </trkpt>
      <trkpt lat="-31.869315002113581" lon="24.550487017259002">
        <ele>1316.693043</ele>
      </trkpt>
      <trkpt lat="-31.87163301743567" lon="24.551424030214548">
        <ele>1313.901077</ele>
      </trkpt>
      <trkpt lat="-31.873707035556436" lon="24.551581023260951">
        <ele>1309.9507450000001</ele>
      </trkpt>
      <trkpt lat="-31.876282962039113" lon="24.551832983270288">
        <ele>1302.383423</ele>
      </trkpt>
      <trkpt lat="-31.877915002405643" lon="24.550505960360169">
        <ele>1298.4087179999999</ele>
      </trkpt>
      <trkpt lat="-31.880940031260252" lon="24.551312969997525">
        <ele>1296.682084</ele>
      </trkpt>
      <trkpt lat="-31.882867030799389" lon="24.553073002025485">
        <ele>1296.9195010000001</ele>
      </trkpt>
      <trkpt lat="-31.883236002177" lon="24.554154016077518">
        <ele>1296.8124740000001</ele>
      </trkpt>
      <trkpt lat="-31.88325896859169" lon="24.554470013827085">
        <ele>1296.7440120000001</ele>
      </trkpt>
      <trkpt lat="-31.883614026010036" lon="24.55561799928546">
        <ele>1296.478008</ele>
      </trkpt>
      <trkpt lat="-31.885100975632668" lon="24.556535985320807">
        <ele>1297.855861</ele>
      </trkpt>
      <trkpt lat="-31.885468019172549" lon="24.557229001075029">
        <ele>1298.906684</ele>
      </trkpt>
      <trkpt lat="-31.887097964063287" lon="24.554928001016378">
        <ele>1303.9546190000001</ele>
      </trkpt>
      <trkpt lat="-31.888682981953025" lon="24.551834994927049">
        <ele>1309.891961</ele>
      </trkpt>
      <trkpt lat="-31.88832800835371" lon="24.549702974036336">
        <ele>1314.132114</ele>
      </trkpt>
      <trkpt lat="-31.889788974076509" lon="24.549169968813658">
        <ele>1321.9140030000001</ele>
      </trkpt>
      <trkpt lat="-31.891801971942186" lon="24.549422012642026">
        <ele>1339.333257</ele>
      </trkpt>
      <trkpt lat="-31.892379987984896" lon="24.550525993108749">
        <ele>1349.7797700000001</ele>
      </trkpt>
      <trkpt lat="-31.891398970037699" lon="24.550708970054984">
        <ele>1358.216713</ele>
      </trkpt>
      <trkpt lat="-31.891129994764924" lon="24.551013987511396">
        <ele>1361.435489</ele>
      </trkpt>
      <trkpt lat="-31.893060011789203" lon="24.552217964082956">
        <ele>1384.905841</ele>
      </trkpt>
      <trkpt lat="-31.89357097260654" lon="24.55179400742054">
        <ele>1389.698723</ele>
      </trkpt>
      <trkpt lat="-31.894034994766116" lon="24.550452986732125">
        <ele>1397.99793</ele>
      </trkpt>
      <trkpt lat="-31.894685011357069" lon="24.549143984913826">
        <ele>1404.615902</ele>
      </trkpt>
      <trkpt lat="-31.895372997969389" lon="24.548768978565931">
        <ele>1407.870388</ele>
      </trkpt>
      <trkpt lat="-31.898236004635692" lon="24.548814995214343">
        <ele>1415.58662</ele>
      </trkpt>
      <trkpt lat="-31.899259015917778" lon="24.54868096858263">
        <ele>1414.9911400000001</ele>
      </trkpt>
      <trkpt lat="-31.900151018053293" lon="24.548133965581656">
        <ele>1413.338129</ele>
      </trkpt>
      <trkpt lat="-31.903710979968309" lon="24.546162039041519">
        <ele>1395.5888560000001</ele>
      </trkpt>
      <trkpt lat="-31.907711997628212" lon="24.542567040771246">
        <ele>1374.68138</ele>
      </trkpt>
      <trkpt lat="-31.908720005303621" lon="24.541129041463137">
        <ele>1368.8613190000001</ele>
      </trkpt>
      <trkpt lat="-31.910196980461478" lon="24.53759104013443">
        <ele>1356.7648340000001</ele>
      </trkpt>
      <trkpt lat="-31.911014970391989" lon="24.533981960266829">
        <ele>1349.5252290000001</ele>
      </trkpt>
      <trkpt lat="-31.910323966294527" lon="24.524736972525716">
        <ele>1334.4432979999999</ele>
      </trkpt>
      <trkpt lat="-31.910815984010696" lon="24.522712994366884">
        <ele>1335.223984</ele>
      </trkpt>
      <trkpt lat="-31.911770012229681" lon="24.520293977111578">
        <ele>1326.9960430000001</ele>
      </trkpt>
      <trkpt lat="-31.915350006893277" lon="24.519897010177374">
        <ele>1310.8681650000001</ele>
      </trkpt>
      <trkpt lat="-31.920823976397514" lon="24.520531017333269">
        <ele>1293.981857</ele>
      </trkpt>
      <trkpt lat="-31.921728970482945" lon="24.520249972119927">
        <ele>1291.435031</ele>
      </trkpt>
      <trkpt lat="-31.924416963011026" lon="24.517759038135409">
        <ele>1273.1953980000001</ele>
      </trkpt>
      <trkpt lat="-31.924893977120519" lon="24.51552601531148">
        <ele>1260.5353419999999</ele>
      </trkpt>
      <trkpt lat="-31.925410972908139" lon="24.51456000097096">
        <ele>1253.3284630000001</ele>
      </trkpt>
      <trkpt lat="-31.92749303765595" lon="24.512435020878911">
        <ele>1228.4871720000001</ele>
      </trkpt>
      <trkpt lat="-31.93058998323977" lon="24.513462977483869">
        <ele>1197.5558679999999</ele>
      </trkpt>
      <trkpt lat="-31.932782018557191" lon="24.513570014387369">
        <ele>1179.1275860000001</ele>
      </trkpt>
      <trkpt lat="-31.933218967169523" lon="24.51337999664247">
        <ele>1175.285376</ele>
      </trkpt>
      <trkpt lat="-31.933689024299383" lon="24.511494990438223">
        <ele>1161.324464</ele>
      </trkpt>
      <trkpt lat="-31.933626998215914" lon="24.50901797041297">
        <ele>1142.553985</ele>
      </trkpt>
      <trkpt lat="-31.934205014258623" lon="24.508509021252394">
        <ele>1137.373212</ele>
      </trkpt>
      <trkpt lat="-31.935383006930351" lon="24.508255971595645">
        <ele>1130.8930130000001</ele>
      </trkpt>
      <trkpt lat="-31.936836009845138" lon="24.508499968796968">
        <ele>1126.1742899999999</ele>
      </trkpt>
      <trkpt lat="-31.937322998419404" lon="24.508168967440724">
        <ele>1125.2204340000001</ele>
      </trkpt>
      <trkpt lat="-31.938297981396317" lon="24.502843022346497">
        <ele>1136.312187</ele>
      </trkpt>
      <trkpt lat="-31.936912033706903" lon="24.492790019139647">
        <ele>1147.6064859999999</ele>
      </trkpt>
      <trkpt lat="-31.936395959928632" lon="24.486292032524943">
        <ele>1150.5234419999999</ele>
      </trkpt>
      <trkpt lat="-31.935241017490625" lon="24.479681979864836">
        <ele>1153.060649</ele>
      </trkpt>
      <trkpt lat="-31.934673981741071" lon="24.476321004331112">
        <ele>1152.94146</ele>
      </trkpt>
      <trkpt lat="-31.936263022944331" lon="24.462147038429976">
        <ele>1154.759078</ele>
      </trkpt>
      <trkpt lat="-31.935975020751357" lon="24.453552989289165">
        <ele>1160.6414669999999</ele>
      </trkpt>
      <trkpt lat="-31.93553002551198" lon="24.452491002157331">
        <ele>1160.8735389999999</ele>
      </trkpt>
      <trkpt lat="-31.933634961023927" lon="24.451358020305634">
        <ele>1159.3483470000001</ele>
      </trkpt>
      <trkpt lat="-31.930714035406709" lon="24.445340987294912">
        <ele>1170.95409</ele>
      </trkpt>
      <trkpt lat="-31.929007982835174" lon="24.443696960806847">
        <ele>1172.6660059999999</ele>
      </trkpt>
      <trkpt lat="-31.928229974582791" lon="24.441498974338174">
        <ele>1172.510728</ele>
      </trkpt>
      <trkpt lat="-31.9278409704566" lon="24.439118010923266">
        <ele>1173.5938229999999</ele>
      </trkpt>
      <trkpt lat="-31.928312033414841" lon="24.432438975200057">
        <ele>1174.754224</ele>
      </trkpt>
      <trkpt lat="-31.928589977324009" lon="24.431946035474539">
        <ele>1175.2301709999999</ele>
      </trkpt>
      <trkpt lat="-31.930498033761978" lon="24.430625969544053">
        <ele>1177.7832599999999</ele>
      </trkpt>
      <trkpt lat="-31.930899024009705" lon="24.429982993751764">
        <ele>1179.4919030000001</ele>
      </trkpt>
      <trkpt lat="-31.931408978998661" lon="24.427961027249694">
        <ele>1190.1032339999999</ele>
      </trkpt>
      <trkpt lat="-31.931400010362267" lon="24.426254974678159">
        <ele>1202.0289789999999</ele>
      </trkpt>
      <trkpt lat="-31.931044030934572" lon="24.424854023382068">
        <ele>1203.0647289999999</ele>
      </trkpt>
      <trkpt lat="-31.931267995387316" lon="24.423792958259583">
        <ele>1203.3555960000001</ele>
      </trkpt>
      <trkpt lat="-31.931895967572927" lon="24.422708004713058">
        <ele>1205.670263</ele>
      </trkpt>
      <trkpt lat="-31.935291979461908" lon="24.419834017753601">
        <ele>1229.6491860000001</ele>
      </trkpt>
      <trkpt lat="-31.93647600710392" lon="24.419307969510555">
        <ele>1235.503811</ele>
      </trkpt>
      <trkpt lat="-31.939280005171895" lon="24.418917037546635">
        <ele>1240.6928129999999</ele>
      </trkpt>
      <trkpt lat="-31.941532976925373" lon="24.418346984311938">
        <ele>1235.6489099999999</ele>
      </trkpt>
      <trkpt lat="-31.947195958346128" lon="24.417885979637504">
        <ele>1213.9972889999999</ele>
      </trkpt>
      <trkpt lat="-31.948538990691304" lon="24.417509967461228">
        <ele>1211.40551</ele>
      </trkpt>
      <trkpt lat="-31.950277984142303" lon="24.418674968183041">
        <ele>1209.364994</ele>
      </trkpt>
      <trkpt lat="-31.95069900713861" lon="24.4183299690485">
        <ele>1209.009935</ele>
      </trkpt>
      <trkpt lat="-31.950854994356632" lon="24.417562019079924">
        <ele>1210.402247</ele>
      </trkpt>
      <trkpt lat="-31.949702985584736" lon="24.416937986388803">
        <ele>1213.4971539999999</ele>
      </trkpt>
      <trkpt lat="-31.949457982555032" lon="24.416427025571465">
        <ele>1215.9020539999999</ele>
      </trkpt>
      <trkpt lat="-31.94962696172297" lon="24.415916986763477">
        <ele>1218.226946</ele>
      </trkpt>
      <trkpt lat="-31.95005401968956" lon="24.415583973750472">
        <ele>1220.6845760000001</ele>
      </trkpt>
      <trkpt lat="-31.951741967350245" lon="24.414335992187262">
        <ele>1222.800301</ele>
      </trkpt>
      <trkpt lat="-31.956039033830166" lon="24.41141095943749">
        <ele>1218.6540689999999</ele>
      </trkpt>
      <trkpt lat="-31.9592509791255" lon="24.406430013477802">
        <ele>1225.1787440000001</ele>
      </trkpt>
      <trkpt lat="-31.963888015598059" lon="24.39727496355772">
        <ele>1240.698652</ele>
      </trkpt>
      <trkpt lat="-31.973970020189881" lon="24.396786969155073">
        <ele>1270.275995</ele>
      </trkpt>
      <trkpt lat="-31.978542013093829" lon="24.397602025419474">
        <ele>1282.13058</ele>
      </trkpt>
      <trkpt lat="-31.981168985366821" lon="24.399579986929893">
        <ele>1292.0681420000001</ele>
      </trkpt>
      <trkpt lat="-31.986116990447044" lon="24.404202019795775">
        <ele>1311.579823</ele>
      </trkpt>
      <trkpt lat="-31.98681503534317" lon="24.404711974784732">
        <ele>1313.8677499999999</ele>
      </trkpt>
      <trkpt lat="-31.989770997315645" lon="24.406494973227382">
        <ele>1320.6261440000001</ele>
      </trkpt>
      <trkpt lat="-31.992586981505156" lon="24.40831602551043">
        <ele>1318.851684</ele>
      </trkpt>
      <trkpt lat="-31.999270040541887" lon="24.413188006728888">
        <ele>1306.203577</ele>
      </trkpt>
      <trkpt lat="-32.000847011804581" lon="24.414981985464692">
        <ele>1303.314676</ele>
      </trkpt>
      <trkpt lat="-32.002314012497663" lon="24.417422963306308">
        <ele>1298.0113080000001</ele>
      </trkpt>
      <trkpt lat="-32.004145039245486" lon="24.418513029813766">
        <ele>1291.5982080000001</ele>
      </trkpt>
      <trkpt lat="-32.00643296353519" lon="24.420678997412324">
        <ele>1281.806585</ele>
      </trkpt>
      <trkpt lat="-32.007574997842312" lon="24.420614959672093">
        <ele>1277.4692030000001</ele>
      </trkpt>
      <trkpt lat="-32.009910028427839" lon="24.419450964778662">
        <ele>1272.5532310000001</ele>
      </trkpt>
      <trkpt lat="-32.011146023869514" lon="24.419534029439092">
        <ele>1272.811506</ele>
      </trkpt>
      <trkpt lat="-32.015199009329081" lon="24.423588020727038">
        <ele>1273.1618169999999</ele>
      </trkpt>
      <trkpt lat="-32.023902023211122" lon="24.428014000877738">
        <ele>1285.1362059999999</ele>
      </trkpt>
      <trkpt lat="-32.027219999581575" lon="24.430407034233212">
        <ele>1286.443348</ele>
      </trkpt>
      <trkpt lat="-32.030552979558706" lon="24.433200974017382">
        <ele>1287.160378</ele>
      </trkpt>
      <trkpt lat="-32.031516982242465" lon="24.433857025578618">
        <ele>1286.8012630000001</ele>
      </trkpt>
      <trkpt lat="-32.035022964701056" lon="24.434967963024974">
        <ele>1282.822128</ele>
      </trkpt>
      <trkpt lat="-32.048097979277372" lon="24.430176028981805">
        <ele>1267.6597770000001</ele>
      </trkpt>
      <trkpt lat="-32.04976899549365" lon="24.428945984691381">
        <ele>1263.3865149999999</ele>
      </trkpt>
      <trkpt lat="-32.053756015375257" lon="24.425098020583391">
        <ele>1252.1528559999999</ele>
      </trkpt>
      <trkpt lat="-32.055718973278999" lon="24.422738011926413">
        <ele>1246.8509979999999</ele>
      </trkpt>
      <trkpt lat="-32.065309965983033" lon="24.417304024100304">
        <ele>1247.1670899999999</ele>
      </trkpt>
      <trkpt lat="-32.066510003060102" lon="24.417245015501976">
        <ele>1248.6334859999999</ele>
      </trkpt>
      <trkpt lat="-32.075264984741807" lon="24.418831039220095">
        <ele>1261.2711670000001</ele>
      </trkpt>
      <trkpt lat="-32.075907960534096" lon="24.418920977041125">
        <ele>1262.1212149999999</ele>
      </trkpt>
      <trkpt lat="-32.077898997813463" lon="24.418569020926952">
        <ele>1263.917465</ele>
      </trkpt>
      <trkpt lat="-32.090553995221853" lon="24.411191018298268">
        <ele>1271.0416290000001</ele>
      </trkpt>
      <trkpt lat="-32.094730027019978" lon="24.408652978017926">
        <ele>1269.5200789999999</ele>
      </trkpt>
      <trkpt lat="-32.096443958580494" lon="24.407985024154186">
        <ele>1266.8685350000001</ele>
      </trkpt>
      <trkpt lat="-32.112724967300892" lon="24.401064002886415">
        <ele>1203.9424759999999</ele>
      </trkpt>
      <trkpt lat="-32.113413959741592" lon="24.400610961019993">
        <ele>1202.5088470000001</ele>
      </trkpt>
      <trkpt lat="-32.113795001059771" lon="24.399660034105182">
        <ele>1201.3265200000001</ele>
      </trkpt>
      <trkpt lat="-32.113691987469792" lon="24.397932020947337">
        <ele>1199.3302639999999</ele>
      </trkpt>
      <trkpt lat="-32.114317025989294" lon="24.397883992642164">
        <ele>1197.965244</ele>
      </trkpt>
      <trkpt lat="-32.115902965888381" lon="24.398378022015095">
        <ele>1191.8435469999999</ele>
      </trkpt>
      <trkpt lat="-32.116897981613874" lon="24.399349987506866">
        <ele>1184.679359</ele>
      </trkpt>
      <trkpt lat="-32.11772502399981" lon="24.400562010705471">
        <ele>1176.302473</ele>
      </trkpt>
      <trkpt lat="-32.118144035339355" lon="24.402520023286343">
        <ele>1164.6241889999999</ele>
      </trkpt>
      <trkpt lat="-32.11912102997303" lon="24.403846962377429">
        <ele>1156.7384999999999</ele>
      </trkpt>
      <trkpt lat="-32.119323033839464" lon="24.404667969793081">
        <ele>1152.6382510000001</ele>
      </trkpt>
      <trkpt lat="-32.120054019615054" lon="24.405664997175336">
        <ele>1143.7581339999999</ele>
      </trkpt>
      <trkpt lat="-32.120283013209701" lon="24.406696977093816">
        <ele>1134.2592079999999</ele>
      </trkpt>
      <trkpt lat="-32.121888985857368" lon="24.408215023577213">
        <ele>1108.7721509999999</ele>
      </trkpt>
      <trkpt lat="-32.124832039698958" lon="24.408197002485394">
        <ele>1099.82071</ele>
      </trkpt>
      <trkpt lat="-32.125823032110929" lon="24.408532027155161">
        <ele>1097.3711029999999</ele>
      </trkpt>
      <trkpt lat="-32.126225028187037" lon="24.409143989905715">
        <ele>1095.809264</ele>
      </trkpt>
      <trkpt lat="-32.126716040074825" lon="24.411004018038511">
        <ele>1073.716359</ele>
      </trkpt>
      <trkpt lat="-32.127752965316176" lon="24.413012992590666">
        <ele>1052.3903760000001</ele>
      </trkpt>
      <trkpt lat="-32.128924001008272" lon="24.413885967805982">
        <ele>1041.7866819999999</ele>
      </trkpt>
      <trkpt lat="-32.12952196598053" lon="24.415371995419264">
        <ele>1028.7714410000001</ele>
      </trkpt>
      <trkpt lat="-32.130030998960137" lon="24.415959985926747">
        <ele>1021.592038</ele>
      </trkpt>
      <trkpt lat="-32.130773970857263" lon="24.416069034487009">
        <ele>1015.2862229999999</ele>
      </trkpt>
      <trkpt lat="-32.132278019562364" lon="24.415175020694733">
        <ele>1003.223933</ele>
      </trkpt>
      <trkpt lat="-32.133289966732264" lon="24.415607023984194">
        <ele>997.48763799999995</ele>
      </trkpt>
      <trkpt lat="-32.133679976686835" lon="24.416004996746778">
        <ele>994.44451800000002</ele>
      </trkpt>
      <trkpt lat="-32.134458990767598" lon="24.416390983387828">
        <ele>989.26793999999995</ele>
      </trkpt>
      <trkpt lat="-32.13656703941524" lon="24.41624497063458">
        <ele>980.37079600000004</ele>
      </trkpt>
      <trkpt lat="-32.137261983007193" lon="24.416592987254262">
        <ele>980.14561100000003</ele>
      </trkpt>
      <trkpt lat="-32.137858020141721" lon="24.417369989678264">
        <ele>980.94047699999999</ele>
      </trkpt>
      <trkpt lat="-32.13826697319746" lon="24.419411988928914">
        <ele>986.80794900000001</ele>
      </trkpt>
      <trkpt lat="-32.139012962579727" lon="24.420930035412312">
        <ele>988.12955999999997</ele>
      </trkpt>
      <trkpt lat="-32.139069959521294" lon="24.421578040346503">
        <ele>988.10241299999996</ele>
      </trkpt>
      <trkpt lat="-32.138988990336657" lon="24.422178016975522">
        <ele>983.31859199999997</ele>
      </trkpt>
      <trkpt lat="-32.138404017314315" lon="24.424250023439527">
        <ele>963.09116400000005</ele>
      </trkpt>
      <trkpt lat="-32.138661006465554" lon="24.425203967839479">
        <ele>956.20029399999999</ele>
      </trkpt>
      <trkpt lat="-32.147244997322559" lon="24.436449967324734">
        <ele>917.50856199999998</ele>
      </trkpt>
      <trkpt lat="-32.198882969096303" lon="24.48635003529489">
        <ele>792.44804099999999</ele>
      </trkpt>
      <trkpt lat="-32.19855397939682" lon="24.487470025196671">
        <ele>791.54785600000002</ele>
      </trkpt>
      <trkpt lat="-32.199642034247518" lon="24.490015022456646">
        <ele>789.27352299999995</ele>
      </trkpt>
      <trkpt lat="-32.198681971058249" lon="24.491713028401136">
        <ele>787.43075199999998</ele>
      </trkpt>
      <trkpt lat="-32.197087984532118" lon="24.492889009416103">
        <ele>787.03727400000002</ele>
      </trkpt>
      <trkpt lat="-32.196300001814961" lon="24.493814958259463">
        <ele>787.65869499999997</ele>
      </trkpt>
      <trkpt lat="-32.195530040189624" lon="24.49395501986146">
        <ele>788.13503200000002</ele>
      </trkpt>
      <trkpt lat="-32.19459998421371" lon="24.494826989248395">
        <ele>789.06386799999996</ele>
      </trkpt>
      <trkpt lat="-32.194503005594015" lon="24.495514975860715">
        <ele>789.50781400000005</ele>
      </trkpt>
      <trkpt lat="-32.194555979222059" lon="24.495789986103773">
        <ele>789.59229800000003</ele>
      </trkpt>
      <trkpt lat="-32.195162996649742" lon="24.496196005493402">
        <ele>789.83900600000004</ele>
      </trkpt>
      <trkpt lat="-32.195229968056083" lon="24.49659800156951">
        <ele>789.96891300000004</ele>
      </trkpt>
      <trkpt lat="-32.193981986492872" lon="24.498785007745028">
        <ele>789.85803299999998</ele>
      </trkpt>
      <trkpt lat="-32.19354797154665" lon="24.499333016574383">
        <ele>789.69345299999998</ele>
      </trkpt>
      <trkpt lat="-32.193540008738637" lon="24.500093003734946">
        <ele>789.52686400000005</ele>
      </trkpt>
      <trkpt lat="-32.191043039783835" lon="24.49913302436471">
        <ele>789.09721500000001</ele>
      </trkpt>
      <trkpt lat="-32.190207028761506" lon="24.4994149915874">
        <ele>789.49529299999995</ele>
      </trkpt>
      <trkpt lat="-32.189815007150173" lon="24.499897034838796">
        <ele>789.73609099999999</ele>
      </trkpt>
      <trkpt lat="-32.189255012199283" lon="24.500754000619054">
        <ele>789.567498</ele>
      </trkpt>
      <trkpt lat="-32.189073963090777" lon="24.501121966168284">
        <ele>789.50122199999998</ele>
      </trkpt>
      <trkpt lat="-32.188771963119507" lon="24.501924030482769">
        <ele>789.17015500000002</ele>
      </trkpt>
      <trkpt lat="-32.189190974459052" lon="24.506711019203067">
        <ele>785.778548</ele>
      </trkpt>
      <trkpt lat="-32.188894003629684" lon="24.508551014587283">
        <ele>785.00734999999997</ele>
      </trkpt>
      <trkpt lat="-32.186759971082211" lon="24.513061987236142">
        <ele>784.39140699999996</ele>
      </trkpt>
      <trkpt lat="-32.186738010495901" lon="24.514255989342928">
        <ele>784.43255099999999</ele>
      </trkpt>
      <trkpt lat="-32.18748802319169" lon="24.517566002905369">
        <ele>784.97163899999998</ele>
      </trkpt>
      <trkpt lat="-32.187561029568315" lon="24.51866302639246">
        <ele>785.22153400000002</ele>
      </trkpt>
      <trkpt lat="-32.188341971486807" lon="24.51963197439909">
        <ele>785.57933800000001</ele>
      </trkpt>
      <trkpt lat="-32.18791700899601" lon="24.520529005676508">
        <ele>785.99120900000003</ele>
      </trkpt>
      <trkpt lat="-32.187936035916209" lon="24.521215986460447">
        <ele>786.265083</ele>
      </trkpt>
      <trkpt lat="-32.188183972612023" lon="24.521569032222033">
        <ele>786.366851</ele>
      </trkpt>
      <trkpt lat="-32.18746799044311" lon="24.523048019036651">
        <ele>786.69425100000001</ele>
      </trkpt>
      <trkpt lat="-32.186334002763033" lon="24.524171026423573">
        <ele>786.60146599999996</ele>
      </trkpt>
      <trkpt lat="-32.186445984989405" lon="24.524657009169459">
        <ele>786.56590000000006</ele>
      </trkpt>
      <trkpt lat="-32.18710295855999" lon="24.526037005707622">
        <ele>786.40124000000003</ele>
      </trkpt>
      <trkpt lat="-32.194683970883489" lon="24.531941972672939">
        <ele>787.18334200000004</ele>
      </trkpt>
      <trkpt lat="-32.19737003557384" lon="24.535819021984935">
        <ele>785.85619199999996</ele>
      </trkpt>
      <trkpt lat="-32.199536003172398" lon="24.536414975300431">
        <ele>784.98399800000004</ele>
      </trkpt>
      <trkpt lat="-32.202546028420329" lon="24.538693008944392">
        <ele>784.43908299999998</ele>
      </trkpt>
      <trkpt lat="-32.202823972329497" lon="24.539245963096619">
        <ele>784.13092600000004</ele>
      </trkpt>
      <trkpt lat="-32.202835036441684" lon="24.540551025420427">
        <ele>784.49829999999997</ele>
      </trkpt>
      <trkpt lat="-32.203713040798903" lon="24.542181976139545">
        <ele>785.67476799999997</ele>
      </trkpt>
      <trkpt lat="-32.20517098903656" lon="24.542824029922485">
        <ele>787.30883900000003</ele>
      </trkpt>
      <trkpt lat="-32.206225013360381" lon="24.542769966647029">
        <ele>788.66849100000002</ele>
      </trkpt>
      <trkpt lat="-32.206767993047833" lon="24.543118989095092">
        <ele>789.38385100000005</ele>
      </trkpt>
      <trkpt lat="-32.207688996568322" lon="24.543003989383578">
        <ele>790.42563800000005</ele>
      </trkpt>
      <trkpt lat="-32.208246979862452" lon="24.542929977178574">
        <ele>790.86269900000002</ele>
      </trkpt>
      <trkpt lat="-32.209464032202959" lon="24.54167302697897">
        <ele>790.45087100000001</ele>
      </trkpt>
      <trkpt lat="-32.210187977179885" lon="24.541368009522557">
        <ele>789.94115399999998</ele>
      </trkpt>
      <trkpt lat="-32.210501963272691" lon="24.540596036240458">
        <ele>789.46515299999999</ele>
      </trkpt>
      <trkpt lat="-32.210629032924771" lon="24.538920996710658">
        <ele>788.69606399999998</ele>
      </trkpt>
      <trkpt lat="-32.210986018180847" lon="24.538307022303343">
        <ele>788.36631599999998</ele>
      </trkpt>
      <trkpt lat="-32.21146697178483" lon="24.538114992901683">
        <ele>788.03887199999997</ele>
      </trkpt>
      <trkpt lat="-32.21298904158175" lon="24.539255015552044">
        <ele>786.96133799999996</ele>
      </trkpt>
      <trkpt lat="-32.213708041235805" lon="24.539402034133673">
        <ele>786.62581399999999</ele>
      </trkpt>
      <trkpt lat="-32.21516003832221" lon="24.5386459864676">
        <ele>786.22246600000005</ele>
      </trkpt>
      <trkpt lat="-32.215406969189644" lon="24.539081007242203">
        <ele>786.14469399999996</ele>
      </trkpt>
      <trkpt lat="-32.215732019394636" lon="24.539242023602128">
        <ele>786.25336000000004</ele>
      </trkpt>
      <trkpt lat="-32.216532994061708" lon="24.538872968405485">
        <ele>787.10832400000004</ele>
      </trkpt>
      <trkpt lat="-32.217121990397573" lon="24.539164993911982">
        <ele>787.74565099999995</ele>
      </trkpt>
      <trkpt lat="-32.218099990859628" lon="24.540292024612427">
        <ele>791.078936</ele>
      </trkpt>
      <trkpt lat="-32.219587024301291" lon="24.540266040712595">
        <ele>793.91520700000001</ele>
      </trkpt>
      <trkpt lat="-32.219748040661216" lon="24.539705039933324">
        <ele>794.74396400000001</ele>
      </trkpt>
      <trkpt lat="-32.220225976780057" lon="24.539446961134672">
        <ele>794.54746699999998</ele>
      </trkpt>
      <trkpt lat="-32.220202004536986" lon="24.538843967020512">
        <ele>793.37582399999997</ele>
      </trkpt>
      <trkpt lat="-32.221545958891511" lon="24.536564005538821">
        <ele>788.27048200000002</ele>
      </trkpt>
      <trkpt lat="-32.2220369707793" lon="24.536290001124144">
        <ele>787.45128499999998</ele>
      </trkpt>
      <trkpt lat="-32.222345005720854" lon="24.535735035315156">
        <ele>787.40315799999996</ele>
      </trkpt>
      <trkpt lat="-32.222753958776593" lon="24.536005016416311">
        <ele>787.35995100000002</ele>
      </trkpt>
      <trkpt lat="-32.222838029265404" lon="24.536493010818958">
        <ele>787.32405900000003</ele>
      </trkpt>
      <trkpt lat="-32.223541019484401" lon="24.536858964711428">
        <ele>787.12372700000003</ele>
      </trkpt>
      <trkpt lat="-32.224025996401906" lon="24.536383040249348">
        <ele>786.93478800000003</ele>
      </trkpt>
      <trkpt lat="-32.225414961576462" lon="24.536685962229967">
        <ele>786.76192800000001</ele>
      </trkpt>
      <trkpt lat="-32.226533023640513" lon="24.536465015262365">
        <ele>786.84923500000002</ele>
      </trkpt>
      <trkpt lat="-32.227850994095206" lon="24.535514004528522">
        <ele>787.56973600000003</ele>
      </trkpt>
      <trkpt lat="-32.228994034230709" lon="24.536354960873723">
        <ele>789.36360000000002</ele>
      </trkpt>
      <trkpt lat="-32.230642000213265" lon="24.53634699806571">
        <ele>792.41554099999996</ele>
      </trkpt>
      <trkpt lat="-32.230985993519425" lon="24.536694008857012">
        <ele>793.34728600000005</ele>
      </trkpt>
      <trkpt lat="-32.231362005695701" lon="24.536957032978535">
        <ele>794.32383300000004</ele>
      </trkpt>
      <trkpt lat="-32.232052003964782" lon="24.53686298802495">
        <ele>795.68420600000002</ele>
      </trkpt>
      <trkpt lat="-32.232545027509332" lon="24.536249013617635">
        <ele>797.11033899999995</ele>
      </trkpt>
      <trkpt lat="-32.232777960598469" lon="24.536093026399612">
        <ele>797.65612799999997</ele>
      </trkpt>
      <trkpt lat="-32.233261009678245" lon="24.537807963788509">
        <ele>800.60969599999999</ele>
      </trkpt>
      <trkpt lat="-32.233439963310957" lon="24.538782024756074">
        <ele>800.69858899999997</ele>
      </trkpt>
      <trkpt lat="-32.233814969658852" lon="24.538664007559419">
        <ele>800.73950400000001</ele>
      </trkpt>
      <trkpt lat="-32.235210975632071" lon="24.539009006693959">
        <ele>800.52956900000004</ele>
      </trkpt>
      <trkpt lat="-32.235257998108864" lon="24.540229998528957">
        <ele>801.123288</ele>
      </trkpt>
      <trkpt lat="-32.235677009448409" lon="24.540501991286874">
        <ele>802.25365899999997</ele>
      </trkpt>
      <trkpt lat="-32.235609032213688" lon="24.540844978764653">
        <ele>802.93126500000005</ele>
      </trkpt>
      <trkpt lat="-32.239415002986789" lon="24.543352006003261">
        <ele>810.64598100000001</ele>
      </trkpt>
      <trkpt lat="-32.24077396094799" lon="24.543791972100735">
        <ele>815.02992900000004</ele>
      </trkpt>
      <trkpt lat="-32.242599036544561" lon="24.544912967830896">
        <ele>816.92755699999998</ele>
      </trkpt>
      <trkpt lat="-32.244201991707087" lon="24.546157009899616">
        <ele>806.53558899999996</ele>
      </trkpt>
      <trkpt lat="-32.24466098472476" lon="24.548410987481475">
        <ele>789.62168599999995</ele>
      </trkpt>
      <trkpt lat="-32.246176013723016" lon="24.54855096526444">
        <ele>775.99168299999997</ele>
      </trkpt>
      <trkpt lat="-32.246220018714666" lon="24.54885195940733">
        <ele>774.59723699999995</ele>
      </trkpt>
      <trkpt lat="-32.247644020244479" lon="24.550155010074377">
        <ele>764.80865100000005</ele>
      </trkpt>
      <trkpt lat="-32.24938795901835" lon="24.5511070266366">
        <ele>754.58788000000004</ele>
      </trkpt>
      <trkpt lat="-32.250386998057365" lon="24.553036959841847">
        <ele>747.96520399999997</ele>
      </trkpt>
      <trkpt lat="-32.252332018688321" lon="24.555601989850402">
        <ele>747.00054799999998</ele>
      </trkpt>
      <trkpt lat="-32.254367982968688" lon="24.557055998593569">
        <ele>744.89472599999999</ele>
      </trkpt>
      <trkpt lat="-32.258265987038612" lon="24.55735900439322">
        <ele>751.43161599999996</ele>
      </trkpt>
      <trkpt lat="-32.258231034502387" lon="24.559033960103989">
        <ele>755.78955599999995</ele>
      </trkpt>
      <trkpt lat="-32.261163024231791" lon="24.559111995622516">
        <ele>761.36493700000005</ele>
      </trkpt>
      <trkpt lat="-32.263011988252401" lon="24.558417974039912">
        <ele>756.65980400000001</ele>
      </trkpt>
      <trkpt lat="-32.26356502622366" lon="24.55802503041923">
        <ele>754.63179000000002</ele>
      </trkpt>
      <trkpt lat="-32.266337005421519" lon="24.556964971125126">
        <ele>748.22266300000001</ele>
      </trkpt>
      <trkpt lat="-32.268032999709249" lon="24.556786017492414">
        <ele>747.67367300000001</ele>
      </trkpt>
      <trkpt lat="-32.274065958335996" lon="24.55398503690958">
        <ele>737.73010799999997</ele>
      </trkpt>
      <trkpt lat="-32.275044964626431" lon="24.55325597897172">
        <ele>736.60340499999995</ele>
      </trkpt>
      <trkpt lat="-32.278910027816892" lon="24.554448975250125">
        <ele>738.57248600000003</ele>
      </trkpt>
      <trkpt lat="-32.280177036300302" lon="24.555256990715861">
        <ele>739.33409099999994</ele>
      </trkpt>
      <trkpt lat="-32.281022015959024" lon="24.55583400093019">
        <ele>739.56102099999998</ele>
      </trkpt>
      <trkpt lat="-32.284361030906439" lon="24.558280007913709">
        <ele>734.61284699999999</ele>
      </trkpt>
      <trkpt lat="-32.284704018384218" lon="24.557684976607561">
        <ele>733.42251999999996</ele>
      </trkpt>
      <trkpt lat="-32.285794001072645" lon="24.55845502205193">
        <ele>730.97466599999996</ele>
      </trkpt>
      <trkpt lat="-32.287555960938334" lon="24.559033960103989">
        <ele>727.28528300000005</ele>
      </trkpt>
      <trkpt lat="-32.288774019107223" lon="24.559046030044556">
        <ele>724.41449999999998</ele>
      </trkpt>
      <trkpt lat="-32.29613701812923" lon="24.557222966104746">
        <ele>718.17318699999998</ele>
      </trkpt>
      <trkpt lat="-32.299808962270617" lon="24.555931985378265">
        <ele>719.50873799999999</ele>
      </trkpt>
      <trkpt lat="-32.299975007772446" lon="24.555865013971925">
        <ele>719.42961600000001</ele>
      </trkpt>
      <trkpt lat="-32.301579974591732" lon="24.551151031628251">
        <ele>716.33082400000001</ele>
      </trkpt>
      <trkpt lat="-32.303269011899829" lon="24.549311958253384">
        <ele>714.52699600000005</ele>
      </trkpt>
      <trkpt lat="-32.30148802511394" lon="24.547096034511924">
        <ele>712.72967500000004</ele>
      </trkpt>
      <trkpt lat="-32.307809991762042" lon="24.540251959115267">
        <ele>709.80684599999995</ele>
      </trkpt>
      <trkpt lat="-32.308617001399398" lon="24.541235994547606">
        <ele>709.71804899999995</ele>
      </trkpt>
      <trkpt lat="-32.311821989715099" lon="24.538953015580773">
        <ele>707.09552699999995</ele>
      </trkpt>
      <trkpt lat="-32.315768022090197" lon="24.536538021638989">
        <ele>702.26054299999998</ele>
      </trkpt>
      <trkpt lat="-32.320327023044229" lon="24.53089096583426">
        <ele>695.72847999999999</ele>
      </trkpt>
      <trkpt lat="-32.322374973446131" lon="24.528929013758898">
        <ele>697.10147600000005</ele>
      </trkpt>
      <trkpt lat="-32.323679029941559" lon="24.527009977027774">
        <ele>701.57895699999995</ele>
      </trkpt>
      <trkpt lat="-32.32581197284162" lon="24.520170008763671">
        <ele>716.10528799999997</ele>
      </trkpt>
      <trkpt lat="-32.327229017391801" lon="24.516976000741124">
        <ele>720.51240499999994</ele>
      </trkpt>
      <trkpt lat="-32.33333095908165" lon="24.508851002901793">
        <ele>720.25459000000001</ele>
      </trkpt>
      <trkpt lat="-32.335271034389734" lon="24.507564967498183">
        <ele>721.72202900000002</ele>
      </trkpt>
      <trkpt lat="-32.351033035665751" lon="24.499648008495569">
        <ele>681.66381699999999</ele>
      </trkpt>
      <trkpt lat="-32.374226013198495" lon="24.483159966766834">
        <ele>660.98245299999996</ele>
      </trkpt>
      <trkpt lat="-32.385678961873055" lon="24.477742994204164">
        <ele>651.69333500000005</ele>
      </trkpt>
      <trkpt lat="-32.397404992952943" lon="24.470261977985501">
        <ele>642.77230699999996</ele>
      </trkpt>
      <trkpt lat="-32.398794963955879" lon="24.469773983582854">
        <ele>642.16515500000003</ele>
      </trkpt>
      <trkpt lat="-32.399887964129448" lon="24.469839027151465">
        <ele>642.76031899999998</ele>
      </trkpt>
      <trkpt lat="-32.401031004264951" lon="24.470776962116361">
        <ele>643.58586700000001</ele>
      </trkpt>
      <trkpt lat="-32.41245998069644" lon="24.476600037887692">
        <ele>650.65140199999996</ele>
      </trkpt>
      <trkpt lat="-32.413417026400566" lon="24.476947970688343">
        <ele>650.55553399999997</ele>
      </trkpt>
      <trkpt lat="-32.458362970501184" lon="24.478552015498281">
        <ele>630.41323399999999</ele>
      </trkpt>
      <trkpt lat="-32.477553002536297" lon="24.479696983471513">
        <ele>625.10344899999996</ele>
      </trkpt>
      <trkpt lat="-32.507172971963882" lon="24.492841986939311">
        <ele>614.31751899999995</ele>
      </trkpt>
      <trkpt lat="-32.512391963973641" lon="24.493983015418053">
        <ele>611.788273</ele>
      </trkpt>
      <trkpt lat="-32.515872968360782" lon="24.494476038962603">
        <ele>611.465869</ele>
      </trkpt>
      <trkpt lat="-32.517929971218109" lon="24.496288038790226">
        <ele>611.27212499999996</ele>
      </trkpt>
      <trkpt lat="-32.519941963255405" lon="24.498709989711642">
        <ele>611.26716099999999</ele>
      </trkpt>
      <trkpt lat="-32.520239017903805" lon="24.498645029962063">
        <ele>611.16290900000001</ele>
      </trkpt>
      <trkpt lat="-32.523662019520998" lon="24.48856595903635">
        <ele>607.65007000000003</ele>
      </trkpt>
      <trkpt lat="-32.524432986974716" lon="24.487218987196684">
        <ele>606.20473500000003</ele>
      </trkpt>
      <trkpt lat="-32.524704979732633" lon="24.486614987254143">
        <ele>605.08716700000002</ele>
      </trkpt>
      <trkpt lat="-32.524903966113925" lon="24.483057959005237">
        <ele>605.65788199999997</ele>
      </trkpt>
      <trkpt lat="-32.525258017703891" lon="24.482249021530151">
        <ele>607.65145800000005</ele>
      </trkpt>
      <trkpt lat="-32.525742994621396" lon="24.481873009353876">
        <ele>609.13735799999995</ele>
      </trkpt>
      <trkpt lat="-32.529803020879626" lon="24.481157027184963">
        <ele>612.97967600000004</ele>
      </trkpt>
      <trkpt lat="-32.534699980169535" lon="24.482706002891064">
        <ele>612.79337099999998</ele>
      </trkpt>
      <trkpt lat="-32.540249973535538" lon="24.483018983155489">
        <ele>613.75145499999996</ele>
      </trkpt>
      <trkpt lat="-32.550160987302661" lon="24.481736971065402">
        <ele>617.268011</ele>
      </trkpt>
      <trkpt lat="-32.554378006607294" lon="24.481341009959579">
        <ele>624.02835800000003</ele>
      </trkpt>
      <trkpt lat="-32.567985020577908" lon="24.473090032115579">
        <ele>637.118967</ele>
      </trkpt>
      <trkpt lat="-32.576623996719718" lon="24.467837009578943">
        <ele>639.85391400000003</ele>
      </trkpt>
      <trkpt lat="-32.57789796218276" lon="24.466668991371989">
        <ele>640.32671700000003</ele>
      </trkpt>
      <trkpt lat="-32.609377959743142" lon="24.434524979442358">
        <ele>661.51811999999995</ele>
      </trkpt>
      <trkpt lat="-32.613435974344611" lon="24.430491020902991">
        <ele>658.34131200000002</ele>
      </trkpt>
      <trkpt lat="-32.614558981731534" lon="24.42971502430737">
        <ele>656.890175</ele>
      </trkpt>
      <trkpt lat="-32.621024027466774" lon="24.426402999088168">
        <ele>652.20056699999998</ele>
      </trkpt>
      <trkpt lat="-32.621179008856416" lon="24.426008965820074">
        <ele>652.18327499999998</ele>
      </trkpt>
      <trkpt lat="-32.620840966701508" lon="24.425232969224453">
        <ele>652.14772300000004</ele>
      </trkpt>
      <trkpt lat="-32.620895029976964" lon="24.424910014495254">
        <ele>652.07980299999997</ele>
      </trkpt>
      <trkpt lat="-32.621817961335182" lon="24.424228984862566">
        <ele>651.82013800000004</ele>
      </trkpt>
      <trkpt lat="-32.62211199849844" lon="24.423560025170445">
        <ele>651.95488999999998</ele>
      </trkpt>
      <trkpt lat="-32.622871985659003" lon="24.409713037312031">
        <ele>661.63404000000003</ele>
      </trkpt>
      <trkpt lat="-32.623472968116403" lon="24.405617974698544">
        <ele>662.34204899999997</ele>
      </trkpt>
      <trkpt lat="-32.624624976888299" lon="24.403961040079594">
        <ele>661.80443000000002</ele>
      </trkpt>
      <trkpt lat="-32.625945964828134" lon="24.403050011023879">
        <ele>661.56493799999998</ele>
      </trkpt>
      <trkpt lat="-32.626966964453459" lon="24.4028399605304">
        <ele>661.72832300000005</ele>
      </trkpt>
      <trkpt lat="-32.627686969935894" lon="24.402278959751129">
        <ele>662.56609200000003</ele>
      </trkpt>
      <trkpt lat="-32.628808971494436" lon="24.394685039296746">
        <ele>669.99050599999998</ele>
      </trkpt>
      <trkpt lat="-32.628819029778242" lon="24.393397998064756">
        <ele>671.12087399999996</ele>
      </trkpt>
      <trkpt lat="-32.629129998385906" lon="24.387790001928806">
        <ele>673.42602799999997</ele>
      </trkpt>
      <trkpt lat="-32.630817024037242" lon="24.383351029828191">
        <ele>679.07269199999996</ele>
      </trkpt>
      <trkpt lat="-32.632479993626475" lon="24.380678040906787">
        <ele>686.30719199999999</ele>
      </trkpt>
      <trkpt lat="-32.633441984653473" lon="24.379665004089475">
        <ele>690.309076</ele>
      </trkpt>
      <trkpt lat="-32.635038988664746" lon="24.379028985276818">
        <ele>695.16011800000001</ele>
      </trkpt>
      <trkpt lat="-32.636036016047001" lon="24.378241002559662">
        <ele>698.91215999999997</ele>
      </trkpt>
      <trkpt lat="-32.636834979057312" lon="24.376896964386106">
        <ele>703.54731200000003</ele>
      </trkpt>
      <trkpt lat="-32.637243010103703" lon="24.3758749589324">
        <ele>706.93926999999996</ele>
      </trkpt>
      <trkpt lat="-32.637405032292008" lon="24.374340986832976">
        <ele>709.34995000000004</ele>
      </trkpt>
      <trkpt lat="-32.6379460003227" lon="24.373761964961886">
        <ele>710.41854000000001</ele>
      </trkpt>
      <trkpt lat="-32.675364995375276" lon="24.357840958982706">
        <ele>672.69158400000003</ele>
      </trkpt>
      <trkpt lat="-32.675767997279763" lon="24.355682032182813">
        <ele>672.85911599999997</ele>
      </trkpt>
      <trkpt lat="-32.675730027258396" lon="24.345477987080812">
        <ele>677.14967899999999</ele>
      </trkpt>
      <trkpt lat="-32.676649019122124" lon="24.342950005084276">
        <ele>676.98097600000006</ele>
      </trkpt>
      <trkpt lat="-32.678714990615845" lon="24.342121034860611">
        <ele>677.94403599999998</ele>
      </trkpt>
      <trkpt lat="-32.679958026856184" lon="24.340704996138811">
        <ele>679.96932200000003</ele>
      </trkpt>
      <trkpt lat="-32.695157015696168" lon="24.331925036385655">
        <ele>695.987527</ele>
      </trkpt>
      <trkpt lat="-32.695880960673094" lon="24.331424972042441">
        <ele>696.48983799999996</ele>
      </trkpt>
      <trkpt lat="-32.704900978133082" lon="24.323903974145651">
        <ele>698.28866400000004</ele>
      </trkpt>
      <trkpt lat="-32.706359010189772" lon="24.323072992265224">
        <ele>699.095823</ele>
      </trkpt>
      <trkpt lat="-32.708566971123219" lon="24.322650963440537">
        <ele>700.559618</ele>
      </trkpt>
      <trkpt lat="-32.717639040201902" lon="24.319758033379912">
        <ele>707.21423800000002</ele>
      </trkpt>
      <trkpt lat="-32.719355989247561" lon="24.320688005536795">
        <ele>709.34981500000004</ele>
      </trkpt>
      <trkpt lat="-32.720886021852493" lon="24.321509012952447">
        <ele>709.70875599999999</ele>
      </trkpt>
      <trkpt lat="-32.726319003850222" lon="24.324443014338613">
        <ele>706.63062400000001</ele>
      </trkpt>
      <trkpt lat="-32.727714003995061" lon="24.324345029890537">
        <ele>708.28161299999999</ele>
      </trkpt>
      <trkpt lat="-32.743687983602285" lon="24.31485797278583">
        <ele>734.69023100000004</ele>
      </trkpt>
      <trkpt lat="-32.748113041743636" lon="24.30774400010705">
        <ele>745.42153800000006</ele>
      </trkpt>
      <trkpt lat="-32.754713958129287" lon="24.3089260160923">
        <ele>755.47464600000001</ele>
      </trkpt>
      <trkpt lat="-32.759202970191836" lon="24.310913030058146">
        <ele>760.11887300000001</ele>
      </trkpt>
      <trkpt lat="-32.766333958134055" lon="24.310600971803069">
        <ele>772.06690000000003</ele>
      </trkpt>
      <trkpt lat="-32.767535001039505" lon="24.310916969552636">
        <ele>774.61003800000003</ele>
      </trkpt>
      <trkpt lat="-32.782741030678153" lon="24.322557002305984">
        <ele>816.81093999999996</ele>
      </trkpt>
      <trkpt lat="-32.784335017204285" lon="24.323323024436831">
        <ele>822.05512099999999</ele>
      </trkpt>
      <trkpt lat="-32.786180963739753" lon="24.322837041690946">
        <ele>827.87725899999998</ele>
      </trkpt>
      <trkpt lat="-32.789410008117557" lon="24.320196993649006">
        <ele>835.57962899999995</ele>
      </trkpt>
      <trkpt lat="-32.793106008321047" lon="24.316232018172741">
        <ele>846.80323099999998</ele>
      </trkpt>
      <trkpt lat="-32.794228009879589" lon="24.314783960580826">
        <ele>849.50108699999998</ele>
      </trkpt>
      <trkpt lat="-32.797197969630361" lon="24.305418021976948">
        <ele>837.76685299999997</ele>
      </trkpt>
      <trkpt lat="-32.798217041417956" lon="24.304408002644777">
        <ele>835.76178800000002</ele>
      </trkpt>
      <trkpt lat="-32.799347005784512" lon="24.30376997217536">
        <ele>833.90013899999997</ele>
      </trkpt>
      <trkpt lat="-32.800020994618535" lon="24.303265968337655">
        <ele>832.62934499999994</ele>
      </trkpt>
      <trkpt lat="-32.803176026791334" lon="24.299440970644355">
        <ele>825.63329699999997</ele>
      </trkpt>
      <trkpt lat="-32.804310014471412" lon="24.296648036688566">
        <ele>822.81120999999996</ele>
      </trkpt>
      <trkpt lat="-32.804955001920462" lon="24.295779000967741">
        <ele>821.634007</ele>
      </trkpt>
      <trkpt lat="-32.806169036775827" lon="24.295116998255253">
        <ele>819.30935399999998</ele>
      </trkpt>
      <trkpt lat="-32.807927979156375" lon="24.294841988012195">
        <ele>814.86759099999995</ele>
      </trkpt>
      <trkpt lat="-32.815403966233134" lon="24.292153995484114">
        <ele>800.14728100000002</ele>
      </trkpt>
      <trkpt lat="-32.822373015806079" lon="24.28819396533072">
        <ele>791.456141</ele>
      </trkpt>
      <trkpt lat="-32.831208966672421" lon="24.287604968994856">
        <ele>780.71067300000004</ele>
      </trkpt>
      <trkpt lat="-32.832906972616911" lon="24.287169026210904">
        <ele>777.917373</ele>
      </trkpt>
      <trkpt lat="-32.834112038835883" lon="24.286390012130141">
        <ele>775.43537700000002</ele>
      </trkpt>
      <trkpt lat="-32.835297994315624" lon="24.285047985613346">
        <ele>772.65666199999998</ele>
      </trkpt>
      <trkpt lat="-32.83808003179729" lon="24.281462961807847">
        <ele>763.988609</ele>
      </trkpt>
      <trkpt lat="-32.839226005598903" lon="24.280620999634266">
        <ele>761.34126800000001</ele>
      </trkpt>
      <trkpt lat="-32.850083000957966" lon="24.277710970491171">
        <ele>751.51993300000004</ele>
      </trkpt>
      <trkpt lat="-32.856415025889874" lon="24.274287968873978">
        <ele>750.75366099999997</ele>
      </trkpt>
      <trkpt lat="-32.862650994211435" lon="24.270599009469151">
        <ele>739.66432599999996</ele>
      </trkpt>
      <trkpt lat="-32.863493962213397" lon="24.269805997610092">
        <ele>737.07039099999997</ele>
      </trkpt>
      <trkpt lat="-32.866057986393571" lon="24.267055978998542">
        <ele>726.61057800000003</ele>
      </trkpt>
      <trkpt lat="-32.884986000135541" lon="24.253706960007548">
        <ele>708.941329</ele>
      </trkpt>
      <trkpt lat="-32.887006038799882" lon="24.252914031967521">
        <ele>711.56986500000005</ele>
      </trkpt>
      <trkpt lat="-32.888779984787107" lon="24.252722002565861">
        <ele>712.14895200000001</ele>
      </trkpt>
      <trkpt lat="-32.945491019636393" lon="24.266039002686739">
        <ele>674.17593699999998</ele>
      </trkpt>
      <trkpt lat="-32.948079016059637" lon="24.267303999513388">
        <ele>675.672866</ele>
      </trkpt>
      <trkpt lat="-32.952087996527553" lon="24.271151041612029">
        <ele>676.8329</ele>
      </trkpt>
      <trkpt lat="-33.004207005724311" lon="24.322223989292979">
        <ele>630.42435799999998</ele>
      </trkpt>
      <trkpt lat="-33.006456959992647" lon="24.323504995554686">
        <ele>628.28073199999994</ele>
      </trkpt>
      <trkpt lat="-33.016485990956426" lon="24.32435299269855">
        <ele>618.63307699999996</ele>
      </trkpt>
      <trkpt lat="-33.018024992197752" lon="24.324758006259799">
        <ele>616.936916</ele>
      </trkpt>
      <trkpt lat="-33.018934009596705" lon="24.325472982600331">
        <ele>615.60534800000005</ele>
      </trkpt>
      <trkpt lat="-33.021378004923463" lon="24.329154985025525">
        <ele>611.23860500000001</ele>
      </trkpt>
      <trkpt lat="-33.021188993006945" lon="24.333351971581578">
        <ele>614.15317500000003</ele>
      </trkpt>
      <trkpt lat="-33.020682977512479" lon="24.334350004792213">
        <ele>614.23470199999997</ele>
      </trkpt>
      <trkpt lat="-33.01950397901237" lon="24.335618019104004">
        <ele>614.16233799999998</ele>
      </trkpt>
      <trkpt lat="-33.017729027196765" lon="24.336583027616143">
        <ele>616.04168000000004</ele>
      </trkpt>
      <trkpt lat="-33.019110029563308" lon="24.338162010535598">
        <ele>617.45498699999996</ele>
      </trkpt>
      <trkpt lat="-33.018905008211732" lon="24.338598037138581">
        <ele>617.84748000000002</ele>
      </trkpt>
      <trkpt lat="-33.017687033861876" lon="24.340077023953199">
        <ele>619.43351399999995</ele>
      </trkpt>
      <trkpt lat="-33.018113002181053" lon="24.340654034167528">
        <ele>620.13646200000005</ele>
      </trkpt>
      <trkpt lat="-33.018453978002071" lon="24.340986963361502">
        <ele>620.42255299999999</ele>
      </trkpt>
      <trkpt lat="-33.018887992948294" lon="24.341402035206556">
        <ele>620.42255299999999</ele>
      </trkpt>
      <trkpt lat="-33.018456995487213" lon="24.34205699712038">
        <ele>620.42255299999999</ele>
      </trkpt>
      <trkpt lat="-33.018168993294239" lon="24.34177603572607">
        <ele>620.42255299999999</ele>
      </trkpt>
      <trkpt lat="-33.018168993294239" lon="24.34177603572607">
        <ele>620.03820099999996</ele>
      </trkpt>
      <trkpt lat="-33.017838997766376" lon="24.341452997177839">
        <ele>620.03820099999996</ele>
      </trkpt>
      <trkpt lat="-33.017262993380427" lon="24.340889984741807">
        <ele>619.81952000000001</ele>
      </trkpt>
      <trkpt lat="-33.018008982762694" lon="24.339798996224999">
        <ele>618.86875199999997</ele>
      </trkpt>
      <trkpt lat="-33.018905008211732" lon="24.338598037138581">
        <ele>617.78855699999997</ele>
      </trkpt>
      <trkpt lat="-33.019085973501205" lon="24.338413970544934">
        <ele>617.59824400000002</ele>
      </trkpt>
      <trkpt lat="-33.019053032621741" lon="24.338043993338943">
        <ele>617.33670300000006</ele>
      </trkpt>
      <trkpt lat="-33.018346019089222" lon="24.337301021441817">
        <ele>616.65112899999997</ele>
      </trkpt>
      <trkpt lat="-33.017729027196765" lon="24.336583027616143">
        <ele>616.04373799999996</ele>
      </trkpt>
      <trkpt lat="-33.01885798573494" lon="24.33591297827661">
        <ele>614.84621600000003</ele>
      </trkpt>
      <trkpt lat="-33.020120970904827" lon="24.335135975852609">
        <ele>614.15847499999995</ele>
      </trkpt>
      <trkpt lat="-33.020682977512479" lon="24.334350004792213">
        <ele>614.23151399999995</ele>
      </trkpt>
      <trkpt lat="-33.021188993006945" lon="24.333351971581578">
        <ele>614.10672599999998</ele>
      </trkpt>
      <trkpt lat="-33.021275997161865" lon="24.332156041637063">
        <ele>613.90829799999995</ele>
      </trkpt>
      <trkpt lat="-33.020881041884422" lon="24.330837987363338">
        <ele>612.01941099999999</ele>
      </trkpt>
      <trkpt lat="-33.021122021600604" lon="24.33034404180944">
        <ele>611.21099900000002</ele>
      </trkpt>
      <trkpt lat="-33.021209025755525" lon="24.329800978302956">
        <ele>610.98725300000001</ele>
      </trkpt>
      <trkpt lat="-33.021433996036649" lon="24.329678015783429">
        <ele>611.05128500000001</ele>
      </trkpt>
      <trkpt lat="-33.021164014935493" lon="24.328618040308356">
        <ele>611.29486899999995</ele>
      </trkpt>
      <trkpt lat="-33.020180985331535" lon="24.327354971319437">
        <ele>612.942632</ele>
      </trkpt>
      <trkpt lat="-33.019165014848113" lon="24.325745981186628">
        <ele>615.18671700000004</ele>
      </trkpt>
      <trkpt lat="-33.018452972173691" lon="24.325037961825728">
        <ele>616.33341499999995</ele>
      </trkpt>
      <trkpt lat="-33.016983037814498" lon="24.324422981590033">
        <ele>617.844604</ele>
      </trkpt>
      <trkpt lat="-33.0167549662292" lon="24.324269006028771">
        <ele>617.94372999999996</ele>
      </trkpt>
      <trkpt lat="-33.016638038679957" lon="24.324135985225439">
        <ele>617.95905800000003</ele>
      </trkpt>
      <trkpt lat="-33.015602035447955" lon="24.320253990590572">
        <ele>618.30003099999999</ele>
      </trkpt>
      <trkpt lat="-33.014587992802262" lon="24.316301001235843">
        <ele>621.17643699999996</ele>
      </trkpt>
      <trkpt lat="-33.014182979241014" lon="24.315051008015871">
        <ele>621.61226699999997</ele>
      </trkpt>
      <trkpt lat="-33.012358993291855" lon="24.310625027865171">
        <ele>622.37622099999999</ele>
      </trkpt>
      <trkpt lat="-33.012342983856797" lon="24.310259995982051">
        <ele>622.55462299999999</ele>
      </trkpt>
      <trkpt lat="-33.012556973844767" lon="24.309723973274231">
        <ele>622.91852500000005</ele>
      </trkpt>
      <trkpt lat="-33.015203978866339" lon="24.304440021514893">
        <ele>629.42602899999997</ele>
      </trkpt>
      <trkpt lat="-33.015806972980499" lon="24.302406990900636">
        <ele>630.13907300000005</ele>
      </trkpt>
      <trkpt lat="-33.015876961871982" lon="24.299769960343838">
        <ele>625.88444600000003</ele>
      </trkpt>
      <trkpt lat="-33.015981987118721" lon="24.299003016203642">
        <ele>624.00129800000002</ele>
      </trkpt>
      <trkpt lat="-33.016635021194816" lon="24.298533964902163">
        <ele>622.26994300000001</ele>
      </trkpt>
      <trkpt lat="-33.017405988648534" lon="24.29749796167016">
        <ele>619.96056999999996</ele>
      </trkpt>
      <trkpt lat="-33.018459007143974" lon="24.297329988330603">
        <ele>618.29908799999998</ele>
      </trkpt>
      <trkpt lat="-33.019570028409362" lon="24.297681022435427">
        <ele>616.75219200000004</ele>
      </trkpt>
      <trkpt lat="-33.019811008125544" lon="24.298141021281481">
        <ele>616.35486000000003</ele>
      </trkpt>
      <trkpt lat="-33.020100016146898" lon="24.296707967296243">
        <ele>615.46446200000003</ele>
      </trkpt>
      <trkpt lat="-33.022853974252939" lon="24.282565014436841">
        <ele>636.32204100000001</ele>
      </trkpt>
      <trkpt lat="-33.023901041597128" lon="24.278497025370598">
        <ele>636.59999500000004</ele>
      </trkpt>
      <trkpt lat="-33.026136998087168" lon="24.269962990656495">
        <ele>645.69443100000001</ele>
      </trkpt>
      <trkpt lat="-33.031416004523635" lon="24.249999979510903">
        <ele>661.60288200000002</ele>
      </trkpt>
      <trkpt lat="-33.031998965889215" lon="24.247283991426229">
        <ele>663.15014299999996</ele>
      </trkpt>
      <trkpt lat="-33.032977972179651" lon="24.240760020911694">
        <ele>665.32989999999995</ele>
      </trkpt>
      <trkpt lat="-33.033278966322541" lon="24.236658001318574">
        <ele>665.42368499999998</ele>
      </trkpt>
      <trkpt lat="-33.033679034560919" lon="24.231253014877439">
        <ele>667.28479500000003</ele>
      </trkpt>
      <trkpt lat="-33.034946965053678" lon="24.224167037755251">
        <ele>672.48045300000001</ele>
      </trkpt>
      <trkpt lat="-33.035243013873696" lon="24.221680965274572">
        <ele>674.58296900000005</ele>
      </trkpt>
      <trkpt lat="-33.035220969468355" lon="24.213739028200507">
        <ele>678.42221400000005</ele>
      </trkpt>
      <trkpt lat="-33.035112004727125" lon="24.212717022746801">
        <ele>679.31749600000001</ele>
      </trkpt>
      <trkpt lat="-33.03480003029108" lon="24.211667021736503">
        <ele>680.40213800000004</ele>
      </trkpt>
      <trkpt lat="-33.03346898406744" lon="24.20865498483181">
        <ele>684.163366</ele>
      </trkpt>
      <trkpt lat="-33.033052990213037" lon="24.207504987716675">
        <ele>685.17628999999999</ele>
      </trkpt>
      <trkpt lat="-33.032975038513541" lon="24.206668976694345">
        <ele>685.72750799999994</ele>
      </trkpt>
      <trkpt lat="-33.033454986289144" lon="24.198745982721448">
        <ele>695.90132700000004</ele>
      </trkpt>
      <trkpt lat="-33.034331984817982" lon="24.192122016102076">
        <ele>714.37920899999995</ele>
      </trkpt>
      <trkpt lat="-33.034561984241009" lon="24.189148033037782">
        <ele>715.50469399999997</ele>
      </trkpt>
      <trkpt lat="-33.034744039177895" lon="24.186244960874319">
        <ele>710.901028</ele>
      </trkpt>
      <trkpt lat="-33.034667009487748" lon="24.183080038055778">
        <ele>712.790932</ele>
      </trkpt>
      <trkpt lat="-33.034266019240022" lon="24.177876971662045">
        <ele>719.22804599999995</ele>
      </trkpt>
      <trkpt lat="-33.034243974834681" lon="24.175386959686875">
        <ele>721.52559699999995</ele>
      </trkpt>
      <trkpt lat="-33.03464999422431" lon="24.174495963379741">
        <ele>722.46956599999999</ele>
      </trkpt>
      <trkpt lat="-33.03495199419558" lon="24.174044011160731">
        <ele>723.00522999999998</ele>
      </trkpt>
      <trkpt lat="-33.037831010296941" lon="24.171245964244008">
        <ele>727.56930699999998</ele>
      </trkpt>
      <trkpt lat="-33.038588985800743" lon="24.169182004407048">
        <ele>726.71697400000005</ele>
      </trkpt>
      <trkpt lat="-33.039023000746965" lon="24.167773006483912">
        <ele>725.93607699999995</ele>
      </trkpt>
      <trkpt lat="-33.040912030264735" lon="24.165224991738796">
        <ele>725.11859800000002</ele>
      </trkpt>
      <trkpt lat="-33.041500020772219" lon="24.164313962683082">
        <ele>724.83182099999999</ele>
      </trkpt>
      <trkpt lat="-33.04199798963964" lon="24.163146028295159">
        <ele>724.51560800000004</ele>
      </trkpt>
      <trkpt lat="-33.044394962489605" lon="24.148134961724281">
        <ele>727.76540799999998</ele>
      </trkpt>
      <trkpt lat="-33.046218026429415" lon="24.135739970952272">
        <ele>732.035211</ele>
      </trkpt>
      <trkpt lat="-33.046407038345933" lon="24.132935972884297">
        <ele>734.74093600000003</ele>
      </trkpt>
      <trkpt lat="-33.046820014715195" lon="24.129500985145569">
        <ele>738.00864799999999</ele>
      </trkpt>
      <trkpt lat="-33.046670984476805" lon="24.127707006409764">
        <ele>739.72512900000004</ele>
      </trkpt>
      <trkpt lat="-33.046286003664136" lon="24.125758968293667">
        <ele>742.36955899999998</ele>
      </trkpt>
      <trkpt lat="-33.045920971781015" lon="24.121475983411074">
        <ele>747.80812900000001</ele>
      </trkpt>
      <trkpt lat="-33.046142002567649" lon="24.121043980121613">
        <ele>747.18978400000003</ele>
      </trkpt>
      <trkpt lat="-33.046431010589004" lon="24.120792020112276">
        <ele>746.67002300000001</ele>
      </trkpt>
      <trkpt lat="-33.047418985515833" lon="24.120424976572394">
        <ele>745.05363</ele>
      </trkpt>
      <trkpt lat="-33.048460017889738" lon="24.120111996307969">
        <ele>742.93711499999995</ele>
      </trkpt>
      <trkpt lat="-33.049244983121753" lon="24.119285037741065">
        <ele>742.02537299999995</ele>
      </trkpt>
      <trkpt lat="-33.049933975562453" lon="24.118728982284665">
        <ele>742.15784699999995</ele>
      </trkpt>
      <trkpt lat="-33.050575023517013" lon="24.118423964828253">
        <ele>742.77979100000005</ele>
      </trkpt>
      <trkpt lat="-33.057866021990776" lon="24.115591971203685">
        <ele>765.67067999999995</ele>
      </trkpt>
      <trkpt lat="-33.058361979201436" lon="24.115230040624738">
        <ele>768.57452699999999</ele>
      </trkpt>
      <trkpt lat="-33.059632005169988" lon="24.113816013559699">
        <ele>776.74736099999996</ele>
      </trkpt>
      <trkpt lat="-33.061557998880744" lon="24.111660020425916">
        <ele>782.95188299999995</ele>
      </trkpt>
      <trkpt lat="-33.06242804042995" lon="24.11076701246202">
        <ele>784.986671</ele>
      </trkpt>
      <trkpt lat="-33.062954004853964" lon="24.109997972846031">
        <ele>786.70915300000001</ele>
      </trkpt>
      <trkpt lat="-33.063941979780793" lon="24.109331024810672">
        <ele>789.29285200000004</ele>
      </trkpt>
      <trkpt lat="-33.064530976116657" lon="24.109277967363596">
        <ele>790.94116499999996</ele>
      </trkpt>
      <trkpt lat="-33.06515702046454" lon="24.108831966295838">
        <ele>793.13801599999999</ele>
      </trkpt>
      <trkpt lat="-33.066489994525909" lon="24.107408970594406">
        <ele>799.77283799999998</ele>
      </trkpt>
      <trkpt lat="-33.068443983793259" lon="24.106137016788125">
        <ele>811.15540899999996</ele>
      </trkpt>
      <trkpt lat="-33.068891996517777" lon="24.106336003169417">
        <ele>813.37721199999999</ele>
      </trkpt>
      <trkpt lat="-33.069096012040973" lon="24.106631968170404">
        <ele>814.63307099999997</ele>
      </trkpt>
      <trkpt lat="-33.069562967866659" lon="24.108500964939594">
        <ele>817.34506999999996</ele>
      </trkpt>
      <trkpt lat="-33.069854993373156" lon="24.108974039554596">
        <ele>815.13852299999996</ele>
      </trkpt>
      <trkpt lat="-33.070761999115348" lon="24.109923038631678">
        <ele>808.49893899999995</ele>
      </trkpt>
      <trkpt lat="-33.072006041184068" lon="24.110877988860011">
        <ele>796.33389399999999</ele>
      </trkpt>
      <trkpt lat="-33.072750018909574" lon="24.111633030697703">
        <ele>790.22002399999997</ele>
      </trkpt>
      <trkpt lat="-33.073976039886475" lon="24.112066039815545">
        <ele>782.62599299999999</ele>
      </trkpt>
      <trkpt lat="-33.074623961001635" lon="24.112088000401855">
        <ele>779.10612200000003</ele>
      </trkpt>
      <trkpt lat="-33.075727019459009" lon="24.111788012087345">
        <ele>773.60264800000004</ele>
      </trkpt>
      <trkpt lat="-33.076219037175179" lon="24.111871998757124">
        <ele>771.572498</ele>
      </trkpt>
      <trkpt lat="-33.076711976900697" lon="24.111853977665305">
        <ele>769.55546300000003</ele>
      </trkpt>
      <trkpt lat="-33.077193014323711" lon="24.111373024061322">
        <ele>766.95165099999997</ele>
      </trkpt>
      <trkpt lat="-33.078659009188414" lon="24.110555034130812">
        <ele>760.09251700000004</ele>
      </trkpt>
      <trkpt lat="-33.080309992656112" lon="24.109605029225349">
        <ele>751.80726800000002</ele>
      </trkpt>
      <trkpt lat="-33.080824976786971" lon="24.109146036207676">
        <ele>749.54731700000002</ele>
      </trkpt>
      <trkpt lat="-33.083359999582171" lon="24.106317982077599">
        <ele>739.04038200000002</ele>
      </trkpt>
      <trkpt lat="-33.084082016721368" lon="24.105897964909673">
        <ele>736.97365600000001</ele>
      </trkpt>
      <trkpt lat="-33.089178968220949" lon="24.103225981816649">
        <ele>724.47690499999999</ele>
      </trkpt>
      <trkpt lat="-33.08915700763464" lon="24.101118016988039">
        <ele>722.52405499999998</ele>
      </trkpt>
      <trkpt lat="-33.089597979560494" lon="24.100058041512966">
        <ele>721.92332199999998</ele>
      </trkpt>
      <trkpt lat="-33.090194016695023" lon="24.099588990211487">
        <ele>721.551875</ele>
      </trkpt>
      <trkpt lat="-33.090497022494674" lon="24.099567029625177">
        <ele>721.48109599999998</ele>
      </trkpt>
      <trkpt lat="-33.090882003307343" lon="24.099364019930363">
        <ele>721.85940900000003</ele>
      </trkpt>
      <trkpt lat="-33.089582975953817" lon="24.096073033288121">
        <ele>725.56928500000004</ele>
      </trkpt>
      <trkpt lat="-33.0896529648453" lon="24.095538016408682">
        <ele>726.59985900000004</ele>
      </trkpt>
      <trkpt lat="-33.089685989543796" lon="24.09506100229919">
        <ele>727.55303400000003</ele>
      </trkpt>
      <trkpt lat="-33.090256964787841" lon="24.094031034037471">
        <ele>730.05127800000002</ele>
      </trkpt>
      <trkpt lat="-33.090663990005851" lon="24.091936983168125">
        <ele>735.57446800000002</ele>
      </trkpt>
      <trkpt lat="-33.091610977426171" lon="24.0876470413059">
        <ele>745.54556600000001</ele>
      </trkpt>
      <trkpt lat="-33.092363001778722" lon="24.085490964353085">
        <ele>750.45413699999995</ele>
      </trkpt>
      <trkpt lat="-33.092470038682222" lon="24.084297968074679">
        <ele>753.32326399999999</ele>
      </trkpt>
      <trkpt lat="-33.0926179792732" lon="24.082279019057751">
        <ele>759.992074</ele>
      </trkpt>
      <trkpt lat="-33.093329016119242" lon="24.077190030366182">
        <ele>778.79123900000002</ele>
      </trkpt>
      <trkpt lat="-33.093420965597034" lon="24.075232017785311">
        <ele>783.86402899999996</ele>
      </trkpt>
      <trkpt lat="-33.093199012801051" lon="24.072555005550385">
        <ele>789.81742299999996</ele>
      </trkpt>
      <trkpt lat="-33.092070976272225" lon="24.069184977561235">
        <ele>795.51778000000002</ele>
      </trkpt>
      <trkpt lat="-33.09175699017942" lon="24.068544013425708">
        <ele>795.94094500000006</ele>
      </trkpt>
      <trkpt lat="-33.090457962825894" lon="24.066944997757673">
        <ele>797.04779199999996</ele>
      </trkpt>
      <trkpt lat="-33.088827012106776" lon="24.062239984050393">
        <ele>800.91175699999997</ele>
      </trkpt>
      <trkpt lat="-33.088403977453709" lon="24.060483975335956">
        <ele>804.21277199999997</ele>
      </trkpt>
      <trkpt lat="-33.088055960834026" lon="24.057237999513745">
        <ele>809.43285400000002</ele>
      </trkpt>
      <trkpt lat="-33.087919000536203" lon="24.056868022307754">
        <ele>809.442047</ele>
      </trkpt>
      <trkpt lat="-33.087911959737539" lon="24.056310039013624">
        <ele>809.45470699999998</ele>
      </trkpt>
      <trkpt lat="-33.087705010548234" lon="24.055665973573923">
        <ele>809.47033599999997</ele>
      </trkpt>
      <trkpt lat="-33.08780400082469" lon="24.052203996106982">
        <ele>806.46238600000004</ele>
      </trkpt>
      <trkpt lat="-33.087902991101146" lon="24.049767963588238">
        <ele>804.86701500000004</ele>
      </trkpt>
      <trkpt lat="-33.087618006393313" lon="24.044138006865978">
        <ele>805.85168999999996</ele>
      </trkpt>
      <trkpt lat="-33.087779022753239" lon="24.043129999190569">
        <ele>806.62727199999995</ele>
      </trkpt>
      <trkpt lat="-33.087873989716172" lon="24.040251988917589">
        <ele>809.302998</ele>
      </trkpt>
      <trkpt lat="-33.086893977597356" lon="24.038204960525036">
        <ele>810.68336099999999</ele>
      </trkpt>
      <trkpt lat="-33.085078038275242" lon="24.035037020221353">
        <ele>813.94661099999996</ele>
      </trkpt>
      <trkpt lat="-33.084897994995117" lon="24.034490017220378">
        <ele>814.72008400000004</ele>
      </trkpt>
      <trkpt lat="-33.084844015538692" lon="24.032542984932661">
        <ele>817.12640299999998</ele>
      </trkpt>
      <trkpt lat="-33.084757011383772" lon="24.031199030578136">
        <ele>818.01512400000001</ele>
      </trkpt>
      <trkpt lat="-33.085111984983087" lon="24.030724028125405">
        <ele>818.43842800000004</ele>
      </trkpt>
      <trkpt lat="-33.085647001862526" lon="24.030482964590192">
        <ele>818.87844099999995</ele>
      </trkpt>
      <trkpt lat="-33.085791002959013" lon="24.030148023739457">
        <ele>819.12206800000001</ele>
      </trkpt>
      <trkpt lat="-33.085846994072199" lon="24.02923003770411">
        <ele>819.68978800000002</ele>
      </trkpt>
      <trkpt lat="-33.085612971335649" lon="24.028150029480457">
        <ele>819.46276499999999</ele>
      </trkpt>
      <trkpt lat="-33.083771970123053" lon="24.0269769821316">
        <ele>816.35236099999997</ele>
      </trkpt>
      <trkpt lat="-33.082975018769503" lon="24.02603100053966">
        <ele>813.91192999999998</ele>
      </trkpt>
      <trkpt lat="-33.080825982615352" lon="24.024078017100692">
        <ele>808.15222600000004</ele>
      </trkpt>
      <trkpt lat="-33.07908003218472" lon="24.023119965568185">
        <ele>803.73394900000005</ele>
      </trkpt>
      <trkpt lat="-33.078769985586405" lon="24.022859958931804">
        <ele>802.75875499999995</ele>
      </trkpt>
      <trkpt lat="-33.078106977045536" lon="24.022023025900126">
        <ele>800.04491599999994</ele>
      </trkpt>
      <trkpt lat="-33.0775579623878" lon="24.021747009828687">
        <ele>798.35660099999996</ele>
      </trkpt>
      <trkpt lat="-33.075658958405256" lon="24.020299036055803">
        <ele>790.43377199999998</ele>
      </trkpt>
      <trkpt lat="-33.074432015419006" lon="24.019867032766342">
        <ele>784.96410300000002</ele>
      </trkpt>
      <trkpt lat="-33.073901021853089" lon="24.018818037584424">
        <ele>780.54879100000005</ele>
      </trkpt>
      <trkpt lat="-33.073246981948614" lon="24.016659026965499">
        <ele>774.34987799999999</ele>
      </trkpt>
      <trkpt lat="-33.072276022285223" lon="24.01571799069643">
        <ele>771.70155299999999</ele>
      </trkpt>
      <trkpt lat="-33.071341020986438" lon="24.014167003333569">
        <ele>768.98996399999999</ele>
      </trkpt>
      <trkpt lat="-33.070883033797145" lon="24.013713961467147">
        <ele>768.06941300000005</ele>
      </trkpt>
      <trkpt lat="-33.070764010772109" lon="24.013148015365005">
        <ele>767.32563600000003</ele>
      </trkpt>
      <trkpt lat="-33.070764010772109" lon="24.011168964207172">
        <ele>764.85236399999997</ele>
      </trkpt>
      <trkpt lat="-33.07033896446228" lon="24.010055009275675">
        <ele>763.28197999999998</ele>
      </trkpt>
      <trkpt lat="-33.070020033046603" lon="24.008907023817301">
        <ele>761.66923899999995</ele>
      </trkpt>
      <trkpt lat="-33.069897992536426" lon="24.008534029126167">
        <ele>761.13853600000004</ele>
      </trkpt>
      <trkpt lat="-33.069748040288687" lon="24.00796003639698">
        <ele>760.33844599999998</ele>
      </trkpt>
      <trkpt lat="-33.069162983447313" lon="24.006855972111225">
        <ele>758.59949200000005</ele>
      </trkpt>
      <trkpt lat="-33.068822007626295" lon="24.00581200607121">
        <ele>757.31153800000004</ele>
      </trkpt>
      <trkpt lat="-33.06816503405571" lon="24.002027995884418">
        <ele>753.15816199999995</ele>
      </trkpt>
      <trkpt lat="-33.067548964172602" lon="24.000801974907517">
        <ele>751.81888400000003</ele>
      </trkpt>
      <trkpt lat="-33.067351989448071" lon="24.000107031315565">
        <ele>751.03337699999997</ele>
      </trkpt>
      <trkpt lat="-33.066828036680818" lon="23.999187033623457">
        <ele>749.80224099999998</ele>
      </trkpt>
      <trkpt lat="-33.066754024475813" lon="23.999020988121629">
        <ele>749.59589400000004</ele>
      </trkpt>
      <trkpt lat="-33.066639024764299" lon="23.998298970982432">
        <ele>748.59077100000002</ele>
      </trkpt>
      <trkpt lat="-33.065387019887567" lon="23.995482986792922">
        <ele>744.04286200000001</ele>
      </trkpt>
      <trkpt lat="-33.065356006845832" lon="23.994469027966261">
        <ele>742.80760899999996</ele>
      </trkpt>
      <trkpt lat="-33.065805025398731" lon="23.993465965613723">
        <ele>741.711455</ele>
      </trkpt>
      <trkpt lat="-33.065807037055492" lon="23.99302901700139">
        <ele>741.28857700000003</ele>
      </trkpt>
      <trkpt lat="-33.064162004739046" lon="23.986550979316235">
        <ele>731.34697200000005</ele>
      </trkpt>
      <trkpt lat="-33.063233960419893" lon="23.982728999108076">
        <ele>727.56719099999998</ele>
      </trkpt>
      <trkpt lat="-33.062917040660977" lon="23.978317016735673">
        <ele>723.757294</ele>
      </trkpt>
      <trkpt lat="-33.063175035640597" lon="23.9751520100981">
        <ele>721.35243100000002</ele>
      </trkpt>
      <trkpt lat="-33.06311703287065" lon="23.965777019038796">
        <ele>709.54834400000004</ele>
      </trkpt>
      <trkpt lat="-33.063282994553447" lon="23.96333696320653">
        <ele>706.23180400000001</ele>
      </trkpt>
      <trkpt lat="-33.063342003151774" lon="23.961469978094101">
        <ele>704.65959199999998</ele>
      </trkpt>
      <trkpt lat="-33.063649032264948" lon="23.959414986893535">
        <ele>703.66947600000003</ele>
      </trkpt>
      <trkpt lat="-33.063704017549753" lon="23.958029039204121">
        <ele>703.93581800000004</ele>
      </trkpt>
      <trkpt lat="-33.063519028946757" lon="23.956925980746746">
        <ele>704.30188199999998</ele>
      </trkpt>
      <trkpt lat="-33.063351977616549" lon="23.956530019640923">
        <ele>704.03999899999997</ele>
      </trkpt>
      <trkpt lat="-33.068695021793246" lon="23.945302041247487">
        <ele>696.071236</ele>
      </trkpt>
      <trkpt lat="-33.069142028689384" lon="23.944118013605475">
        <ele>694.73315400000001</ele>
      </trkpt>
      <trkpt lat="-33.077274989336729" lon="23.92154898494482">
        <ele>666.79705899999999</ele>
      </trkpt>
      <trkpt lat="-33.077544970437884" lon="23.921087980270386">
        <ele>666.27637200000004</ele>
      </trkpt>
      <trkpt lat="-33.077885024249554" lon="23.920827973634005">
        <ele>665.83271999999999</ele>
      </trkpt>
      <trkpt lat="-33.078485000878572" lon="23.920500995591283">
        <ele>664.984328</ele>
      </trkpt>
      <trkpt lat="-33.078993028029799" lon="23.920273007825017">
        <ele>664.14969699999995</ele>
      </trkpt>
      <trkpt lat="-33.079957030713558" lon="23.919462980702519">
        <ele>662.60413700000004</ele>
      </trkpt>
      <trkpt lat="-33.080481989309192" lon="23.91875596717">
        <ele>662.41144199999997</ele>
      </trkpt>
      <trkpt lat="-33.081427970901132" lon="23.917043041437864">
        <ele>663.000452</ele>
      </trkpt>
      <trkpt lat="-33.08174598030746" lon="23.916971040889621">
        <ele>663.27620000000002</ele>
      </trkpt>
      <trkpt lat="-33.083938015624881" lon="23.917584009468555">
        <ele>664.01164800000004</ele>
      </trkpt>
      <trkpt lat="-33.08535497635603" lon="23.917746031656861">
        <ele>662.62983499999996</ele>
      </trkpt>
      <trkpt lat="-33.086569011211395" lon="23.917733039706945">
        <ele>661.05412100000001</ele>
      </trkpt>
      <trkpt lat="-33.088560970500112" lon="23.917404972016811">
        <ele>658.238562</ele>
      </trkpt>
      <trkpt lat="-33.090356960892677" lon="23.916616989299655">
        <ele>656.80881599999998</ele>
      </trkpt>
      <trkpt lat="-33.093762025237083" lon="23.913933020085096">
        <ele>658.65097800000001</ele>
      </trkpt>
      <trkpt lat="-33.094052039086819" lon="23.913677036762238">
        <ele>658.73176100000001</ele>
      </trkpt>
      <trkpt lat="-33.095032973214984" lon="23.912415979430079">
        <ele>658.63532099999998</ele>
      </trkpt>
      <trkpt lat="-33.096043998375535" lon="23.910208018496633">
        <ele>655.97218799999996</ele>
      </trkpt>
      <trkpt lat="-33.097884999588132" lon="23.906419984996319">
        <ele>652.81165899999996</ele>
      </trkpt>
      <trkpt lat="-33.098421022295952" lon="23.905755970627069">
        <ele>652.35038999999995</ele>
      </trkpt>
      <trkpt lat="-33.098787982016802" lon="23.905601995065808">
        <ele>652.11748899999998</ele>
      </trkpt>
      <trkpt lat="-33.102005962282419" lon="23.906086971983314">
        <ele>655.070514</ele>
      </trkpt>
      <trkpt lat="-33.102858988568187" lon="23.906098958104849">
        <ele>656.335148</ele>
      </trkpt>
      <trkpt lat="-33.103590980172157" lon="23.905690005049109">
        <ele>656.48340900000005</ele>
      </trkpt>
      <trkpt lat="-33.10615299269557" lon="23.903304012492299">
        <ele>655.55716299999995</ele>
      </trkpt>
      <trkpt lat="-33.109105015173554" lon="23.900402029976249">
        <ele>652.96966999999995</ele>
      </trkpt>
      <trkpt lat="-33.112228028476238" lon="23.896184004843235">
        <ele>649.32912299999998</ele>
      </trkpt>
      <trkpt lat="-33.113217009231448" lon="23.895284961909056">
        <ele>650.27277200000003</ele>
      </trkpt>
      <trkpt lat="-33.114964971318841" lon="23.893788959830999">
        <ele>650.68717100000003</ele>
      </trkpt>
      <trkpt lat="-33.115753959864378" lon="23.893285961821675">
        <ele>649.72479299999998</ele>
      </trkpt>
      <trkpt lat="-33.116886019706726" lon="23.892618007957935">
        <ele>648.08361300000001</ele>
      </trkpt>
      <trkpt lat="-33.117930991575122" lon="23.892237972468138">
        <ele>646.70687499999997</ele>
      </trkpt>
      <trkpt lat="-33.122345991432667" lon="23.890998037531972">
        <ele>643.27548999999999</ele>
      </trkpt>
      <trkpt lat="-33.125486019998789" lon="23.890922013670206">
        <ele>643.32069000000001</ele>
      </trkpt>
      <trkpt lat="-33.125963034108281" lon="23.890495039522648">
        <ele>643.30934500000001</ele>
      </trkpt>
      <trkpt lat="-33.126250030472875" lon="23.88934101909399">
        <ele>643.29571699999997</ele>
      </trkpt>
      <trkpt lat="-33.128408035263419" lon="23.885858003050089">
        <ele>647.95621000000006</ele>
      </trkpt>
      <trkpt lat="-33.130571991205215" lon="23.882576990872622">
        <ele>642.32743600000003</ele>
      </trkpt>
      <trkpt lat="-33.131034001708031" lon="23.881464963778853">
        <ele>641.259591</ele>
      </trkpt>
      <trkpt lat="-33.131198035553098" lon="23.880687961354852">
        <ele>640.75570900000002</ele>
      </trkpt>
      <trkpt lat="-33.132518017664552" lon="23.867879994213581">
        <ele>645.54367999999999</ele>
      </trkpt>
      <trkpt lat="-33.132467977702618" lon="23.866145024076104">
        <ele>643.48163699999998</ele>
      </trkpt>
      <trkpt lat="-33.132043015211821" lon="23.864134037867188">
        <ele>638.82405600000004</ele>
      </trkpt>
      <trkpt lat="-33.131223013624549" lon="23.860018020495772">
        <ele>628.83574299999998</ele>
      </trkpt>
      <trkpt lat="-33.131308006122708" lon="23.857922041788697">
        <ele>626.58114399999999</ele>
      </trkpt>
      <trkpt lat="-33.134588012471795" lon="23.845858974382281">
        <ele>625.68766400000004</ele>
      </trkpt>
      <trkpt lat="-33.135783020406961" lon="23.841729965060949">
        <ele>621.10031200000003</ele>
      </trkpt>
      <trkpt lat="-33.136158026754856" lon="23.841078020632267">
        <ele>620.30045500000006</ele>
      </trkpt>
      <trkpt lat="-33.136646021157503" lon="23.840660015121102">
        <ele>619.80416200000002</ele>
      </trkpt>
      <trkpt lat="-33.137468034401536" lon="23.840272016823292">
        <ele>619.32902799999999</ele>
      </trkpt>
      <trkpt lat="-33.13816599547863" lon="23.840128015726805">
        <ele>618.92653900000005</ele>
      </trkpt>
      <trkpt lat="-33.139057997614145" lon="23.839807994663715">
        <ele>618.27376000000004</ele>
      </trkpt>
      <trkpt lat="-33.14007899723947" lon="23.839744040742517">
        <ele>617.48835799999995</ele>
      </trkpt>
      <trkpt lat="-33.142186962068081" lon="23.839948978275061">
        <ele>615.545749</ele>
      </trkpt>
      <trkpt lat="-33.142872015014291" lon="23.840302024036646">
        <ele>614.88651200000004</ele>
      </trkpt>
      <trkpt lat="-33.143907012417912" lon="23.841115990653634">
        <ele>613.86542999999995</ele>
      </trkpt>
      <trkpt lat="-33.151708971709013" lon="23.850762974470854">
        <ele>608.17278499999998</ele>
      </trkpt>
      <trkpt lat="-33.15713600255549" lon="23.856004010885954">
        <ele>605.47586999999999</ele>
      </trkpt>
      <trkpt lat="-33.158946996554732" lon="23.857335979118943">
        <ele>604.808854</ele>
      </trkpt>
      <trkpt lat="-33.159940000623465" lon="23.857504958286881">
        <ele>603.663453</ele>
      </trkpt>
      <trkpt lat="-33.160752039402723" lon="23.857266996055841">
        <ele>602.24092499999995</ele>
      </trkpt>
      <trkpt lat="-33.166284011676908" lon="23.854244984686375">
        <ele>603.31177200000002</ele>
      </trkpt>
      <trkpt lat="-33.166642002761364" lon="23.853870984166861">
        <ele>604.50295400000005</ele>
      </trkpt>
      <trkpt lat="-33.168082013726234" lon="23.851191960275173">
        <ele>611.28105600000004</ele>
      </trkpt>
      <trkpt lat="-33.169067976996303" lon="23.849433017894626">
        <ele>610.99530700000003</ele>
      </trkpt>
      <trkpt lat="-33.174649989232421" lon="23.839182034134865">
        <ele>593.69337800000005</ele>
      </trkpt>
      <trkpt lat="-33.174943020567298" lon="23.838561018928885">
        <ele>594.35154199999999</ele>
      </trkpt>
      <trkpt lat="-33.175539979711175" lon="23.836560007184744">
        <ele>595.66458</ele>
      </trkpt>
      <trkpt lat="-33.17630298435688" lon="23.836951022967696">
        <ele>596.00683400000003</ele>
      </trkpt>
      <trkpt lat="-33.176227966323495" lon="23.835889035835862">
        <ele>596.31464800000003</ele>
      </trkpt>
      <trkpt lat="-33.176833977922797" lon="23.833295004442334">
        <ele>596.73950500000001</ele>
      </trkpt>
      <trkpt lat="-33.178237024694681" lon="23.828550009056926">
        <ele>597.92738699999995</ele>
      </trkpt>
      <trkpt lat="-33.178000990301371" lon="23.827606039121747">
        <ele>598.33398199999999</ele>
      </trkpt>
      <trkpt lat="-33.181908968836069" lon="23.814815003424883">
        <ele>609.48175000000003</ele>
      </trkpt>
      <trkpt lat="-33.18276803009212" lon="23.812130028381944">
        <ele>611.31023500000003</ele>
      </trkpt>
      <trkpt lat="-33.183066006749868" lon="23.81137196905911">
        <ele>611.80911100000003</ele>
      </trkpt>
      <trkpt lat="-33.184026991948485" lon="23.809874039143324">
        <ele>612.89326400000004</ele>
      </trkpt>
      <trkpt lat="-33.184664016589522" lon="23.80930901505053">
        <ele>613.10194799999999</ele>
      </trkpt>
      <trkpt lat="-33.18590696901083" lon="23.80862102843821">
        <ele>613.33781399999998</ele>
      </trkpt>
      <trkpt lat="-33.187094014137983" lon="23.808375019580126">
        <ele>613.51039000000003</ele>
      </trkpt>
      <trkpt lat="-33.187939999625087" lon="23.808412989601493">
        <ele>613.43397700000003</ele>
      </trkpt>
      <trkpt lat="-33.190129017457366" lon="23.809260986745358">
        <ele>612.81915800000002</ele>
      </trkpt>
      <trkpt lat="-33.19342402741313" lon="23.810865031555295">
        <ele>616.30653099999995</ele>
      </trkpt>
      <trkpt lat="-33.194433962926269" lon="23.81113400682807">
        <ele>618.29362100000003</ele>
      </trkpt>
      <trkpt lat="-33.194962022826076" lon="23.810517014935613">
        <ele>619.37121400000001</ele>
      </trkpt>
      <trkpt lat="-33.19609098136425" lon="23.809468019753695">
        <ele>620.857349</ele>
      </trkpt>
      <trkpt lat="-33.197337035089731" lon="23.80877299234271">
        <ele>621.41518099999996</ele>
      </trkpt>
      <trkpt lat="-33.199218017980456" lon="23.807978974655271">
        <ele>622.12201300000004</ele>
      </trkpt>
      <trkpt lat="-33.202503975480795" lon="23.806894021108747">
        <ele>623.50766099999998</ele>
      </trkpt>
      <trkpt lat="-33.204047000035644" lon="23.806175021454692">
        <ele>625.09273199999996</ele>
      </trkpt>
      <trkpt lat="-33.208437021821737" lon="23.804610036313534">
        <ele>630.08225100000004</ele>
      </trkpt>
      <trkpt lat="-33.214370990172029" lon="23.801915002986789">
        <ele>634.86349099999995</ele>
      </trkpt>
      <trkpt lat="-33.214916987344623" lon="23.802180038765073">
        <ele>634.98235599999998</ele>
      </trkpt>
      <trkpt lat="-33.215118991211057" lon="23.80269200541079">
        <ele>635.07573300000001</ele>
      </trkpt>
      <trkpt lat="-33.217310020700097" lon="23.801093995571136">
        <ele>636.86659699999996</ele>
      </trkpt>
      <trkpt lat="-33.218492958694696" lon="23.800296960398555">
        <ele>638.00059999999996</ele>
      </trkpt>
      <trkpt lat="-33.219352019950747" lon="23.799155009910464">
        <ele>638.60042199999998</ele>
      </trkpt>
      <trkpt lat="-33.220730004832149" lon="23.795551965013146">
        <ele>640.90097900000001</ele>
      </trkpt>
      <trkpt lat="-33.220868976786733" lon="23.794858027249575">
        <ele>641.43367899999998</ele>
      </trkpt>
      <trkpt lat="-33.221283964812756" lon="23.791931988671422">
        <ele>643.38661500000001</ele>
      </trkpt>
      <trkpt lat="-33.221229985356331" lon="23.79029500298202">
        <ele>644.39082699999994</ele>
      </trkpt>
      <trkpt lat="-33.221417991444468" lon="23.789721010252833">
        <ele>644.95729600000004</ele>
      </trkpt>
      <trkpt lat="-33.224749965593219" lon="23.786049988120794">
        <ele>653.22786299999996</ele>
      </trkpt>
      <trkpt lat="-33.230685023590922" lon="23.775398014113307">
        <ele>669.81520999999998</ele>
      </trkpt>
      <trkpt lat="-33.237251993268728" lon="23.763406025245786">
        <ele>681.73150299999998</ele>
      </trkpt>
      <trkpt lat="-33.236759975552559" lon="23.76120300963521">
        <ele>682.30580099999997</ele>
      </trkpt>
      <trkpt lat="-33.237514011561871" lon="23.741861013695598">
        <ele>692.21984699999996</ele>
      </trkpt>
      <trkpt lat="-33.237417032942176" lon="23.740664999932051">
        <ele>692.91370500000005</ele>
      </trkpt>
      <trkpt lat="-33.23609696701169" lon="23.73383198864758">
        <ele>699.42088899999999</ele>
      </trkpt>
      <trkpt lat="-33.235913990065455" lon="23.732814006507397">
        <ele>699.963481</ele>
      </trkpt>
      <trkpt lat="-33.234335007146001" lon="23.709757989272475">
        <ele>695.34041200000001</ele>
      </trkpt>
      <trkpt lat="-33.241641009226441" lon="23.670734027400613">
        <ele>717.77945299999999</ele>
      </trkpt>
      <trkpt lat="-33.242770973592997" lon="23.665816029533744">
        <ele>721.14718800000003</ele>
      </trkpt>
      <trkpt lat="-33.245095023885369" lon="23.655914990231395">
        <ele>722.474064</ele>
      </trkpt>
      <trkpt lat="-33.245189990848303" lon="23.654736997559667">
        <ele>722.30194600000004</ele>
      </trkpt>
      <trkpt lat="-33.244913974776864" lon="23.653472000733018">
        <ele>722.54019800000003</ele>
      </trkpt>
      <trkpt lat="-33.243650989606977" lon="23.648269018158317">
        <ele>724.69961999999998</ele>
      </trkpt>
      <trkpt lat="-33.243452003225684" lon="23.646775027737021">
        <ele>725.25931400000002</ele>
      </trkpt>
      <trkpt lat="-33.24520600028336" lon="23.633426008746028">
        <ele>729.46999300000004</ele>
      </trkpt>
      <trkpt lat="-33.245456032454967" lon="23.632668033242226">
        <ele>729.96448199999998</ele>
      </trkpt>
      <trkpt lat="-33.251462001353502" lon="23.620905037969351">
        <ele>741.66706999999997</ele>
      </trkpt>
      <trkpt lat="-33.251889981329441" lon="23.619202002882957">
        <ele>744.39864599999999</ele>
      </trkpt>
      <trkpt lat="-33.251899033784866" lon="23.61834897659719">
        <ele>745.76824599999998</ele>
      </trkpt>
      <trkpt lat="-33.251546993851662" lon="23.616643007844687">
        <ele>748.42796399999997</ele>
      </trkpt>
      <trkpt lat="-33.249126970767975" lon="23.612401010468602">
        <ele>750.35478699999999</ele>
      </trkpt>
      <trkpt lat="-33.248564964160323" lon="23.610838958993554">
        <ele>750.75465999999994</ele>
      </trkpt>
      <trkpt lat="-33.248273022472858" lon="23.6093670129776">
        <ele>752.46549000000005</ele>
      </trkpt>
      <trkpt lat="-33.248179983347654" lon="23.607146982103586">
        <ele>756.15079600000001</ele>
      </trkpt>
      <trkpt lat="-33.248890014365315" lon="23.601433960720897">
        <ele>766.163004</ele>
      </trkpt>
      <trkpt lat="-33.251975979655981" lon="23.577682999894023">
        <ele>785.57447200000001</ele>
      </trkpt>
      <trkpt lat="-33.253654958680272" lon="23.564545959234238">
        <ele>790.29470700000002</ele>
      </trkpt>
      <trkpt lat="-33.255350030958652" lon="23.551601031795144">
        <ele>787.061284</ele>
      </trkpt>
      <trkpt lat="-33.256319984793663" lon="23.546928036957979">
        <ele>787.41058199999998</ele>
      </trkpt>
      <trkpt lat="-33.257267978042364" lon="23.543503023684025">
        <ele>788.04206899999997</ele>
      </trkpt>
      <trkpt lat="-33.258625008165836" lon="23.53737099096179">
        <ele>789.90838900000006</ele>
      </trkpt>
      <trkpt lat="-33.265375038608909" lon="23.516434002667665">
        <ele>800.05463699999996</ele>
      </trkpt>
      <trkpt lat="-33.270993009209633" lon="23.502028025686741">
        <ele>801.91036599999995</ele>
      </trkpt>
      <trkpt lat="-33.273242963477969" lon="23.503131000325084">
        <ele>805.40771299999994</ele>
      </trkpt>
      <trkpt lat="-33.273412026464939" lon="23.503094036132097">
        <ele>805.72545700000001</ele>
      </trkpt>
      <trkpt lat="-33.27345997095108" lon="23.502998985350132">
        <ele>805.88770399999999</ele>
      </trkpt>
      <trkpt lat="-33.275136016309261" lon="23.498357003554702">
        <ele>809.23881100000006</ele>
      </trkpt>
      <trkpt lat="-33.277153037488461" lon="23.495770012959838">
        <ele>813.62903100000005</ele>
      </trkpt>
      <trkpt lat="-33.279960975050926" lon="23.495861040428281">
        <ele>818.30451500000004</ele>
      </trkpt>
      <trkpt lat="-33.279988970607519" lon="23.494992004707456">
        <ele>818.63188100000002</ele>
      </trkpt>
      <trkpt lat="-33.281212979927659" lon="23.495021006092429">
        <ele>817.85270000000003</ele>
      </trkpt>
      <trkpt lat="-33.281577005982399" lon="23.494557989761233">
        <ele>817.480501</ele>
      </trkpt>
      <trkpt lat="-33.281588992103934" lon="23.494135038927197">
        <ele>816.95796199999995</ele>
      </trkpt>
      <trkpt lat="-33.282629018649459" lon="23.494169991463423">
        <ele>815.05125799999996</ele>
      </trkpt>
      <trkpt lat="-33.282599011436105" lon="23.493801020085812">
        <ele>814.48326699999996</ele>
      </trkpt>
      <trkpt lat="-33.282490968704224" lon="23.493321994319558">
        <ele>814.03354000000002</ele>
      </trkpt>
      <trkpt lat="-33.283669967204332" lon="23.493054024875164">
        <ele>813.61568899999997</ele>
      </trkpt>
      <trkpt lat="-33.283562008291483" lon="23.492284985259175">
        <ele>813.86001599999997</ele>
      </trkpt>
      <trkpt lat="-33.285839036107063" lon="23.491780981421471">
        <ele>818.31203900000003</ele>
      </trkpt>
      <trkpt lat="-33.288835985586047" lon="23.491978961974382">
        <ele>824.18580399999996</ele>
      </trkpt>
      <trkpt lat="-33.288853000849485" lon="23.491264991462231">
        <ele>825.41282200000001</ele>
      </trkpt>
      <trkpt lat="-33.290257975459099" lon="23.491289969533682">
        <ele>828.20500900000002</ele>
      </trkpt>
      <trkpt lat="-33.290556035935879" lon="23.491071034222841">
        <ele>828.84460000000001</ele>
      </trkpt>
      <trkpt lat="-33.291778033599257" lon="23.491128031164408">
        <ele>830.87754099999995</ele>
      </trkpt>
      <trkpt lat="-33.291845005005598" lon="23.4905119612813">
        <ele>831.25635999999997</ele>
      </trkpt>
      <trkpt lat="-33.293230030685663" lon="23.49059502594173">
        <ele>832.00064999999995</ele>
      </trkpt>
      <trkpt lat="-33.294441970065236" lon="23.490646993741393">
        <ele>831.70371299999999</ele>
      </trkpt>
      <trkpt lat="-33.294466026127338" lon="23.489852976053953">
        <ele>831.76925200000005</ele>
      </trkpt>
      <trkpt lat="-33.295654999092221" lon="23.489906033501029">
        <ele>832.24759700000004</ele>
      </trkpt>
      <trkpt lat="-33.295692969113588" lon="23.488311963155866">
        <ele>832.35057099999995</ele>
      </trkpt>
      <trkpt lat="-33.293989012017846" lon="23.487322982400656">
        <ele>829.09970999999996</ele>
      </trkpt>
      <trkpt lat="-33.295730017125607" lon="23.487063981592655">
        <ele>830.51385100000005</ele>
      </trkpt>
      <trkpt lat="-33.295654999092221" lon="23.489906033501029">
        <ele>832.95505600000001</ele>
      </trkpt>
      <trkpt lat="-33.295354004949331" lon="23.501868015155196">
        <ele>853.04055500000004</ele>
      </trkpt>
      <trkpt lat="-33.311940031126142" lon="23.503550011664629">
        <ele>879.18867599999999</ele>
      </trkpt>
      <trkpt lat="-33.314807983115315" lon="23.501238031312823">
        <ele>878.25678200000004</ele>
      </trkpt>
      <trkpt lat="-33.314678985625505" lon="23.499341038987041">
        <ele>878.02461800000003</ele>
      </trkpt>
      <trkpt lat="-33.315384993329644" lon="23.498400002717972">
        <ele>878.76111700000001</ele>
      </trkpt>
      <trkpt lat="-33.32046995870769" lon="23.497075997292995">
        <ele>888.05484100000001</ele>
      </trkpt>
      <trkpt lat="-33.329583015292883" lon="23.502813996747136">
        <ele>908.54080699999997</ele>
      </trkpt>
      <trkpt lat="-33.33456002175808" lon="23.50258600898087">
        <ele>918.72080000000005</ele>
      </trkpt>
      <trkpt lat="-33.336942996829748" lon="23.50411000661552">
        <ele>925.53948400000002</ele>
      </trkpt>
      <trkpt lat="-33.338351994752884" lon="23.502647029235959">
        <ele>930.72404400000005</ele>
      </trkpt>
      <trkpt lat="-33.345053996890783" lon="23.517898991703987">
        <ele>969.65492800000004</ele>
      </trkpt>
      <trkpt lat="-33.349485006183386" lon="23.519280999898911">
        <ele>984.03227100000004</ele>
      </trkpt>
      <trkpt lat="-33.351218970492482" lon="23.520941035822034">
        <ele>993.74562000000003</ele>
      </trkpt>
      <trkpt lat="-33.355456022545695" lon="23.53462097235024">
        <ele>1049.1132239999999</ele>
      </trkpt>
      <trkpt lat="-33.36086000315845" lon="23.538075992837548">
        <ele>1051.849134</ele>
      </trkpt>
      <trkpt lat="-33.362548034638166" lon="23.548764009028673">
        <ele>1027.68677</ele>
      </trkpt>
      <trkpt lat="-33.365483963862062" lon="23.553897002711892">
        <ele>1025.274476</ele>
      </trkpt>
      <trkpt lat="-33.36797297000885" lon="23.554929988458753">
        <ele>1026.6028329999999</ele>
      </trkpt>
      <trkpt lat="-33.380720000714064" lon="23.544165026396513">
        <ele>1040.5818810000001</ele>
      </trkpt>
      <trkpt lat="-33.400866994634271" lon="23.538050008937716">
        <ele>1099.3140269999999</ele>
      </trkpt>
      <trkpt lat="-33.401889000087976" lon="23.538330970332026">
        <ele>1109.1079769999999</ele>
      </trkpt>
      <trkpt lat="-33.403951032087207" lon="23.54145398363471">
        <ele>1130.1849970000001</ele>
      </trkpt>
      <trkpt lat="-33.404900031164289" lon="23.54074495844543">
        <ele>1125.4750509999999</ele>
      </trkpt>
      <trkpt lat="-33.405836038291454" lon="23.537715990096331">
        <ele>1114.1301269999999</ele>
      </trkpt>
      <trkpt lat="-33.406929960474372" lon="23.536975029855967">
        <ele>1109.070422</ele>
      </trkpt>
      <trkpt lat="-33.408002005890012" lon="23.537979014217854">
        <ele>1105.7427359999999</ele>
      </trkpt>
      <trkpt lat="-33.410436026751995" lon="23.546704994514585">
        <ele>1111.9508330000001</ele>
      </trkpt>
      <trkpt lat="-33.411556016653776" lon="23.551703039556742">
        <ele>1109.8409770000001</ele>
      </trkpt>
      <trkpt lat="-33.417055970057845" lon="23.564877966418862">
        <ele>1095.342797</ele>
      </trkpt>
      <trkpt lat="-33.420249978080392" lon="23.56912499293685">
        <ele>1094.87628</ele>
      </trkpt>
      <trkpt lat="-33.430228969082236" lon="23.575802017003298">
        <ele>1070.9305730000001</ele>
      </trkpt>
      <trkpt lat="-33.443375984206796" lon="23.581681000068784">
        <ele>1057.0231329999999</ele>
      </trkpt>
      <trkpt lat="-33.448413005098701" lon="23.585173990577459">
        <ele>1052.3771850000001</ele>
      </trkpt>
      <trkpt lat="-33.450063988566399" lon="23.587481025606394">
        <ele>1052.8591220000001</ele>
      </trkpt>
      <trkpt lat="-33.453786978498101" lon="23.594742016866803">
        <ele>1060.1117549999999</ele>
      </trkpt>
      <trkpt lat="-33.45956102013588" lon="23.596933968365192">
        <ele>1097.210493</ele>
      </trkpt>
      <trkpt lat="-33.462110962718725" lon="23.597596976906061">
        <ele>1105.9765030000001</ele>
      </trkpt>
      <trkpt lat="-33.463673014193773" lon="23.599089039489627">
        <ele>1111.555014</ele>
      </trkpt>
      <trkpt lat="-33.464834997430444" lon="23.601715005934238">
        <ele>1121.3076169999999</ele>
      </trkpt>
      <trkpt lat="-33.470693025738001" lon="23.608514992520213">
        <ele>1136.8240109999999</ele>
      </trkpt>
      <trkpt lat="-33.471285039559007" lon="23.613453023135662">
        <ele>1151.2214409999999</ele>
      </trkpt>
      <trkpt lat="-33.471296019852161" lon="23.61373096704483">
        <ele>1150.8779589999999</ele>
      </trkpt>
      <trkpt lat="-33.471730034798384" lon="23.616993958130479">
        <ele>1139.486549</ele>
      </trkpt>
      <trkpt lat="-33.472397988662124" lon="23.619021959602833">
        <ele>1128.3947169999999</ele>
      </trkpt>
      <trkpt lat="-33.473747977986932" lon="23.619929971173406">
        <ele>1117.446244</ele>
      </trkpt>
      <trkpt lat="-33.486570026725531" lon="23.617926025763154">
        <ele>1062.626364</ele>
      </trkpt>
      <trkpt lat="-33.488885024562478" lon="23.615530980750918">
        <ele>1054.104315</ele>
      </trkpt>
      <trkpt lat="-33.490739017724991" lon="23.608669973909855">
        <ele>1036.257314</ele>
      </trkpt>
      <trkpt lat="-33.492233008146286" lon="23.57245503924787">
        <ele>977.08884799999998</ele>
      </trkpt>
      <trkpt lat="-33.489422975108027" lon="23.562366999685764">
        <ele>960.16003999999998</ele>
      </trkpt>
      <trkpt lat="-33.485756982117891" lon="23.542668018490076">
        <ele>914.36280999999997</ele>
      </trkpt>
      <trkpt lat="-33.489575022831559" lon="23.525989037007093">
        <ele>889.04881899999998</ele>
      </trkpt>
      <trkpt lat="-33.49516499787569" lon="23.517456008121371">
        <ele>873.47932900000001</ele>
      </trkpt>
      <trkpt lat="-33.498691013082862" lon="23.506519971415401">
        <ele>873.04413199999999</ele>
      </trkpt>
      <trkpt lat="-33.498852029442787" lon="23.50213598459959">
        <ele>871.09229200000004</ele>
      </trkpt>
      <trkpt lat="-33.498525973409414" lon="23.487499002367258">
        <ele>849.29153199999996</ele>
      </trkpt>
      <trkpt lat="-33.500134963542223" lon="23.483467977494001">
        <ele>845.474873</ele>
      </trkpt>
      <trkpt lat="-33.500004960224032" lon="23.481566961854696">
        <ele>843.92134599999997</ele>
      </trkpt>
      <trkpt lat="-33.495725998654962" lon="23.469525016844273">
        <ele>838.62478499999997</ele>
      </trkpt>
      <trkpt lat="-33.496236959472299" lon="23.462912030518055">
        <ele>823.81316700000002</ele>
      </trkpt>
      <trkpt lat="-33.499158974736929" lon="23.454031990841031">
        <ele>841.38225499999999</ele>
      </trkpt>
      <trkpt lat="-33.501874962821603" lon="23.447817983105779">
        <ele>857.334745</ele>
      </trkpt>
      <trkpt lat="-33.50438098423183" lon="23.444934021681547">
        <ele>872.39777200000003</ele>
      </trkpt>
      <trkpt lat="-33.512216974049807" lon="23.442092975601554">
        <ele>909.13022799999999</ele>
      </trkpt>
      <trkpt lat="-33.516528038308024" lon="23.442693036049604">
        <ele>917.504503</ele>
      </trkpt>
      <trkpt lat="-33.521081004291773" lon="23.440689006820321">
        <ele>949.71097199999997</ele>
      </trkpt>
      <trkpt lat="-33.52359096519649" lon="23.444737968966365">
        <ele>973.72589800000003</ele>
      </trkpt>
      <trkpt lat="-33.523500021547079" lon="23.448993964120746">
        <ele>999.74095999999997</ele>
      </trkpt>
      <trkpt lat="-33.531211959198117" lon="23.450199030339718">
        <ele>1049.8378849999999</ele>
      </trkpt>
      <trkpt lat="-33.531771032139659" lon="23.450058968737721">
        <ele>1050.371721</ele>
      </trkpt>
      <trkpt lat="-33.532790020108223" lon="23.448854992166162">
        <ele>1049.3880380000001</ele>
      </trkpt>
      <trkpt lat="-33.534441003575921" lon="23.446055017411709">
        <ele>1039.7475300000001</ele>
      </trkpt>
      <trkpt lat="-33.53615703061223" lon="23.439395008608699">
        <ele>1018.005583</ele>
      </trkpt>
      <trkpt lat="-33.536330033093691" lon="23.437777971848845">
        <ele>1016.381768</ele>
      </trkpt>
      <trkpt lat="-33.540290985256433" lon="23.431587014347315">
        <ele>1021.312246</ele>
      </trkpt>
      <trkpt lat="-33.54131399653852" lon="23.430593004450202">
        <ele>1023.155855</ele>
      </trkpt>
      <trkpt lat="-33.545994032174349" lon="23.426616964861751">
        <ele>1025.2435350000001</ele>
      </trkpt>
      <trkpt lat="-33.548388993367553" lon="23.42283203266561">
        <ele>1026.888328</ele>
      </trkpt>
      <trkpt lat="-33.553190985694528" lon="23.417688980698586">
        <ele>1033.1565639999999</ele>
      </trkpt>
      <trkpt lat="-33.556177038699389" lon="23.408063035458326">
        <ele>1006.834531</ele>
      </trkpt>
      <trkpt lat="-33.558736033737659" lon="23.394176987931132">
        <ele>963.80226900000002</ele>
      </trkpt>
      <trkpt lat="-33.559671035036445" lon="23.387238029390574">
        <ele>952.81290300000001</ele>
      </trkpt>
      <trkpt lat="-33.562290966510773" lon="23.384324982762337">
        <ele>962.87780599999996</ele>
      </trkpt>
      <trkpt lat="-33.564498005434871" lon="23.379459958523512">
        <ele>980.19359999999995</ele>
      </trkpt>
      <trkpt lat="-33.565481035038829" lon="23.374864999204874">
        <ele>999.00128299999994</ele>
      </trkpt>
      <trkpt lat="-33.566420981660485" lon="23.367279963567853">
        <ele>1010.717951</ele>
      </trkpt>
      <trkpt lat="-33.56804103590548" lon="23.362843003123999">
        <ele>999.18949999999995</ele>
      </trkpt>
      <trkpt lat="-33.569318018853664" lon="23.361354041844606">
        <ele>997.34863600000006</ele>
      </trkpt>
      <trkpt lat="-33.579805037006736" lon="23.356032958254218">
        <ele>1006.033718</ele>
      </trkpt>
      <trkpt lat="-33.588391961529851" lon="23.35128603503108">
        <ele>1005.1207470000001</ele>
      </trkpt>
      <trkpt lat="-33.590132966637611" lon="23.349315030500293">
        <ele>1010.762701</ele>
      </trkpt>
      <trkpt lat="-33.587857028469443" lon="23.341948008164763">
        <ele>1019.088675</ele>
      </trkpt>
      <trkpt lat="-33.586023990064859" lon="23.329477999359369">
        <ele>1029.1254610000001</ele>
      </trkpt>
      <trkpt lat="-33.57962298206985" lon="23.299534991383553">
        <ele>1015.374055</ele>
      </trkpt>
      <trkpt lat="-33.580423034727573" lon="23.288844963535666">
        <ele>1017.962375</ele>
      </trkpt>
      <trkpt lat="-33.580554965883493" lon="23.286490989848971">
        <ele>1016.55596</ele>
      </trkpt>
      <trkpt lat="-33.581173969432712" lon="23.278374960646033">
        <ele>1004.989542</ele>
      </trkpt>
      <trkpt lat="-33.584215007722378" lon="23.272166987881064">
        <ele>994.09484499999996</ele>
      </trkpt>
      <trkpt lat="-33.588200015947223" lon="23.2669120375067">
        <ele>985.61047499999995</ele>
      </trkpt>
      <trkpt lat="-33.590078987181187" lon="23.263185024261475">
        <ele>980.72826999999995</ele>
      </trkpt>
      <trkpt lat="-33.593385983258486" lon="23.245382029563189">
        <ele>977.28076799999997</ele>
      </trkpt>
      <trkpt lat="-33.591048019006848" lon="23.232205007225275">
        <ele>964.75517300000001</ele>
      </trkpt>
      <trkpt lat="-33.593382965773344" lon="23.22048501111567">
        <ele>980.68383600000004</ele>
      </trkpt>
      <trkpt lat="-33.593840030953288" lon="23.217838006094098">
        <ele>971.39893700000005</ele>
      </trkpt>
      <trkpt lat="-33.592346962541342" lon="23.210894018411636">
        <ele>968.33625600000005</ele>
      </trkpt>
      <trkpt lat="-33.591779004782438" lon="23.192466991022229">
        <ele>967.69324300000005</ele>
      </trkpt>
      <trkpt lat="-33.589629968628287" lon="23.188260030001402">
        <ele>954.69316000000003</ele>
      </trkpt>
      <trkpt lat="-33.580668959766626" lon="23.18028699606657">
        <ele>924.44493799999998</ele>
      </trkpt>
      <trkpt lat="-33.576385974884033" lon="23.172688968479633">
        <ele>908.91274399999998</ele>
      </trkpt>
      <trkpt lat="-33.575877025723457" lon="23.167797038331628">
        <ele>913.48898199999996</ele>
      </trkpt>
      <trkpt lat="-33.582498980686069" lon="23.165921000763774">
        <ele>950.58311600000002</ele>
      </trkpt>
      <trkpt lat="-33.58363900333643" lon="23.164590038359165">
        <ele>945.86190099999999</ele>
      </trkpt>
      <trkpt lat="-33.585607996210456" lon="23.159640021622181">
        <ele>920.53783299999998</ele>
      </trkpt>
      <trkpt lat="-33.589862985536456" lon="23.154080975800753">
        <ele>899.62448099999995</ele>
      </trkpt>
      <trkpt lat="-33.591377008706331" lon="23.15287197008729">
        <ele>897.61711600000001</ele>
      </trkpt>
      <trkpt lat="-33.604166032746434" lon="23.147819023579359">
        <ele>862.17520300000001</ele>
      </trkpt>
      <trkpt lat="-33.619152037426829" lon="23.14030003733933">
        <ele>847.53126799999995</ele>
      </trkpt>
      <trkpt lat="-33.621675996109843" lon="23.138160975649953">
        <ele>834.71113100000002</ele>
      </trkpt>
      <trkpt lat="-33.629579041153193" lon="23.128094980493188">
        <ele>834.60814000000005</ele>
      </trkpt>
      <trkpt lat="-33.632972035557032" lon="23.127934969961643">
        <ele>840.65048899999999</ele>
      </trkpt>
      <trkpt lat="-33.635922968387604" lon="23.129957020282745">
        <ele>822.60279100000002</ele>
      </trkpt>
      <trkpt lat="-33.639117982238531" lon="23.129787035286427">
        <ele>801.00660300000004</ele>
      </trkpt>
      <trkpt lat="-33.63963296636939" lon="23.131724009290338">
        <ele>794.31478200000004</ele>
      </trkpt>
      <trkpt lat="-33.638057000935078" lon="23.134615011513233">
        <ele>788.25322900000003</ele>
      </trkpt>
      <trkpt lat="-33.638213993981481" lon="23.136202963069081">
        <ele>779.77996099999996</ele>
      </trkpt>
      <trkpt lat="-33.639420988038182" lon="23.136876029893756">
        <ele>769.94748800000002</ele>
      </trkpt>
      <trkpt lat="-33.640351966023445" lon="23.136314023286104">
        <ele>762.28718700000002</ele>
      </trkpt>
      <trkpt lat="-33.641989035531878" lon="23.134057028219104">
        <ele>748.37114399999996</ele>
      </trkpt>
      <trkpt lat="-33.642266979441047" lon="23.13521197065711">
        <ele>742.78114100000005</ele>
      </trkpt>
      <trkpt lat="-33.642276031896472" lon="23.13768002204597">
        <ele>731.37432200000001</ele>
      </trkpt>
      <trkpt lat="-33.64296100102365" lon="23.138232976198196">
        <ele>728.87965799999995</ele>
      </trkpt>
      <trkpt lat="-33.649605000391603" lon="23.134698998183012">
        <ele>730.268553</ele>
      </trkpt>
      <trkpt lat="-33.655221965163946" lon="23.134548040106893">
        <ele>730.43670999999995</ele>
      </trkpt>
      <trkpt lat="-33.654835978522897" lon="23.131398959085345">
        <ele>733.86122799999998</ele>
      </trkpt>
      <trkpt lat="-33.657132033258677" lon="23.126954035833478">
        <ele>738.78233799999998</ele>
      </trkpt>
      <trkpt lat="-33.657588008791208" lon="23.127257041633129">
        <ele>741.12173900000005</ele>
      </trkpt>
      <trkpt lat="-33.658194020390511" lon="23.126127999275923">
        <ele>746.04803500000003</ele>
      </trkpt>
      <trkpt lat="-33.658494092524052" lon="23.125465242192149" />
      <trkpt lat="-33.658976554870605" lon="23.12446117401123" />
      <trkpt lat="-33.659126758575439" lon="23.124268054962158" />
      <trkpt lat="-33.65985631942749" lon="23.123903274536133" />
      <trkpt lat="-33.660585880279541" lon="23.123538494110107" />
      <trkpt lat="-33.66135835647583" lon="23.123173713684082" />
      <trkpt lat="-33.6611008644104" lon="23.122293949127197" />
      <trkpt lat="-33.66135835647583" lon="23.122165203094482" />
      <trkpt lat="-33.661530017852783" lon="23.121993541717529" />
      <trkpt lat="-33.661680221557617" lon="23.121778964996338" />
      <trkpt lat="-33.661766052246094" lon="23.121542930603027" />
      <trkpt lat="-33.661808967590332" lon="23.121285438537598" />
      <trkpt lat="-33.661787509918213" lon="23.121092319488525" />
      <trkpt lat="-33.661766052246094" lon="23.120963573455811" />
      <trkpt lat="-33.661379814147949" lon="23.119783401489258" />
      <trkpt lat="-33.661787509918213" lon="23.119590282440186" />
      <trkpt lat="-33.662495613098145" lon="23.119246959686279" />
      <trkpt lat="-33.661551475524902" lon="23.116285800933838" />
      <trkpt lat="-33.662023544311523" lon="23.116049766540527" />
      <trkpt lat="-33.662517070770264" lon="23.115813732147217" />
      <trkpt lat="-33.662989139556885" lon="23.115577697753906" />
      <trkpt lat="-33.663277728483081" lon="23.116505490615964" />
      <trkpt lat="-33.663289546966553" lon="23.116543292999268" />
      <trkpt lat="-33.663825988769531" lon="23.11697244644165" />
      <trkpt lat="-33.663976192474365" lon="23.11699390411377" />
      <trkpt lat="-33.664898872375488" lon="23.117637634277344" />
      <trkpt lat="-33.66560697555542" lon="23.117809295654297" />
      <trkpt lat="-33.666057586669922" lon="23.117830753326416" />
      <trkpt lat="-33.666229248046875" lon="23.117873668670654" />
      <trkpt lat="-33.666701316833496" lon="23.118045330047607" />
      <trkpt lat="-33.667259216308594" lon="23.118324279785156" />
      <trkpt lat="-33.667452335357666" lon="23.118324279785156" />
      <trkpt lat="-33.667623996734619" lon="23.118367195129395" />
      <trkpt lat="-33.667709827423096" lon="23.118903636932373" />
      <trkpt lat="-33.667752742767334" lon="23.11898946762085" />
      <trkpt lat="-33.66809606552124" lon="23.119354248046875" />
      <trkpt lat="-33.668246269226074" lon="23.119461536407471" />
      <trkpt lat="-33.6686110496521" lon="23.119525909423828" />
      <trkpt lat="-33.669190406799316" lon="23.119783401489258" />
      <trkpt lat="-33.669319152832031" lon="23.119933605194092" />
      <trkpt lat="-33.669490814208984" lon="23.120169639587402" />
      <trkpt lat="-33.669576644897461" lon="23.120212554931641" />
      <trkpt lat="-33.669705390930176" lon="23.120169639587402" />
      <trkpt lat="-33.669941425323486" lon="23.119826316833496" />
      <trkpt lat="-33.670156002044678" lon="23.119654655456543" />
      <trkpt lat="-33.670434951782227" lon="23.119633197784424" />
      <trkpt lat="-33.670971393585205" lon="23.11948299407959" />
      <trkpt lat="-33.671143054962158" lon="23.119311332702637" />
      <trkpt lat="-33.67133617401123" lon="23.119053840637207" />
      <trkpt lat="-33.67185115814209" lon="23.118002414703369" />
      <trkpt lat="-33.672151565551758" lon="23.116757869720459" />
      <trkpt lat="-33.67234468460083" lon="23.11572790145874" />
      <trkpt lat="-33.672730922698975" lon="23.114697933197021" />
      <trkpt lat="-33.672966957092285" lon="23.11398983001709" />
      <trkpt lat="-33.673095703125" lon="23.11373233795166" />
      <trkpt lat="-33.673181533813477" lon="23.113667964935303" />
      <trkpt lat="-33.673396110534668" lon="23.113560676574707" />
      <trkpt lat="-33.674039840698242" lon="23.113603591918945" />
      <trkpt lat="-33.674318790435791" lon="23.113539218902588" />
      <trkpt lat="-33.674426078796387" lon="23.11347484588623" />
      <trkpt lat="-33.675456047058105" lon="23.112316131591797" />
      <trkpt lat="-33.675606250762939" lon="23.112187385559082" />
      <trkpt lat="-33.676013946533203" lon="23.112101554870605" />
      <trkpt lat="-33.676528930664063" lon="23.112144470214844" />
      <trkpt lat="-33.67682933807373" lon="23.112423419952393" />
      <trkpt lat="-33.676872253417969" lon="23.11248779296875" />
      <trkpt lat="-33.677644729614258" lon="23.112959861755371" />
      <trkpt lat="-33.677859306335449" lon="23.113431930541992" />
      <trkpt lat="-33.678352832794189" lon="23.114182949066162" />
      <trkpt lat="-33.678932189941406" lon="23.115212917327881" />
      <trkpt lat="-33.679018020629883" lon="23.115277290344238" />
      <trkpt lat="-33.679318428039551" lon="23.115255832672119" />
      <trkpt lat="-33.679447174072266" lon="23.115277290344238" />
      <trkpt lat="-33.679897785186768" lon="23.115470409393311" />
      <trkpt lat="-33.680026531219482" lon="23.115642070770264" />
      <trkpt lat="-33.680112361907959" lon="23.115899562835693" />
      <trkpt lat="-33.680219650268555" lon="23.116800785064697" />
      <trkpt lat="-33.680434226989746" lon="23.117616176605225" />
      <trkpt lat="-33.680605888366699" lon="23.118195533752441" />
      <trkpt lat="-33.680691719055176" lon="23.118646144866943" />
      <trkpt lat="-33.680820465087891" lon="23.11898946762085" />
      <trkpt lat="-33.681035041809082" lon="23.119440078735352" />
      <trkpt lat="-33.681120872497559" lon="23.1197190284729" />
      <trkpt lat="-33.681228160858154" lon="23.120534420013428" />
      <trkpt lat="-33.681228160858154" lon="23.121242523193359" />
      <trkpt lat="-33.681292533874512" lon="23.121435642242432" />
      <trkpt lat="-33.681421279907227" lon="23.121628761291504" />
      <trkpt lat="-33.681893348693848" lon="23.122057914733887" />
      <trkpt lat="-33.682129383087158" lon="23.122422695159912" />
      <trkpt lat="-33.682172298431396" lon="23.122594356536865" />
      <trkpt lat="-33.682215213775635" lon="23.123195171356201" />
      <trkpt lat="-33.682365417480469" lon="23.123559951782227" />
      <trkpt lat="-33.682537078857422" lon="23.123667240142822" />
      <trkpt lat="-33.683009147644043" lon="23.123860359191895" />
      <trkpt lat="-33.683180809020996" lon="23.123989105224609" />
      <trkpt lat="-33.684146404266357" lon="23.124847412109375" />
      <trkpt lat="-33.68457555770874" lon="23.125426769256592" />
      <trkpt lat="-33.68483304977417" lon="23.125684261322021" />
      <trkpt lat="-33.685133457183838" lon="23.125898838043213" />
      <trkpt lat="-33.685219287872314" lon="23.126006126403809" />
      <trkpt lat="-33.685433864593506" lon="23.126542568206787" />
      <trkpt lat="-33.68558406829834" lon="23.12671422958374" />
      <trkpt lat="-33.68582010269165" lon="23.126885890960693" />
      <trkpt lat="-33.686099052429199" lon="23.12720775604248" />
      <trkpt lat="-33.686549663543701" lon="23.12746524810791" />
      <trkpt lat="-33.686699867248535" lon="23.127486705780029" />
      <trkpt lat="-33.687129020690918" lon="23.127336502075195" />
      <trkpt lat="-33.687343597412109" lon="23.127443790435791" />
      <trkpt lat="-33.687450885772705" lon="23.127744197845459" />
      <trkpt lat="-33.687601089477539" lon="23.128237724304199" />
      <trkpt lat="-33.688158988952637" lon="23.128838539123535" />
      <trkpt lat="-33.688309192657471" lon="23.128859996795654" />
      <trkpt lat="-33.688673973083496" lon="23.12870979309082" />
      <trkpt lat="-33.688845634460449" lon="23.128688335418701" />
      <trkpt lat="-33.688995838165283" lon="23.128752708435059" />
      <trkpt lat="-33.689146041870117" lon="23.128902912139893" />
      <trkpt lat="-33.689553737640381" lon="23.129353523254395" />
      <trkpt lat="-33.689789772033691" lon="23.12971830368042" />
      <trkpt lat="-33.689854145050049" lon="23.129932880401611" />
      <trkpt lat="-33.689854145050049" lon="23.130640983581543" />
      <trkpt lat="-33.690047264099121" lon="23.131048679351807" />
      <trkpt lat="-33.690133094787598" lon="23.131949901580811" />
      <trkpt lat="-33.690261840820313" lon="23.132336139678955" />
      <trkpt lat="-33.690519332885742" lon="23.13270092010498" />
      <trkpt lat="-33.690948486328125" lon="23.132979869842529" />
      <trkpt lat="-33.691356182098389" lon="23.133366107940674" />
      <trkpt lat="-33.691785335540771" lon="23.133816719055176" />
      <trkpt lat="-33.692128658294678" lon="23.134117126464844" />
      <trkpt lat="-33.692514896392822" lon="23.135082721710205" />
      <trkpt lat="-33.69257926940918" lon="23.135640621185303" />
      <trkpt lat="-33.692450523376465" lon="23.13596248626709" />
      <trkpt lat="-33.692278861999512" lon="23.136091232299805" />
      <trkpt lat="-33.691527843475342" lon="23.136305809020996" />
      <trkpt lat="-33.691442012786865" lon="23.136305809020996" />
      <trkpt lat="-33.691291809082031" lon="23.136241436004639" />
      <trkpt lat="-33.690755367279053" lon="23.135833740234375" />
      <trkpt lat="-33.690540790557861" lon="23.135769367218018" />
      <trkpt lat="-33.690283298492432" lon="23.135769367218018" />
      <trkpt lat="-33.689811229705811" lon="23.135941028594971" />
      <trkpt lat="-33.689596652984619" lon="23.135855197906494" />
      <trkpt lat="-33.689424991607666" lon="23.135747909545898" />
      <trkpt lat="-33.689339160919189" lon="23.135747909545898" />
      <trkpt lat="-33.689188957214355" lon="23.135855197906494" />
      <trkpt lat="-33.68908166885376" lon="23.136391639709473" />
      <trkpt lat="-33.689231872558594" lon="23.136970996856689" />
      <trkpt lat="-33.689553737640381" lon="23.137485980987549" />
      <trkpt lat="-33.689811229705811" lon="23.137829303741455" />
      <trkpt lat="-33.690369129180908" lon="23.139052391052246" />
      <trkpt lat="-33.690733909606934" lon="23.139653205871582" />
      <trkpt lat="-33.691055774688721" lon="23.140747547149658" />
      <trkpt lat="-33.69131326675415" lon="23.141241073608398" />
      <trkpt lat="-33.691892623901367" lon="23.142292499542236" />
      <trkpt lat="-33.692150115966797" lon="23.142828941345215" />
      <trkpt lat="-33.692257404327393" lon="23.143129348754883" />
      <trkpt lat="-33.69232177734375" lon="23.14345121383667" />
      <trkpt lat="-33.692622184753418" lon="23.143773078918457" />
      <trkpt lat="-33.69307279586792" lon="23.143987655639648" />
      <trkpt lat="-33.693137168884277" lon="23.144116401672363" />
      <trkpt lat="-33.693351745605469" lon="23.144738674163818" />
      <trkpt lat="-33.693952560424805" lon="23.145468235015869" />
      <trkpt lat="-33.694016933441162" lon="23.145596981048584" />
      <trkpt lat="-33.694124221801758" lon="23.146090507507324" />
      <trkpt lat="-33.694210052490234" lon="23.146755695343018" />
      <trkpt lat="-33.694446086883545" lon="23.1471848487854" />
      <trkpt lat="-33.694703578948975" lon="23.147292137145996" />
      <trkpt lat="-33.694789409637451" lon="23.147377967834473" />
      <trkpt lat="-33.694853782653809" lon="23.147485256195068" />
      <trkpt lat="-33.695003986358643" lon="23.148708343505859" />
      <trkpt lat="-33.695089817047119" lon="23.149116039276123" />
      <trkpt lat="-33.695390224456787" lon="23.149652481079102" />
      <trkpt lat="-33.695518970489502" lon="23.149781227111816" />
      <trkpt lat="-33.695647716522217" lon="23.149802684783936" />
      <trkpt lat="-33.695840835571289" lon="23.149759769439697" />
      <trkpt lat="-33.696141242980957" lon="23.149588108062744" />
      <trkpt lat="-33.696677684783936" lon="23.148901462554932" />
      <trkpt lat="-33.696978092193604" lon="23.148043155670166" />
      <trkpt lat="-33.697021007537842" lon="23.147807121276855" />
      <trkpt lat="-33.697106838226318" lon="23.147635459899902" />
      <trkpt lat="-33.698244094848633" lon="23.146884441375732" />
      <trkpt lat="-33.69856595993042" lon="23.14669132232666" />
      <trkpt lat="-33.698716163635254" lon="23.146648406982422" />
      <trkpt lat="-33.698780536651611" lon="23.146648406982422" />
      <trkpt lat="-33.69882345199585" lon="23.147056102752686" />
      <trkpt lat="-33.699016571044922" lon="23.147635459899902" />
      <trkpt lat="-33.699402809143066" lon="23.148150444030762" />
      <trkpt lat="-33.699746131896973" lon="23.148837089538574" />
      <trkpt lat="-33.700132369995117" lon="23.149309158325195" />
      <trkpt lat="-33.700389862060547" lon="23.149480819702148" />
      <trkpt lat="-33.701012134552002" lon="23.149738311767578" />
      <trkpt lat="-33.702836036682129" lon="23.150317668914795" />
      <trkpt lat="-33.703587055206299" lon="23.150510787963867" />
      <trkpt lat="-33.704102039337158" lon="23.150489330291748" />
      <trkpt lat="-33.705368041992188" lon="23.150360584259033" />
      <trkpt lat="-33.706011772155762" lon="23.150360584259033" />
      <trkpt lat="-33.706290721893311" lon="23.15044641494751" />
      <trkpt lat="-33.706676959991455" lon="23.150768280029297" />
      <trkpt lat="-33.706912994384766" lon="23.150854110717773" />
      <trkpt lat="-33.70704174041748" lon="23.150789737701416" />
      <trkpt lat="-33.708157539367676" lon="23.14993143081665" />
      <trkpt lat="-33.708372116088867" lon="23.149867057800293" />
      <trkpt lat="-33.708479404449463" lon="23.14995288848877" />
      <trkpt lat="-33.70854377746582" lon="23.150060176849365" />
      <trkpt lat="-33.708779811859131" lon="23.150961399078369" />
      <trkpt lat="-33.709080219268799" lon="23.151819705963135" />
      <trkpt lat="-33.709337711334229" lon="23.152205944061279" />
      <trkpt lat="-33.709681034088135" lon="23.1526780128479" />
      <trkpt lat="-33.710861206054688" lon="23.153750896453857" />
      <trkpt lat="-33.711590766906738" lon="23.154351711273193" />
      <trkpt lat="-33.712728023529053" lon="23.155167102813721" />
      <trkpt lat="-33.713843822479248" lon="23.156089782714844" />
      <trkpt lat="-33.714337348937988" lon="23.156411647796631" />
      <trkpt lat="-33.714873790740967" lon="23.156626224517822" />
      <trkpt lat="-33.715217113494873" lon="23.156712055206299" />
      <trkpt lat="-33.71579647064209" lon="23.15669059753418" />
      <trkpt lat="-33.716225624084473" lon="23.15692663192749" />
      <trkpt lat="-33.716847896575928" lon="23.157870769500732" />
      <trkpt lat="-33.717384338378906" lon="23.158793449401855" />
      <trkpt lat="-33.71779203414917" lon="23.159351348876953" />
      <trkpt lat="-33.718113899230957" lon="23.159844875335693" />
      <trkpt lat="-33.718371391296387" lon="23.160145282745361" />
      <trkpt lat="-33.718693256378174" lon="23.160617351531982" />
      <trkpt lat="-33.719165325164795" lon="23.161711692810059" />
      <trkpt lat="-33.719465732574463" lon="23.162226676940918" />
      <trkpt lat="-33.719830513000488" lon="23.16267728805542" />
      <trkpt lat="-33.720302581787109" lon="23.163063526153564" />
      <trkpt lat="-33.721139430999756" lon="23.163449764251709" />
      <trkpt lat="-33.721697330474854" lon="23.163514137268066" />
      <trkpt lat="-33.722705841064453" lon="23.163514137268066" />
      <trkpt lat="-33.724701404571533" lon="23.163471221923828" />
      <trkpt lat="-33.725302219390869" lon="23.163342475891113" />
      <trkpt lat="-33.725624084472656" lon="23.163235187530518" />
      <trkpt lat="-33.725795913487673" lon="23.163252202793956" />
      <trkpt lat="-33.725838661193848" lon="23.163256645202637" />
      <trkpt lat="-33.725714106112719" lon="23.164448635652661" />
      <trkpt lat="-33.725714106112719" lon="23.16444855183363" />
      <trkpt lat="-33.725669011473656" lon="23.164692968130112">
        <ele>874.55005100000005</ele>
      </trkpt>
      <trkpt lat="-33.727069040760398" lon="23.164820037782192">
        <ele>871.47380899999996</ele>
      </trkpt>
      <trkpt lat="-33.733703987672925" lon="23.166882991790771">
        <ele>892.18194700000004</ele>
      </trkpt>
      <trkpt lat="-33.73822895810008" lon="23.168197022750974">
        <ele>923.34489699999995</ele>
      </trkpt>
      <trkpt lat="-33.739596968516707" lon="23.168341023847461">
        <ele>925.92127900000003</ele>
      </trkpt>
      <trkpt lat="-33.74123596586287" lon="23.166936971247196">
        <ele>932.63707299999999</ele>
      </trkpt>
      <trkpt lat="-33.741650031879544" lon="23.168354015797377">
        <ele>939.043947</ele>
      </trkpt>
      <trkpt lat="-33.744324026629329" lon="23.170996997505426">
        <ele>950.71818199999996</ele>
      </trkpt>
      <trkpt lat="-33.745736964046955" lon="23.171080984175205">
        <ele>954.88480500000003</ele>
      </trkpt>
      <trkpt lat="-33.747682990506291" lon="23.168864976614714">
        <ele>968.16797299999996</ele>
      </trkpt>
      <trkpt lat="-33.748338958248496" lon="23.170912005007267">
        <ele>968.53728699999999</ele>
      </trkpt>
      <trkpt lat="-33.749339003115892" lon="23.171010995283723">
        <ele>966.614597</ele>
      </trkpt>
      <trkpt lat="-33.750404007732868" lon="23.170523000881076">
        <ele>966.40151000000003</ele>
      </trkpt>
      <trkpt lat="-33.75201802700758" lon="23.167762001976371">
        <ele>979.41604900000004</ele>
      </trkpt>
      <trkpt lat="-33.753877971321344" lon="23.169348025694489">
        <ele>985.56295</ele>
      </trkpt>
      <trkpt lat="-33.756413999944925" lon="23.163943039253354">
        <ele>1022.1809919999999</ele>
      </trkpt>
      <trkpt lat="-33.757518986240029" lon="23.162960009649396">
        <ele>1030.04405</ele>
      </trkpt>
      <trkpt lat="-33.758752970024943" lon="23.162787007167935">
        <ele>1024.8941910000001</ele>
      </trkpt>
      <trkpt lat="-33.75794998370111" lon="23.159971022978425">
        <ele>1014.631485</ele>
      </trkpt>
      <trkpt lat="-33.756933007389307" lon="23.159694001078606">
        <ele>1014.719506</ele>
      </trkpt>
      <trkpt lat="-33.756237979978323" lon="23.159282030537724">
        <ele>1003.537612</ele>
      </trkpt>
      <trkpt lat="-33.756810966879129" lon="23.1580710131675">
        <ele>990.58953799999995</ele>
      </trkpt>
      <trkpt lat="-33.757365010678768" lon="23.157403981313109">
        <ele>984.40775699999995</ele>
      </trkpt>
      <trkpt lat="-33.756542997434735" lon="23.156513990834355">
        <ele>974.80146200000001</ele>
      </trkpt>
      <trkpt lat="-33.758342005312443" lon="23.155755009502172">
        <ele>955.62116000000003</ele>
      </trkpt>
      <trkpt lat="-33.759442968294024" lon="23.153951978310943">
        <ele>942.23976700000003</ele>
      </trkpt>
      <trkpt lat="-33.759008031338453" lon="23.152996022254229">
        <ele>939.36717499999997</ele>
      </trkpt>
      <trkpt lat="-33.761872965842485" lon="23.150902977213264">
        <ele>912.41472599999997</ele>
      </trkpt>
      <trkpt lat="-33.761692000553012" lon="23.149968981742859">
        <ele>909.89870399999995</ele>
      </trkpt>
      <trkpt lat="-33.760499004274607" lon="23.148953011259437">
        <ele>902.78544299999999</ele>
      </trkpt>
      <trkpt lat="-33.760903012007475" lon="23.14760897308588">
        <ele>893.20368299999996</ele>
      </trkpt>
      <trkpt lat="-33.760509984567761" lon="23.147033974528313">
        <ele>889.45775900000001</ele>
      </trkpt>
      <trkpt lat="-33.759768018499017" lon="23.146911012008786">
        <ele>884.34949500000005</ele>
      </trkpt>
      <trkpt lat="-33.759824009612203" lon="23.146786959841847">
        <ele>883.65566999999999</ele>
      </trkpt>
      <trkpt lat="-33.761305008083582" lon="23.145450968295336">
        <ele>863.88341400000002</ele>
      </trkpt>
      <trkpt lat="-33.760588020086288" lon="23.144570030272007">
        <ele>860.62975200000005</ele>
      </trkpt>
      <trkpt lat="-33.761208029463887" lon="23.143819011747837">
        <ele>856.95946500000002</ele>
      </trkpt>
      <trkpt lat="-33.762434972450137" lon="23.141379961743951">
        <ele>841.59310700000003</ele>
      </trkpt>
      <trkpt lat="-33.761894004419446" lon="23.140663979575038">
        <ele>835.83895299999995</ele>
      </trkpt>
      <trkpt lat="-33.763002008199692" lon="23.140477985143661">
        <ele>827.343301</ele>
      </trkpt>
      <trkpt lat="-33.763337032869458" lon="23.140579992905259">
        <ele>824.55064900000002</ele>
      </trkpt>
      <trkpt lat="-33.764355015009642" lon="23.141197990626097">
        <ele>809.99081899999999</ele>
      </trkpt>
      <trkpt lat="-33.766507990658283" lon="23.139640968292952">
        <ele>793.73166500000002</ele>
      </trkpt>
      <trkpt lat="-33.768312027677894" lon="23.141693025827408">
        <ele>779.77982099999997</ele>
      </trkpt>
      <trkpt lat="-33.773432029411197" lon="23.146371971815825">
        <ele>715.89132500000005</ele>
      </trkpt>
      <trkpt lat="-33.77447197213769" lon="23.144509010016918">
        <ele>709.357394</ele>
      </trkpt>
      <trkpt lat="-33.774397037923336" lon="23.148146001622081">
        <ele>692.36402599999997</ele>
      </trkpt>
      <trkpt lat="-33.776321019977331" lon="23.152899965643883">
        <ele>663.24128299999995</ele>
      </trkpt>
      <trkpt lat="-33.778136037290096" lon="23.154451958835125">
        <ele>644.57766500000002</ele>
      </trkpt>
      <trkpt lat="-33.77980001270771" lon="23.153593987226486">
        <ele>620.26740400000006</ele>
      </trkpt>
      <trkpt lat="-33.779861032962799" lon="23.151054019108415">
        <ele>619.477576</ele>
      </trkpt>
      <trkpt lat="-33.781054029241204" lon="23.151709986850619">
        <ele>617.25923599999999</ele>
      </trkpt>
      <trkpt lat="-33.781517967581749" lon="23.153112027794123">
        <ele>606.55496000000005</ele>
      </trkpt>
      <trkpt lat="-33.781847041100264" lon="23.156464034691453">
        <ele>570.40409199999999</ele>
      </trkpt>
      <trkpt lat="-33.782815989106894" lon="23.156527988612652">
        <ele>562.88237500000002</ele>
      </trkpt>
      <trkpt lat="-33.782896958291531" lon="23.157749986276031">
        <ele>557.08366000000001</ele>
      </trkpt>
      <trkpt lat="-33.78392499871552" lon="23.159105004742742">
        <ele>543.81480099999999</ele>
      </trkpt>
      <trkpt lat="-33.783999010920525" lon="23.161725020036101">
        <ele>517.661517</ele>
      </trkpt>
      <trkpt lat="-33.786103036254644" lon="23.165319012477994">
        <ele>493.88412199999999</ele>
      </trkpt>
      <trkpt lat="-33.787222020328045" lon="23.166049998253584">
        <ele>493.58355399999999</ele>
      </trkpt>
      <trkpt lat="-33.787613036110997" lon="23.166784001514316">
        <ele>491.56396899999999</ele>
      </trkpt>
      <trkpt lat="-33.788595981895924" lon="23.170671025291085">
        <ele>479.18599799999998</ele>
      </trkpt>
      <trkpt lat="-33.792008003219962" lon="23.17474496550858">
        <ele>464.159245</ele>
      </trkpt>
      <trkpt lat="-33.793990993872285" lon="23.179645026102662">
        <ele>452.181984</ele>
      </trkpt>
      <trkpt lat="-33.796741012483835" lon="23.180798040702939">
        <ele>443.45338099999998</ele>
      </trkpt>
      <trkpt lat="-33.79685802385211" lon="23.180769039317966">
        <ele>442.959182</ele>
      </trkpt>
      <trkpt lat="-33.798129977658391" lon="23.18019999191165">
        <ele>434.82046300000002</ele>
      </trkpt>
      <trkpt lat="-33.800027975812554" lon="23.183179004117846">
        <ele>421.10904799999997</ele>
      </trkpt>
      <trkpt lat="-33.800986027345061" lon="23.180983029305935">
        <ele>404.26673</ele>
      </trkpt>
      <trkpt lat="-33.80089701153338" lon="23.177946014329791">
        <ele>391.73665199999999</ele>
      </trkpt>
      <trkpt lat="-33.802067963406444" lon="23.180549014359713">
        <ele>381.85490900000002</ele>
      </trkpt>
      <trkpt lat="-33.805413013324142" lon="23.181847035884857">
        <ele>349.58730500000001</ele>
      </trkpt>
      <trkpt lat="-33.808811036869884" lon="23.179819034412503">
        <ele>335.11145499999998</ele>
      </trkpt>
      <trkpt lat="-33.808370986953378" lon="23.178207026794553">
        <ele>328.24556000000001</ele>
      </trkpt>
      <trkpt lat="-33.811605982482433" lon="23.175195995718241">
        <ele>296.97726599999999</ele>
      </trkpt>
      <trkpt lat="-33.818572014570236" lon="23.174490993842483">
        <ele>321.957718</ele>
      </trkpt>
      <trkpt lat="-33.821068983525038" lon="23.177047977223992">
        <ele>355.55935399999998</ele>
      </trkpt>
      <trkpt lat="-33.822733964771032" lon="23.179697999730706">
        <ele>377.90402</ele>
      </trkpt>
      <trkpt lat="-33.823723029345274" lon="23.179805036634207">
        <ele>388.38818700000002</ele>
      </trkpt>
      <trkpt lat="-33.824949972331524" lon="23.183668004348874">
        <ele>406.73402399999998</ele>
      </trkpt>
      <trkpt lat="-33.826137017458677" lon="23.184013003483415">
        <ele>419.536564</ele>
      </trkpt>
      <trkpt lat="-33.827904006466269" lon="23.186865029856563">
        <ele>432.11892899999998</ele>
      </trkpt>
      <trkpt lat="-33.830457972362638" lon="23.183012958616018">
        <ele>476.20904899999999</ele>
      </trkpt>
      <trkpt lat="-33.831637976691127" lon="23.178509026765823">
        <ele>509.40760399999999</ele>
      </trkpt>
      <trkpt lat="-33.832942033186555" lon="23.178024971857667">
        <ele>522.25914999999998</ele>
      </trkpt>
      <trkpt lat="-33.83355600759387" lon="23.178784037008882">
        <ele>525.14605500000005</ele>
      </trkpt>
      <trkpt lat="-33.832924012094736" lon="23.181013958528638">
        <ele>526.43995099999995</ele>
      </trkpt>
      <trkpt lat="-33.834364023059607" lon="23.183046989142895">
        <ele>528.76820199999997</ele>
      </trkpt>
      <trkpt lat="-33.835121998563409" lon="23.182187005877495">
        <ele>531.42829800000004</ele>
      </trkpt>
      <trkpt lat="-33.836249029263854" lon="23.183833966031671">
        <ele>535.52061600000002</ele>
      </trkpt>
      <trkpt lat="-33.837569011375308" lon="23.184106964617968">
        <ele>541.11875499999996</ele>
      </trkpt>
      <trkpt lat="-33.838382977992296" lon="23.187662987038493">
        <ele>545.77212899999995</ele>
      </trkpt>
      <trkpt lat="-33.839502967894077" lon="23.188337981700897">
        <ele>547.08727699999997</ele>
      </trkpt>
      <trkpt lat="-33.840137980878353" lon="23.190293982625008">
        <ele>552.69462599999997</ele>
      </trkpt>
      <trkpt lat="-33.840901991352439" lon="23.190157022327185">
        <ele>556.43815400000005</ele>
      </trkpt>
      <trkpt lat="-33.841384034603834" lon="23.191521009430289">
        <ele>562.52811599999995</ele>
      </trkpt>
      <trkpt lat="-33.842907026410103" lon="23.19274703040719">
        <ele>570.64209500000004</ele>
      </trkpt>
      <trkpt lat="-33.844271013513207" lon="23.195032021030784">
        <ele>575.853657</ele>
      </trkpt>
      <trkpt lat="-33.846923969686031" lon="23.195434017106891">
        <ele>577.63409200000001</ele>
      </trkpt>
      <trkpt lat="-33.844359023496509" lon="23.182156998664141">
        <ele>502.44844799999998</ele>
      </trkpt>
      <trkpt lat="-33.84490099735558" lon="23.182696960866451">
        <ele>501.98598399999997</ele>
      </trkpt>
      <trkpt lat="-33.846657006070018" lon="23.185145985335112">
        <ele>486.40940799999998</ele>
      </trkpt>
      <trkpt lat="-33.850932028144598" lon="23.187992982566357">
        <ele>465.47890200000001</ele>
      </trkpt>
      <trkpt lat="-33.854400040581822" lon="23.187523009255528">
        <ele>456.61013600000001</ele>
      </trkpt>
      <trkpt lat="-33.856869013980031" lon="23.188533028587699">
        <ele>448.96945599999998</ele>
      </trkpt>
      <trkpt lat="-33.857658002525568" lon="23.187093017622828">
        <ele>440.544015</ele>
      </trkpt>
      <trkpt lat="-33.859884990379214" lon="23.185877976939082">
        <ele>439.606245</ele>
      </trkpt>
      <trkpt lat="-33.859902005642653" lon="23.184309974312782">
        <ele>446.83256599999999</ele>
      </trkpt>
      <trkpt lat="-33.861978035420179" lon="23.183988025411963">
        <ele>461.86911800000001</ele>
      </trkpt>
      <trkpt lat="-33.865283019840717" lon="23.189234007149935">
        <ele>496.49057499999998</ele>
      </trkpt>
      <trkpt lat="-33.866164963692427" lon="23.194190980866551">
        <ele>491.07070700000003</ele>
      </trkpt>
      <trkpt lat="-33.866302007809281" lon="23.194943005219102">
        <ele>488.26418100000001</ele>
      </trkpt>
      <trkpt lat="-33.86861901730299" lon="23.196705970913172">
        <ele>467.92796499999997</ele>
      </trkpt>
      <trkpt lat="-33.868980025872588" lon="23.198143970221281">
        <ele>452.89187500000003</ele>
      </trkpt>
      <trkpt lat="-33.870565965771675" lon="23.199527990072966">
        <ele>417.10049099999998</ele>
      </trkpt>
      <trkpt lat="-33.874000031501055" lon="23.201995035633445">
        <ele>310.80898100000002</ele>
      </trkpt>
      <trkpt lat="-33.878020998090506" lon="23.202461991459131">
        <ele>223.71891600000001</ele>
      </trkpt>
      <trkpt lat="-33.877410963177681" lon="23.201073026284575">
        <ele>224.72416000000001</ele>
      </trkpt>
      <trkpt lat="-33.878479991108179" lon="23.196626007556915">
        <ele>257.88858299999998</ele>
      </trkpt>
      <trkpt lat="-33.879794022068381" lon="23.200273979455233">
        <ele>278.91807</ele>
      </trkpt>
      <trkpt lat="-33.879955960437655" lon="23.198156040161848">
        <ele>295.50093700000002</ele>
      </trkpt>
      <trkpt lat="-33.881643991917372" lon="23.197790002450347">
        <ele>312.84382900000003</ele>
      </trkpt>
      <trkpt lat="-33.881854964420199" lon="23.196935970336199">
        <ele>319.84836100000001</ele>
      </trkpt>
      <trkpt lat="-33.880555015057325" lon="23.193016005679965">
        <ele>327.04106999999999</ele>
      </trkpt>
      <trkpt lat="-33.881022976711392" lon="23.190960008651018">
        <ele>335.00448499999999</ele>
      </trkpt>
      <trkpt lat="-33.880098033696413" lon="23.189872037619352">
        <ele>336.69924400000002</ele>
      </trkpt>
      <trkpt lat="-33.880217978730798" lon="23.186788000166416">
        <ele>345.258849</ele>
      </trkpt>
      <trkpt lat="-33.879294963553548" lon="23.186154998838902">
        <ele>347.57056</ele>
      </trkpt>
      <trkpt lat="-33.880012035369873" lon="23.182902988046408">
        <ele>379.70333399999998</ele>
      </trkpt>
      <trkpt lat="-33.879252970218658" lon="23.182165967300534">
        <ele>389.07324599999998</ele>
      </trkpt>
      <trkpt lat="-33.879505014047027" lon="23.177174963057041">
        <ele>423.26585499999999</ele>
      </trkpt>
      <trkpt lat="-33.878741003572941" lon="23.176172990351915">
        <ele>428.851812</ele>
      </trkpt>
      <trkpt lat="-33.87923201546073" lon="23.173392964527011">
        <ele>450.30934400000001</ele>
      </trkpt>
      <trkpt lat="-33.878595996648073" lon="23.172282027080655">
        <ele>461.400375</ele>
      </trkpt>
      <trkpt lat="-33.879284989088774" lon="23.167562009766698">
        <ele>512.40202399999998</ele>
      </trkpt>
      <trkpt lat="-33.880726005882025" lon="23.166054021567106">
        <ele>537.04109400000004</ele>
      </trkpt>
      <trkpt lat="-33.882169034332037" lon="23.158919010311365">
        <ele>529.91699400000005</ele>
      </trkpt>
      <trkpt lat="-33.884601965546608" lon="23.158197999000549">
        <ele>538.96129299999996</ele>
      </trkpt>
      <trkpt lat="-33.885167995467782" lon="23.159585958346725">
        <ele>545.89449300000001</ele>
      </trkpt>
      <trkpt lat="-33.886975971981883" lon="23.160895965993404">
        <ele>554.52596400000004</ele>
      </trkpt>
      <trkpt lat="-33.890668032690883" lon="23.172115981578827">
        <ele>545.74242100000004</ele>
      </trkpt>
      <trkpt lat="-33.891670005396008" lon="23.169045019894838">
        <ele>547.69260199999997</ele>
      </trkpt>
      <trkpt lat="-33.891599010676146" lon="23.162896977737546">
        <ele>560.44277799999998</ele>
      </trkpt>
      <trkpt lat="-33.895789962261915" lon="23.154584979638457">
        <ele>584.94509800000003</ele>
      </trkpt>
      <trkpt lat="-33.898109989240766" lon="23.154647005721927">
        <ele>599.91806799999995</ele>
      </trkpt>
      <trkpt lat="-33.901231996715069" lon="23.153157960623503">
        <ele>619.79912200000001</ele>
      </trkpt>
      <trkpt lat="-33.902122993022203" lon="23.151463977992535">
        <ele>623.159313</ele>
      </trkpt>
      <trkpt lat="-33.904248978942633" lon="23.151110010221601">
        <ele>626.08684700000003</ele>
      </trkpt>
      <trkpt lat="-33.905980009585619" lon="23.152612969279289">
        <ele>636.54316600000004</ele>
      </trkpt>
      <trkpt lat="-33.909237971529365" lon="23.151896987110376">
        <ele>661.18097499999999</ele>
      </trkpt>
      <trkpt lat="-33.912237016484141" lon="23.156767962500453">
        <ele>679.14311899999996</ele>
      </trkpt>
      <trkpt lat="-33.911585994064808" lon="23.152532000094652">
        <ele>686.81954499999995</ele>
      </trkpt>
      <trkpt lat="-33.911968963220716" lon="23.150510033592582">
        <ele>687.90539100000001</ele>
      </trkpt>
      <trkpt lat="-33.913764031603932" lon="23.14257999882102">
        <ele>687.49998900000003</ele>
      </trkpt>
      <trkpt lat="-33.914200980216265" lon="23.143154997378588">
        <ele>685.672462</ele>
      </trkpt>
      <trkpt lat="-33.915553987026215" lon="23.145490027964115">
        <ele>674.978836</ele>
      </trkpt>
      <trkpt lat="-33.915819022804499" lon="23.138317968696356">
        <ele>667.85255600000005</ele>
      </trkpt>
      <trkpt lat="-33.917073961347342" lon="23.137957965955138">
        <ele>665.85804399999995</ele>
      </trkpt>
      <trkpt lat="-33.918612962588668" lon="23.139047026634216">
        <ele>658.90369499999997</ele>
      </trkpt>
      <trkpt lat="-33.921023011207581" lon="23.143200008198619">
        <ele>642.50104399999998</ele>
      </trkpt>
      <trkpt lat="-33.923426019027829" lon="23.152681030333042">
        <ele>601.58870200000001</ele>
      </trkpt>
      <trkpt lat="-33.924195980653167" lon="23.157248999923468">
        <ele>568.91027299999996</ele>
      </trkpt>
      <trkpt lat="-33.925337009131908" lon="23.1587790325284">
        <ele>554.94012099999998</ele>
      </trkpt>
      <trkpt lat="-33.927514962852001" lon="23.158997967839241">
        <ele>542.18238599999995</ele>
      </trkpt>
      <trkpt lat="-33.928512996062636" lon="23.160945000126958">
        <ele>531.06984799999998</ele>
      </trkpt>
      <trkpt lat="-33.929069973528385" lon="23.160462034866214">
        <ele>527.06418900000006</ele>
      </trkpt>
      <trkpt lat="-33.929030997678638" lon="23.155102981254458">
        <ele>510.97783900000002</ele>
      </trkpt>
      <trkpt lat="-33.93021703697741" lon="23.152189012616873">
        <ele>505.37696199999999</ele>
      </trkpt>
      <trkpt lat="-33.930292977020144" lon="23.152276016771793">
        <ele>504.86571900000001</ele>
      </trkpt>
      <trkpt lat="-33.931863997131586" lon="23.157758032903075">
        <ele>473.30407100000002</ele>
      </trkpt>
      <trkpt lat="-33.933657975867391" lon="23.160503022372723">
        <ele>457.94945300000001</ele>
      </trkpt>
      <trkpt lat="-33.934378987178206" lon="23.160547027364373">
        <ele>456.11289599999998</ele>
      </trkpt>
      <trkpt lat="-33.93576099537313" lon="23.156908024102449">
        <ele>464.82499300000001</ele>
      </trkpt>
      <trkpt lat="-33.93638301640749" lon="23.156686993315816">
        <ele>466.898438</ele>
      </trkpt>
      <trkpt lat="-33.937854040414095" lon="23.157801032066345">
        <ele>466.36842300000001</ele>
      </trkpt>
      <trkpt lat="-33.940222011879086" lon="23.161363005638123">
        <ele>456.88069400000001</ele>
      </trkpt>
      <trkpt lat="-33.941655987873673" lon="23.161559980362654">
        <ele>451.27631100000002</ele>
      </trkpt>
      <trkpt lat="-33.948038974776864" lon="23.152909018099308">
        <ele>459.07856500000003</ele>
      </trkpt>
      <trkpt lat="-33.948280960321426" lon="23.152620010077953">
        <ele>458.93401</ele>
      </trkpt>
      <trkpt lat="-33.949649976566434" lon="23.148726029321551">
        <ele>451.41641700000002</ele>
      </trkpt>
      <trkpt lat="-33.951905965805054" lon="23.148212973028421">
        <ele>448.26662499999998</ele>
      </trkpt>
      <trkpt lat="-33.952622031792998" lon="23.148973966017365">
        <ele>446.19612899999998</ele>
      </trkpt>
      <trkpt lat="-33.954211995005608" lon="23.147889012470841">
        <ele>441.266346</ele>
      </trkpt>
      <trkpt lat="-33.955004001036286" lon="23.152970038354397">
        <ele>446.24000599999999</ele>
      </trkpt>
      <trkpt lat="-33.959479015320539" lon="23.157820980995893">
        <ele>443.49950999999999</ele>
      </trkpt>
      <trkpt lat="-33.96171698346734" lon="23.15905898809433">
        <ele>442.60323199999999</ele>
      </trkpt>
      <trkpt lat="-33.964545959606767" lon="23.152494030073285">
        <ele>424.78109599999999</ele>
      </trkpt>
      <trkpt lat="-33.969914987683296" lon="23.147626994177699">
        <ele>440.70287500000001</ele>
      </trkpt>
      <trkpt lat="-33.970540026202798" lon="23.146219002082944">
        <ele>446.53581100000002</ele>
      </trkpt>
      <trkpt lat="-33.972085984423757" lon="23.145929994061589">
        <ele>446.421201</ele>
      </trkpt>
      <trkpt lat="-33.972357977181673" lon="23.146151024848223">
        <ele>445.54878000000002</ele>
      </trkpt>
      <trkpt lat="-33.973564971238375" lon="23.147149980068207">
        <ele>433.11989399999999</ele>
      </trkpt>
      <trkpt lat="-33.974522016942501" lon="23.146681012585759">
        <ele>424.73211900000001</ele>
      </trkpt>
      <trkpt lat="-33.974814964458346" lon="23.143799984827638">
        <ele>410.16521</ele>
      </trkpt>
      <trkpt lat="-33.974938010796905" lon="23.143559005111456">
        <ele>409.00746900000001</ele>
      </trkpt>
      <trkpt lat="-33.976435018703341" lon="23.14187097363174">
        <ele>395.76258899999999</ele>
      </trkpt>
      <trkpt lat="-33.977718036621809" lon="23.137482041493058">
        <ele>376.47493700000001</ele>
      </trkpt>
      <trkpt lat="-33.979099038988352" lon="23.136469004675746">
        <ele>372.012339</ele>
      </trkpt>
      <trkpt lat="-33.98100801743567" lon="23.138043964281678">
        <ele>373.40757100000002</ele>
      </trkpt>
      <trkpt lat="-33.982608960941434" lon="23.144459975883365">
        <ele>369.22158100000001</ele>
      </trkpt>
      <trkpt lat="-33.984777024015784" lon="23.145476030185819">
        <ele>370.49512399999998</ele>
      </trkpt>
      <trkpt lat="-33.986547030508518" lon="23.147488022223115">
        <ele>364.052593</ele>
      </trkpt>
      <trkpt lat="-33.987952005118132" lon="23.147433958947659">
        <ele>364.10991799999999</ele>
      </trkpt>
      <trkpt lat="-33.989871963858604" lon="23.145492039620876">
        <ele>369.51710300000002</ele>
      </trkpt>
      <trkpt lat="-33.991311974823475" lon="23.142659962177277">
        <ele>382.54174799999998</ele>
      </trkpt>
      <trkpt lat="-33.993953028693795" lon="23.140165004879236">
        <ele>385.413612</ele>
      </trkpt>
      <trkpt lat="-33.995827976614237" lon="23.135161008685827">
        <ele>386.71710300000001</ele>
      </trkpt>
      <trkpt lat="-33.997523970901966" lon="23.133440036326647">
        <ele>382.97928400000001</ele>
      </trkpt>
      <trkpt lat="-33.997713988646865" lon="23.1325030233711">
        <ele>381.18210800000003</ele>
      </trkpt>
      <trkpt lat="-33.996569020673633" lon="23.129428960382938">
        <ele>373.79232999999999</ele>
      </trkpt>
      <trkpt lat="-33.997849021106958" lon="23.127481006085873">
        <ele>366.29907700000001</ele>
      </trkpt>
      <trkpt lat="-33.997778026387095" lon="23.123519970104098">
        <ele>346.82711</ele>
      </trkpt>
      <trkpt lat="-33.995737032964826" lon="23.118503987789154">
        <ele>312.10261600000001</ele>
      </trkpt>
      <trkpt lat="-33.996069962158799" lon="23.116269959136844">
        <ele>297.04399899999999</ele>
      </trkpt>
      <trkpt lat="-33.999001029878855" lon="23.115363037213683">
        <ele>269.150642</ele>
      </trkpt>
      <trkpt lat="-34.00464297272265" lon="23.118521003052592">
        <ele>224.8817</ele>
      </trkpt>
      <trkpt lat="-34.006246011704206" lon="23.117701001465321">
        <ele>226.78149099999999</ele>
      </trkpt>
      <trkpt lat="-34.006712967529893" lon="23.113964013755322">
        <ele>232.70619600000001</ele>
      </trkpt>
      <trkpt lat="-34.009026037529111" lon="23.112411014735699">
        <ele>239.88279399999999</ele>
      </trkpt>
      <trkpt lat="-34.013998014852405" lon="23.110230965539813">
        <ele>234.513071</ele>
      </trkpt>
      <trkpt lat="-34.017550013959408" lon="23.105339035391808">
        <ele>249.74895900000001</ele>
      </trkpt>
      <trkpt lat="-34.020189978182316" lon="23.105291007086635">
        <ele>264.87106499999999</ele>
      </trkpt>
      <trkpt lat="-34.02151096612215" lon="23.106510993093252">
        <ele>270.24034499999999</ele>
      </trkpt>
      <trkpt lat="-34.021681621670723" lon="23.106554998084903" />
      <trkpt lat="-34.021761417388916" lon="23.106586933135986" />
      <trkpt lat="-34.022941589355469" lon="23.106629848480225" />
      <trkpt lat="-34.023478031158447" lon="23.106715679168701" />
      <trkpt lat="-34.024078845977783" lon="23.107037544250488" />
      <trkpt lat="-34.025473594665527" lon="23.108389377593994" />
      <trkpt lat="-34.025838375091553" lon="23.108603954315186" />
      <trkpt lat="-34.02639627456665" lon="23.108625411987305" />
      <trkpt lat="-34.027233123779297" lon="23.108432292938232" />
      <trkpt lat="-34.027554988861084" lon="23.10849666595459" />
      <trkpt lat="-34.028048515319824" lon="23.108797073364258" />
      <trkpt lat="-34.028499126434326" lon="23.110191822052002" />
      <trkpt lat="-34.028778076171875" lon="23.110556602478027" />
      <trkpt lat="-34.030044078826904" lon="23.111178874969482" />
      <trkpt lat="-34.030387401580811" lon="23.11124324798584" />
      <trkpt lat="-34.030730724334717" lon="23.111200332641602" />
      <trkpt lat="-34.03113842010498" lon="23.111028671264648" />
      <trkpt lat="-34.033691883087158" lon="23.110084533691406" />
      <trkpt lat="-34.034507274627686" lon="23.109848499298096" />
      <trkpt lat="-34.035429954528809" lon="23.109784126281738" />
      <trkpt lat="-34.035923480987549" lon="23.1097412109375" />
      <trkpt lat="-34.036760330200195" lon="23.109548091888428" />
      <trkpt lat="-34.037017822265625" lon="23.109462261199951" />
      <trkpt lat="-34.03738260269165" lon="23.109161853790283" />
      <trkpt lat="-34.03789758682251" lon="23.108646869659424" />
      <trkpt lat="-34.038176536560059" lon="23.108174800872803" />
      <trkpt lat="-34.038519859313965" lon="23.107209205627441" />
      <trkpt lat="-34.038863182067871" lon="23.106029033660889" />
      <trkpt lat="-34.039099216461182" lon="23.105406761169434" />
      <trkpt lat="-34.039335250854492" lon="23.105063438415527" />
      <trkpt lat="-34.039485454559326" lon="23.104934692382812" />
      <trkpt lat="-34.039657115936279" lon="23.104870319366455" />
      <trkpt lat="-34.039914608001709" lon="23.104763031005859" />
      <trkpt lat="-34.040193557739258" lon="23.104784488677979" />
      <trkpt lat="-34.040429592132568" lon="23.104870319366455" />
      <trkpt lat="-34.041116237640381" lon="23.105170726776123" />
      <trkpt lat="-34.041416645050049" lon="23.105213642120361" />
      <trkpt lat="-34.041609764099121" lon="23.105213642120361" />
      <trkpt lat="-34.041802883148193" lon="23.105106353759766" />
      <trkpt lat="-34.04188871383667" lon="23.105020523071289" />
      <trkpt lat="-34.041738510131836" lon="23.104398250579834" />
      <trkpt lat="-34.041717052459717" lon="23.103840351104736" />
      <trkpt lat="-34.041738510131836" lon="23.103132247924805" />
      <trkpt lat="-34.041953086853027" lon="23.100707530975342" />
      <trkpt lat="-34.042081832885742" lon="23.099806308746338" />
      <trkpt lat="-34.042468070983887" lon="23.098518848419189" />
      <trkpt lat="-34.042725563049316" lon="23.097918033599854" />
      <trkpt lat="-34.044699668884277" lon="23.094184398651123" />
      <trkpt lat="-34.044849872589111" lon="23.093798160552979" />
      <trkpt lat="-34.045042991638184" lon="23.093132972717285" />
      <trkpt lat="-34.045107364654541" lon="23.092575073242188" />
      <trkpt lat="-34.045064449310303" lon="23.092103004455566" />
      <trkpt lat="-34.045021533966064" lon="23.091866970062256" />
      <trkpt lat="-34.044849872589111" lon="23.091094493865967" />
      <trkpt lat="-34.044313430786133" lon="23.089678287506104" />
      <trkpt lat="-34.044184684753418" lon="23.089141845703125" />
      <trkpt lat="-34.043905735015869" lon="23.086202144622803" />
      <trkpt lat="-34.042789936065674" lon="23.082146644592285" />
      <trkpt lat="-34.041996002197266" lon="23.079421520233154" />
      <trkpt lat="-34.041588306427002" lon="23.077833652496338" />
      <trkpt lat="-34.041416645050049" lon="23.076953887939453" />
      <trkpt lat="-34.040536880493164" lon="23.071954250335693" />
      <trkpt lat="-34.040021896362305" lon="23.068327903747559" />
      <trkpt lat="-34.03989315032959" lon="23.067963123321533" />
      <trkpt lat="-34.039292335510254" lon="23.066933155059814" />
      <trkpt lat="-34.039592742919922" lon="23.066847324371338" />
      <trkpt lat="-34.039721488952637" lon="23.066868782043457" />
      <trkpt lat="-34.040429592132568" lon="23.067104816436768" />
      <trkpt lat="-34.040429592132568" lon="23.067104816436768" />
      <trkpt lat="-34.040536880493164" lon="23.067169189453125">
        <ele>0</ele>
      </trkpt>
      <trkpt lat="-34.046716690063477" lon="23.069872856140137">
        <ele>0</ele>
      </trkpt>
      <trkpt lat="-34.060178026556969" lon="23.069460969418287">
        <ele>2.382628</ele>
      </trkpt>
      <trkpt lat="-34.065057970583439" lon="23.071653004735708">
        <ele>2.294849</ele>
      </trkpt>
      <trkpt lat="-34.071799032390118" lon="23.067835969850421">
        <ele>21.193743000000001</ele>
      </trkpt>
      <trkpt lat="-34.074197011068463" lon="23.063444020226598">
        <ele>37.019086000000001</ele>
      </trkpt>
      <trkpt lat="-34.07582201063633" lon="23.064599968492985">
        <ele>59.696528000000001</ele>
      </trkpt>
      <trkpt lat="-34.076984999701381" lon="23.063780972734094">
        <ele>73.783963</ele>
      </trkpt>
      <trkpt lat="-34.076714012771845" lon="23.064977992326021">
        <ele>81.306038999999998</ele>
      </trkpt>
      <trkpt lat="-34.077193960547447" lon="23.064633999019861">
        <ele>84.052948999999998</ele>
      </trkpt>
      <trkpt lat="-34.079480040818453" lon="23.065177984535694">
        <ele>77.015778999999995</ele>
      </trkpt>
      <trkpt lat="-34.079297985881567" lon="23.063876023516059">
        <ele>56.931717999999996</ele>
      </trkpt>
      <trkpt lat="-34.080632971599698" lon="23.063396997749805">
        <ele>48.433763999999996</ele>
      </trkpt>
    </trkseg>
  </trk>

</gpx>